[2026-05-25T11:05:39.481+0000] {processor.py:186} INFO - Started process (PID=175) to work on /opt/airflow/dags/pipeline.py
[2026-05-25T11:05:39.482+0000] {processor.py:914} INFO - Processing file /opt/airflow/dags/pipeline.py for tasks to queue
[2026-05-25T11:05:39.483+0000] {logging_mixin.py:190} INFO - [2026-05-25T11:05:39.483+0000] {dagbag.py:588} INFO - Filling up the DagBag from /opt/airflow/dags/pipeline.py
[2026-05-25T11:05:39.496+0000] {processor.py:925} INFO - DAG(s) 'lastfm_pipeline' retrieved from /opt/airflow/dags/pipeline.py
[2026-05-25T11:05:39.517+0000] {logging_mixin.py:190} INFO - [2026-05-25T11:05:39.517+0000] {dag.py:3239} INFO - Sync 1 DAGs
[2026-05-25T11:05:39.534+0000] {logging_mixin.py:190} INFO - [2026-05-25T11:05:39.534+0000] {dag.py:4180} INFO - Setting next_dagrun for lastfm_pipeline to 2026-05-24 00:00:00+00:00, run_after=2026-05-25 00:00:00+00:00
[2026-05-25T11:05:39.549+0000] {processor.py:208} INFO - Processing /opt/airflow/dags/pipeline.py took 0.072 seconds
[2026-05-25T11:06:09.647+0000] {processor.py:186} INFO - Started process (PID=180) to work on /opt/airflow/dags/pipeline.py
[2026-05-25T11:06:09.648+0000] {processor.py:914} INFO - Processing file /opt/airflow/dags/pipeline.py for tasks to queue
[2026-05-25T11:06:09.649+0000] {logging_mixin.py:190} INFO - [2026-05-25T11:06:09.648+0000] {dagbag.py:588} INFO - Filling up the DagBag from /opt/airflow/dags/pipeline.py
[2026-05-25T11:06:09.659+0000] {processor.py:925} INFO - DAG(s) 'lastfm_pipeline' retrieved from /opt/airflow/dags/pipeline.py
[2026-05-25T11:06:09.679+0000] {logging_mixin.py:190} INFO - [2026-05-25T11:06:09.679+0000] {dag.py:3239} INFO - Sync 1 DAGs
[2026-05-25T11:06:09.696+0000] {logging_mixin.py:190} INFO - [2026-05-25T11:06:09.696+0000] {dag.py:4180} INFO - Setting next_dagrun for lastfm_pipeline to 2026-05-24 00:00:00+00:00, run_after=2026-05-25 00:00:00+00:00
[2026-05-25T11:06:09.708+0000] {processor.py:208} INFO - Processing /opt/airflow/dags/pipeline.py took 0.064 seconds
[2026-05-25T11:06:39.836+0000] {processor.py:186} INFO - Started process (PID=185) to work on /opt/airflow/dags/pipeline.py
[2026-05-25T11:06:39.836+0000] {processor.py:914} INFO - Processing file /opt/airflow/dags/pipeline.py for tasks to queue
[2026-05-25T11:06:39.838+0000] {logging_mixin.py:190} INFO - [2026-05-25T11:06:39.837+0000] {dagbag.py:588} INFO - Filling up the DagBag from /opt/airflow/dags/pipeline.py
[2026-05-25T11:06:39.848+0000] {processor.py:925} INFO - DAG(s) 'lastfm_pipeline' retrieved from /opt/airflow/dags/pipeline.py
[2026-05-25T11:06:39.869+0000] {logging_mixin.py:190} INFO - [2026-05-25T11:06:39.869+0000] {dag.py:3239} INFO - Sync 1 DAGs
[2026-05-25T11:06:39.887+0000] {logging_mixin.py:190} INFO - [2026-05-25T11:06:39.886+0000] {dag.py:4180} INFO - Setting next_dagrun for lastfm_pipeline to 2026-05-24 00:00:00+00:00, run_after=2026-05-25 00:00:00+00:00
[2026-05-25T11:06:39.899+0000] {processor.py:208} INFO - Processing /opt/airflow/dags/pipeline.py took 0.067 seconds
[2026-05-25T11:07:09.936+0000] {processor.py:186} INFO - Started process (PID=190) to work on /opt/airflow/dags/pipeline.py
[2026-05-25T11:07:09.936+0000] {processor.py:914} INFO - Processing file /opt/airflow/dags/pipeline.py for tasks to queue
[2026-05-25T11:07:09.938+0000] {logging_mixin.py:190} INFO - [2026-05-25T11:07:09.938+0000] {dagbag.py:588} INFO - Filling up the DagBag from /opt/airflow/dags/pipeline.py
[2026-05-25T11:07:09.950+0000] {processor.py:925} INFO - DAG(s) 'lastfm_pipeline' retrieved from /opt/airflow/dags/pipeline.py
[2026-05-25T11:07:09.973+0000] {logging_mixin.py:190} INFO - [2026-05-25T11:07:09.972+0000] {dag.py:3239} INFO - Sync 1 DAGs
[2026-05-25T11:07:09.991+0000] {logging_mixin.py:190} INFO - [2026-05-25T11:07:09.991+0000] {dag.py:4180} INFO - Setting next_dagrun for lastfm_pipeline to 2026-05-24 00:00:00+00:00, run_after=2026-05-25 00:00:00+00:00
[2026-05-25T11:07:10.004+0000] {processor.py:208} INFO - Processing /opt/airflow/dags/pipeline.py took 0.073 seconds
[2026-05-25T11:07:40.127+0000] {processor.py:186} INFO - Started process (PID=195) to work on /opt/airflow/dags/pipeline.py
[2026-05-25T11:07:40.128+0000] {processor.py:914} INFO - Processing file /opt/airflow/dags/pipeline.py for tasks to queue
[2026-05-25T11:07:40.130+0000] {logging_mixin.py:190} INFO - [2026-05-25T11:07:40.130+0000] {dagbag.py:588} INFO - Filling up the DagBag from /opt/airflow/dags/pipeline.py
[2026-05-25T11:07:40.143+0000] {processor.py:925} INFO - DAG(s) 'lastfm_pipeline' retrieved from /opt/airflow/dags/pipeline.py
[2026-05-25T11:07:40.170+0000] {logging_mixin.py:190} INFO - [2026-05-25T11:07:40.169+0000] {dag.py:3239} INFO - Sync 1 DAGs
[2026-05-25T11:07:40.192+0000] {logging_mixin.py:190} INFO - [2026-05-25T11:07:40.192+0000] {dag.py:4180} INFO - Setting next_dagrun for lastfm_pipeline to 2026-05-24 00:00:00+00:00, run_after=2026-05-25 00:00:00+00:00
[2026-05-25T11:07:40.215+0000] {processor.py:208} INFO - Processing /opt/airflow/dags/pipeline.py took 0.093 seconds
[2026-05-25T11:08:10.305+0000] {processor.py:186} INFO - Started process (PID=200) to work on /opt/airflow/dags/pipeline.py
[2026-05-25T11:08:10.328+0000] {processor.py:914} INFO - Processing file /opt/airflow/dags/pipeline.py for tasks to queue
[2026-05-25T11:08:10.331+0000] {logging_mixin.py:190} INFO - [2026-05-25T11:08:10.330+0000] {dagbag.py:588} INFO - Filling up the DagBag from /opt/airflow/dags/pipeline.py
[2026-05-25T11:08:10.346+0000] {processor.py:925} INFO - DAG(s) 'lastfm_pipeline' retrieved from /opt/airflow/dags/pipeline.py
[2026-05-25T11:08:10.371+0000] {logging_mixin.py:190} INFO - [2026-05-25T11:08:10.371+0000] {dag.py:3239} INFO - Sync 1 DAGs
[2026-05-25T11:08:10.390+0000] {logging_mixin.py:190} INFO - [2026-05-25T11:08:10.390+0000] {dag.py:4180} INFO - Setting next_dagrun for lastfm_pipeline to 2026-05-24 00:00:00+00:00, run_after=2026-05-25 00:00:00+00:00
[2026-05-25T11:08:10.403+0000] {processor.py:208} INFO - Processing /opt/airflow/dags/pipeline.py took 0.117 seconds
[2026-05-25T11:08:40.490+0000] {processor.py:186} INFO - Started process (PID=205) to work on /opt/airflow/dags/pipeline.py
[2026-05-25T11:08:40.490+0000] {processor.py:914} INFO - Processing file /opt/airflow/dags/pipeline.py for tasks to queue
[2026-05-25T11:08:40.492+0000] {logging_mixin.py:190} INFO - [2026-05-25T11:08:40.492+0000] {dagbag.py:588} INFO - Filling up the DagBag from /opt/airflow/dags/pipeline.py
[2026-05-25T11:08:40.507+0000] {processor.py:925} INFO - DAG(s) 'lastfm_pipeline' retrieved from /opt/airflow/dags/pipeline.py
[2026-05-25T11:08:40.535+0000] {logging_mixin.py:190} INFO - [2026-05-25T11:08:40.535+0000] {dag.py:3239} INFO - Sync 1 DAGs
[2026-05-25T11:08:40.553+0000] {logging_mixin.py:190} INFO - [2026-05-25T11:08:40.553+0000] {dag.py:4180} INFO - Setting next_dagrun for lastfm_pipeline to 2026-05-24 00:00:00+00:00, run_after=2026-05-25 00:00:00+00:00
[2026-05-25T11:08:40.565+0000] {processor.py:208} INFO - Processing /opt/airflow/dags/pipeline.py took 0.079 seconds
[2026-05-25T11:09:10.674+0000] {processor.py:186} INFO - Started process (PID=210) to work on /opt/airflow/dags/pipeline.py
[2026-05-25T11:09:10.675+0000] {processor.py:914} INFO - Processing file /opt/airflow/dags/pipeline.py for tasks to queue
[2026-05-25T11:09:10.677+0000] {logging_mixin.py:190} INFO - [2026-05-25T11:09:10.677+0000] {dagbag.py:588} INFO - Filling up the DagBag from /opt/airflow/dags/pipeline.py
[2026-05-25T11:09:10.699+0000] {processor.py:925} INFO - DAG(s) 'lastfm_pipeline' retrieved from /opt/airflow/dags/pipeline.py
[2026-05-25T11:09:10.723+0000] {logging_mixin.py:190} INFO - [2026-05-25T11:09:10.723+0000] {dag.py:3239} INFO - Sync 1 DAGs
[2026-05-25T11:09:10.741+0000] {logging_mixin.py:190} INFO - [2026-05-25T11:09:10.741+0000] {dag.py:4180} INFO - Setting next_dagrun for lastfm_pipeline to 2026-05-24 00:00:00+00:00, run_after=2026-05-25 00:00:00+00:00
[2026-05-25T11:09:10.754+0000] {processor.py:208} INFO - Processing /opt/airflow/dags/pipeline.py took 0.086 seconds
[2026-05-25T11:09:40.835+0000] {processor.py:186} INFO - Started process (PID=215) to work on /opt/airflow/dags/pipeline.py
[2026-05-25T11:09:40.836+0000] {processor.py:914} INFO - Processing file /opt/airflow/dags/pipeline.py for tasks to queue
[2026-05-25T11:09:40.837+0000] {logging_mixin.py:190} INFO - [2026-05-25T11:09:40.837+0000] {dagbag.py:588} INFO - Filling up the DagBag from /opt/airflow/dags/pipeline.py
[2026-05-25T11:09:40.863+0000] {processor.py:925} INFO - DAG(s) 'lastfm_pipeline' retrieved from /opt/airflow/dags/pipeline.py
[2026-05-25T11:09:40.891+0000] {logging_mixin.py:190} INFO - [2026-05-25T11:09:40.891+0000] {dag.py:3239} INFO - Sync 1 DAGs
[2026-05-25T11:09:40.916+0000] {logging_mixin.py:190} INFO - [2026-05-25T11:09:40.916+0000] {dag.py:4180} INFO - Setting next_dagrun for lastfm_pipeline to 2026-05-24 00:00:00+00:00, run_after=2026-05-25 00:00:00+00:00
[2026-05-25T11:09:40.929+0000] {processor.py:208} INFO - Processing /opt/airflow/dags/pipeline.py took 0.098 seconds
[2026-05-25T11:10:11.028+0000] {processor.py:186} INFO - Started process (PID=220) to work on /opt/airflow/dags/pipeline.py
[2026-05-25T11:10:11.029+0000] {processor.py:914} INFO - Processing file /opt/airflow/dags/pipeline.py for tasks to queue
[2026-05-25T11:10:11.030+0000] {logging_mixin.py:190} INFO - [2026-05-25T11:10:11.030+0000] {dagbag.py:588} INFO - Filling up the DagBag from /opt/airflow/dags/pipeline.py
[2026-05-25T11:10:11.041+0000] {processor.py:925} INFO - DAG(s) 'lastfm_pipeline' retrieved from /opt/airflow/dags/pipeline.py
[2026-05-25T11:10:11.062+0000] {logging_mixin.py:190} INFO - [2026-05-25T11:10:11.062+0000] {dag.py:3239} INFO - Sync 1 DAGs
[2026-05-25T11:10:11.079+0000] {logging_mixin.py:190} INFO - [2026-05-25T11:10:11.079+0000] {dag.py:4180} INFO - Setting next_dagrun for lastfm_pipeline to 2026-05-24 00:00:00+00:00, run_after=2026-05-25 00:00:00+00:00
[2026-05-25T11:10:11.092+0000] {processor.py:208} INFO - Processing /opt/airflow/dags/pipeline.py took 0.068 seconds
[2026-05-25T11:10:41.204+0000] {processor.py:186} INFO - Started process (PID=225) to work on /opt/airflow/dags/pipeline.py
[2026-05-25T11:10:41.205+0000] {processor.py:914} INFO - Processing file /opt/airflow/dags/pipeline.py for tasks to queue
[2026-05-25T11:10:41.207+0000] {logging_mixin.py:190} INFO - [2026-05-25T11:10:41.206+0000] {dagbag.py:588} INFO - Filling up the DagBag from /opt/airflow/dags/pipeline.py
[2026-05-25T11:10:41.221+0000] {processor.py:925} INFO - DAG(s) 'lastfm_pipeline' retrieved from /opt/airflow/dags/pipeline.py
[2026-05-25T11:10:41.244+0000] {logging_mixin.py:190} INFO - [2026-05-25T11:10:41.244+0000] {dag.py:3239} INFO - Sync 1 DAGs
[2026-05-25T11:10:41.265+0000] {logging_mixin.py:190} INFO - [2026-05-25T11:10:41.265+0000] {dag.py:4180} INFO - Setting next_dagrun for lastfm_pipeline to 2026-05-24 00:00:00+00:00, run_after=2026-05-25 00:00:00+00:00
[2026-05-25T11:10:41.277+0000] {processor.py:208} INFO - Processing /opt/airflow/dags/pipeline.py took 0.079 seconds
[2026-05-25T11:11:11.384+0000] {processor.py:186} INFO - Started process (PID=230) to work on /opt/airflow/dags/pipeline.py
[2026-05-25T11:11:11.385+0000] {processor.py:914} INFO - Processing file /opt/airflow/dags/pipeline.py for tasks to queue
[2026-05-25T11:11:11.387+0000] {logging_mixin.py:190} INFO - [2026-05-25T11:11:11.386+0000] {dagbag.py:588} INFO - Filling up the DagBag from /opt/airflow/dags/pipeline.py
[2026-05-25T11:11:11.405+0000] {processor.py:925} INFO - DAG(s) 'lastfm_pipeline' retrieved from /opt/airflow/dags/pipeline.py
[2026-05-25T11:11:11.440+0000] {logging_mixin.py:190} INFO - [2026-05-25T11:11:11.439+0000] {dag.py:3239} INFO - Sync 1 DAGs
[2026-05-25T11:11:11.469+0000] {logging_mixin.py:190} INFO - [2026-05-25T11:11:11.469+0000] {dag.py:4180} INFO - Setting next_dagrun for lastfm_pipeline to 2026-05-24 00:00:00+00:00, run_after=2026-05-25 00:00:00+00:00
[2026-05-25T11:11:11.497+0000] {processor.py:208} INFO - Processing /opt/airflow/dags/pipeline.py took 0.118 seconds
[2026-05-25T11:11:41.549+0000] {processor.py:186} INFO - Started process (PID=235) to work on /opt/airflow/dags/pipeline.py
[2026-05-25T11:11:41.550+0000] {processor.py:914} INFO - Processing file /opt/airflow/dags/pipeline.py for tasks to queue
[2026-05-25T11:11:41.553+0000] {logging_mixin.py:190} INFO - [2026-05-25T11:11:41.553+0000] {dagbag.py:588} INFO - Filling up the DagBag from /opt/airflow/dags/pipeline.py
[2026-05-25T11:11:41.576+0000] {processor.py:925} INFO - DAG(s) 'lastfm_pipeline' retrieved from /opt/airflow/dags/pipeline.py
[2026-05-25T11:11:41.606+0000] {logging_mixin.py:190} INFO - [2026-05-25T11:11:41.606+0000] {dag.py:3239} INFO - Sync 1 DAGs
[2026-05-25T11:11:41.626+0000] {logging_mixin.py:190} INFO - [2026-05-25T11:11:41.625+0000] {dag.py:4180} INFO - Setting next_dagrun for lastfm_pipeline to 2026-05-24 00:00:00+00:00, run_after=2026-05-25 00:00:00+00:00
[2026-05-25T11:11:41.639+0000] {processor.py:208} INFO - Processing /opt/airflow/dags/pipeline.py took 0.098 seconds
[2026-05-25T11:12:11.792+0000] {processor.py:186} INFO - Started process (PID=240) to work on /opt/airflow/dags/pipeline.py
[2026-05-25T11:12:11.793+0000] {processor.py:914} INFO - Processing file /opt/airflow/dags/pipeline.py for tasks to queue
[2026-05-25T11:12:11.798+0000] {logging_mixin.py:190} INFO - [2026-05-25T11:12:11.798+0000] {dagbag.py:588} INFO - Filling up the DagBag from /opt/airflow/dags/pipeline.py
[2026-05-25T11:12:11.825+0000] {processor.py:925} INFO - DAG(s) 'lastfm_pipeline' retrieved from /opt/airflow/dags/pipeline.py
[2026-05-25T11:12:11.881+0000] {logging_mixin.py:190} INFO - [2026-05-25T11:12:11.881+0000] {dag.py:3239} INFO - Sync 1 DAGs
[2026-05-25T11:12:11.932+0000] {logging_mixin.py:190} INFO - [2026-05-25T11:12:11.931+0000] {dag.py:4180} INFO - Setting next_dagrun for lastfm_pipeline to 2026-05-24 00:00:00+00:00, run_after=2026-05-25 00:00:00+00:00
[2026-05-25T11:12:11.965+0000] {processor.py:208} INFO - Processing /opt/airflow/dags/pipeline.py took 0.181 seconds
[2026-05-25T11:12:42.052+0000] {processor.py:186} INFO - Started process (PID=245) to work on /opt/airflow/dags/pipeline.py
[2026-05-25T11:12:42.053+0000] {processor.py:914} INFO - Processing file /opt/airflow/dags/pipeline.py for tasks to queue
[2026-05-25T11:12:42.057+0000] {logging_mixin.py:190} INFO - [2026-05-25T11:12:42.056+0000] {dagbag.py:588} INFO - Filling up the DagBag from /opt/airflow/dags/pipeline.py
[2026-05-25T11:12:42.091+0000] {processor.py:925} INFO - DAG(s) 'lastfm_pipeline' retrieved from /opt/airflow/dags/pipeline.py
[2026-05-25T11:12:42.149+0000] {logging_mixin.py:190} INFO - [2026-05-25T11:12:42.149+0000] {dag.py:3239} INFO - Sync 1 DAGs
[2026-05-25T11:12:42.197+0000] {logging_mixin.py:190} INFO - [2026-05-25T11:12:42.196+0000] {dag.py:4180} INFO - Setting next_dagrun for lastfm_pipeline to 2026-05-24 00:00:00+00:00, run_after=2026-05-25 00:00:00+00:00
[2026-05-25T11:12:42.230+0000] {processor.py:208} INFO - Processing /opt/airflow/dags/pipeline.py took 0.191 seconds
[2026-05-25T11:13:12.462+0000] {processor.py:186} INFO - Started process (PID=250) to work on /opt/airflow/dags/pipeline.py
[2026-05-25T11:13:12.465+0000] {processor.py:914} INFO - Processing file /opt/airflow/dags/pipeline.py for tasks to queue
[2026-05-25T11:13:12.468+0000] {logging_mixin.py:190} INFO - [2026-05-25T11:13:12.468+0000] {dagbag.py:588} INFO - Filling up the DagBag from /opt/airflow/dags/pipeline.py
[2026-05-25T11:13:12.494+0000] {processor.py:925} INFO - DAG(s) 'lastfm_pipeline' retrieved from /opt/airflow/dags/pipeline.py
[2026-05-25T11:13:12.548+0000] {logging_mixin.py:190} INFO - [2026-05-25T11:13:12.547+0000] {dag.py:3239} INFO - Sync 1 DAGs
[2026-05-25T11:13:12.598+0000] {logging_mixin.py:190} INFO - [2026-05-25T11:13:12.598+0000] {dag.py:4180} INFO - Setting next_dagrun for lastfm_pipeline to 2026-05-24 00:00:00+00:00, run_after=2026-05-25 00:00:00+00:00
[2026-05-25T11:13:12.633+0000] {processor.py:208} INFO - Processing /opt/airflow/dags/pipeline.py took 0.181 seconds
[2026-05-25T11:13:42.745+0000] {processor.py:186} INFO - Started process (PID=255) to work on /opt/airflow/dags/pipeline.py
[2026-05-25T11:13:42.749+0000] {processor.py:914} INFO - Processing file /opt/airflow/dags/pipeline.py for tasks to queue
[2026-05-25T11:13:42.753+0000] {logging_mixin.py:190} INFO - [2026-05-25T11:13:42.752+0000] {dagbag.py:588} INFO - Filling up the DagBag from /opt/airflow/dags/pipeline.py
[2026-05-25T11:13:42.788+0000] {processor.py:925} INFO - DAG(s) 'lastfm_pipeline' retrieved from /opt/airflow/dags/pipeline.py
[2026-05-25T11:13:42.851+0000] {logging_mixin.py:190} INFO - [2026-05-25T11:13:42.850+0000] {dag.py:3239} INFO - Sync 1 DAGs
[2026-05-25T11:13:42.903+0000] {logging_mixin.py:190} INFO - [2026-05-25T11:13:42.903+0000] {dag.py:4180} INFO - Setting next_dagrun for lastfm_pipeline to 2026-05-24 00:00:00+00:00, run_after=2026-05-25 00:00:00+00:00
[2026-05-25T11:13:42.939+0000] {processor.py:208} INFO - Processing /opt/airflow/dags/pipeline.py took 0.205 seconds
[2026-05-25T11:14:13.136+0000] {processor.py:186} INFO - Started process (PID=260) to work on /opt/airflow/dags/pipeline.py
[2026-05-25T11:14:13.137+0000] {processor.py:914} INFO - Processing file /opt/airflow/dags/pipeline.py for tasks to queue
[2026-05-25T11:14:13.141+0000] {logging_mixin.py:190} INFO - [2026-05-25T11:14:13.140+0000] {dagbag.py:588} INFO - Filling up the DagBag from /opt/airflow/dags/pipeline.py
[2026-05-25T11:14:13.174+0000] {processor.py:925} INFO - DAG(s) 'lastfm_pipeline' retrieved from /opt/airflow/dags/pipeline.py
[2026-05-25T11:14:13.229+0000] {logging_mixin.py:190} INFO - [2026-05-25T11:14:13.229+0000] {dag.py:3239} INFO - Sync 1 DAGs
[2026-05-25T11:14:13.279+0000] {logging_mixin.py:190} INFO - [2026-05-25T11:14:13.279+0000] {dag.py:4180} INFO - Setting next_dagrun for lastfm_pipeline to 2026-05-24 00:00:00+00:00, run_after=2026-05-25 00:00:00+00:00
[2026-05-25T11:14:13.314+0000] {processor.py:208} INFO - Processing /opt/airflow/dags/pipeline.py took 0.190 seconds
[2026-05-25T11:14:43.442+0000] {processor.py:186} INFO - Started process (PID=265) to work on /opt/airflow/dags/pipeline.py
[2026-05-25T11:14:43.446+0000] {processor.py:914} INFO - Processing file /opt/airflow/dags/pipeline.py for tasks to queue
[2026-05-25T11:14:43.450+0000] {logging_mixin.py:190} INFO - [2026-05-25T11:14:43.449+0000] {dagbag.py:588} INFO - Filling up the DagBag from /opt/airflow/dags/pipeline.py
[2026-05-25T11:14:43.485+0000] {processor.py:925} INFO - DAG(s) 'lastfm_pipeline' retrieved from /opt/airflow/dags/pipeline.py
[2026-05-25T11:14:43.541+0000] {logging_mixin.py:190} INFO - [2026-05-25T11:14:43.540+0000] {dag.py:3239} INFO - Sync 1 DAGs
[2026-05-25T11:14:43.590+0000] {logging_mixin.py:190} INFO - [2026-05-25T11:14:43.589+0000] {dag.py:4180} INFO - Setting next_dagrun for lastfm_pipeline to 2026-05-24 00:00:00+00:00, run_after=2026-05-25 00:00:00+00:00
[2026-05-25T11:14:43.620+0000] {processor.py:208} INFO - Processing /opt/airflow/dags/pipeline.py took 0.189 seconds
[2026-05-25T11:15:13.812+0000] {processor.py:186} INFO - Started process (PID=270) to work on /opt/airflow/dags/pipeline.py
[2026-05-25T11:15:13.813+0000] {processor.py:914} INFO - Processing file /opt/airflow/dags/pipeline.py for tasks to queue
[2026-05-25T11:15:13.817+0000] {logging_mixin.py:190} INFO - [2026-05-25T11:15:13.816+0000] {dagbag.py:588} INFO - Filling up the DagBag from /opt/airflow/dags/pipeline.py
[2026-05-25T11:15:13.851+0000] {processor.py:925} INFO - DAG(s) 'lastfm_pipeline' retrieved from /opt/airflow/dags/pipeline.py
[2026-05-25T11:15:13.909+0000] {logging_mixin.py:190} INFO - [2026-05-25T11:15:13.908+0000] {dag.py:3239} INFO - Sync 1 DAGs
[2026-05-25T11:15:13.959+0000] {logging_mixin.py:190} INFO - [2026-05-25T11:15:13.959+0000] {dag.py:4180} INFO - Setting next_dagrun for lastfm_pipeline to 2026-05-24 00:00:00+00:00, run_after=2026-05-25 00:00:00+00:00
[2026-05-25T11:15:13.991+0000] {processor.py:208} INFO - Processing /opt/airflow/dags/pipeline.py took 0.190 seconds
[2026-05-25T11:15:44.116+0000] {processor.py:186} INFO - Started process (PID=275) to work on /opt/airflow/dags/pipeline.py
[2026-05-25T11:15:44.119+0000] {processor.py:914} INFO - Processing file /opt/airflow/dags/pipeline.py for tasks to queue
[2026-05-25T11:15:44.124+0000] {logging_mixin.py:190} INFO - [2026-05-25T11:15:44.123+0000] {dagbag.py:588} INFO - Filling up the DagBag from /opt/airflow/dags/pipeline.py
[2026-05-25T11:15:44.157+0000] {processor.py:925} INFO - DAG(s) 'lastfm_pipeline' retrieved from /opt/airflow/dags/pipeline.py
[2026-05-25T11:15:44.214+0000] {logging_mixin.py:190} INFO - [2026-05-25T11:15:44.214+0000] {dag.py:3239} INFO - Sync 1 DAGs
[2026-05-25T11:15:44.262+0000] {logging_mixin.py:190} INFO - [2026-05-25T11:15:44.261+0000] {dag.py:4180} INFO - Setting next_dagrun for lastfm_pipeline to 2026-05-24 00:00:00+00:00, run_after=2026-05-25 00:00:00+00:00
[2026-05-25T11:15:44.293+0000] {processor.py:208} INFO - Processing /opt/airflow/dags/pipeline.py took 0.188 seconds
[2026-05-25T11:16:14.508+0000] {processor.py:186} INFO - Started process (PID=280) to work on /opt/airflow/dags/pipeline.py
[2026-05-25T11:16:14.510+0000] {processor.py:914} INFO - Processing file /opt/airflow/dags/pipeline.py for tasks to queue
[2026-05-25T11:16:14.514+0000] {logging_mixin.py:190} INFO - [2026-05-25T11:16:14.514+0000] {dagbag.py:588} INFO - Filling up the DagBag from /opt/airflow/dags/pipeline.py
[2026-05-25T11:16:14.548+0000] {processor.py:925} INFO - DAG(s) 'lastfm_pipeline' retrieved from /opt/airflow/dags/pipeline.py
[2026-05-25T11:16:14.605+0000] {logging_mixin.py:190} INFO - [2026-05-25T11:16:14.604+0000] {dag.py:3239} INFO - Sync 1 DAGs
[2026-05-25T11:16:14.651+0000] {logging_mixin.py:190} INFO - [2026-05-25T11:16:14.651+0000] {dag.py:4180} INFO - Setting next_dagrun for lastfm_pipeline to 2026-05-24 00:00:00+00:00, run_after=2026-05-25 00:00:00+00:00
[2026-05-25T11:16:14.684+0000] {processor.py:208} INFO - Processing /opt/airflow/dags/pipeline.py took 0.187 seconds
[2026-05-25T11:16:44.803+0000] {processor.py:186} INFO - Started process (PID=285) to work on /opt/airflow/dags/pipeline.py
[2026-05-25T11:16:44.806+0000] {processor.py:914} INFO - Processing file /opt/airflow/dags/pipeline.py for tasks to queue
[2026-05-25T11:16:44.810+0000] {logging_mixin.py:190} INFO - [2026-05-25T11:16:44.810+0000] {dagbag.py:588} INFO - Filling up the DagBag from /opt/airflow/dags/pipeline.py
[2026-05-25T11:16:44.844+0000] {processor.py:925} INFO - DAG(s) 'lastfm_pipeline' retrieved from /opt/airflow/dags/pipeline.py
[2026-05-25T11:16:44.905+0000] {logging_mixin.py:190} INFO - [2026-05-25T11:16:44.904+0000] {dag.py:3239} INFO - Sync 1 DAGs
[2026-05-25T11:16:44.954+0000] {logging_mixin.py:190} INFO - [2026-05-25T11:16:44.953+0000] {dag.py:4180} INFO - Setting next_dagrun for lastfm_pipeline to 2026-05-24 00:00:00+00:00, run_after=2026-05-25 00:00:00+00:00
[2026-05-25T11:16:44.987+0000] {processor.py:208} INFO - Processing /opt/airflow/dags/pipeline.py took 0.196 seconds
[2026-05-25T11:17:15.192+0000] {processor.py:186} INFO - Started process (PID=290) to work on /opt/airflow/dags/pipeline.py
[2026-05-25T11:17:15.194+0000] {processor.py:914} INFO - Processing file /opt/airflow/dags/pipeline.py for tasks to queue
[2026-05-25T11:17:15.197+0000] {logging_mixin.py:190} INFO - [2026-05-25T11:17:15.197+0000] {dagbag.py:588} INFO - Filling up the DagBag from /opt/airflow/dags/pipeline.py
[2026-05-25T11:17:15.231+0000] {processor.py:925} INFO - DAG(s) 'lastfm_pipeline' retrieved from /opt/airflow/dags/pipeline.py
[2026-05-25T11:17:15.288+0000] {logging_mixin.py:190} INFO - [2026-05-25T11:17:15.287+0000] {dag.py:3239} INFO - Sync 1 DAGs
[2026-05-25T11:17:15.337+0000] {logging_mixin.py:190} INFO - [2026-05-25T11:17:15.336+0000] {dag.py:4180} INFO - Setting next_dagrun for lastfm_pipeline to 2026-05-24 00:00:00+00:00, run_after=2026-05-25 00:00:00+00:00
[2026-05-25T11:17:15.370+0000] {processor.py:208} INFO - Processing /opt/airflow/dags/pipeline.py took 0.189 seconds
[2026-05-25T11:17:45.490+0000] {processor.py:186} INFO - Started process (PID=295) to work on /opt/airflow/dags/pipeline.py
[2026-05-25T11:17:45.494+0000] {processor.py:914} INFO - Processing file /opt/airflow/dags/pipeline.py for tasks to queue
[2026-05-25T11:17:45.498+0000] {logging_mixin.py:190} INFO - [2026-05-25T11:17:45.497+0000] {dagbag.py:588} INFO - Filling up the DagBag from /opt/airflow/dags/pipeline.py
[2026-05-25T11:17:45.531+0000] {processor.py:925} INFO - DAG(s) 'lastfm_pipeline' retrieved from /opt/airflow/dags/pipeline.py
[2026-05-25T11:17:45.590+0000] {logging_mixin.py:190} INFO - [2026-05-25T11:17:45.590+0000] {dag.py:3239} INFO - Sync 1 DAGs
[2026-05-25T11:17:45.633+0000] {logging_mixin.py:190} INFO - [2026-05-25T11:17:45.633+0000] {dag.py:4180} INFO - Setting next_dagrun for lastfm_pipeline to 2026-05-24 00:00:00+00:00, run_after=2026-05-25 00:00:00+00:00
[2026-05-25T11:17:45.664+0000] {processor.py:208} INFO - Processing /opt/airflow/dags/pipeline.py took 0.184 seconds
[2026-05-25T11:18:15.866+0000] {processor.py:186} INFO - Started process (PID=300) to work on /opt/airflow/dags/pipeline.py
[2026-05-25T11:18:15.867+0000] {processor.py:914} INFO - Processing file /opt/airflow/dags/pipeline.py for tasks to queue
[2026-05-25T11:18:15.871+0000] {logging_mixin.py:190} INFO - [2026-05-25T11:18:15.870+0000] {dagbag.py:588} INFO - Filling up the DagBag from /opt/airflow/dags/pipeline.py
[2026-05-25T11:18:15.899+0000] {processor.py:925} INFO - DAG(s) 'lastfm_pipeline' retrieved from /opt/airflow/dags/pipeline.py
[2026-05-25T11:18:15.954+0000] {logging_mixin.py:190} INFO - [2026-05-25T11:18:15.953+0000] {dag.py:3239} INFO - Sync 1 DAGs
[2026-05-25T11:18:16.007+0000] {logging_mixin.py:190} INFO - [2026-05-25T11:18:16.006+0000] {dag.py:4180} INFO - Setting next_dagrun for lastfm_pipeline to 2026-05-24 00:00:00+00:00, run_after=2026-05-25 00:00:00+00:00
[2026-05-25T11:18:16.045+0000] {processor.py:208} INFO - Processing /opt/airflow/dags/pipeline.py took 0.190 seconds
[2026-05-25T11:18:46.146+0000] {processor.py:186} INFO - Started process (PID=305) to work on /opt/airflow/dags/pipeline.py
[2026-05-25T11:18:46.149+0000] {processor.py:914} INFO - Processing file /opt/airflow/dags/pipeline.py for tasks to queue
[2026-05-25T11:18:46.154+0000] {logging_mixin.py:190} INFO - [2026-05-25T11:18:46.153+0000] {dagbag.py:588} INFO - Filling up the DagBag from /opt/airflow/dags/pipeline.py
[2026-05-25T11:18:46.187+0000] {processor.py:925} INFO - DAG(s) 'lastfm_pipeline' retrieved from /opt/airflow/dags/pipeline.py
[2026-05-25T11:18:46.244+0000] {logging_mixin.py:190} INFO - [2026-05-25T11:18:46.243+0000] {dag.py:3239} INFO - Sync 1 DAGs
[2026-05-25T11:18:46.292+0000] {logging_mixin.py:190} INFO - [2026-05-25T11:18:46.292+0000] {dag.py:4180} INFO - Setting next_dagrun for lastfm_pipeline to 2026-05-24 00:00:00+00:00, run_after=2026-05-25 00:00:00+00:00
[2026-05-25T11:18:46.325+0000] {processor.py:208} INFO - Processing /opt/airflow/dags/pipeline.py took 0.190 seconds
[2026-05-25T11:19:16.549+0000] {processor.py:186} INFO - Started process (PID=310) to work on /opt/airflow/dags/pipeline.py
[2026-05-25T11:19:16.550+0000] {processor.py:914} INFO - Processing file /opt/airflow/dags/pipeline.py for tasks to queue
[2026-05-25T11:19:16.554+0000] {logging_mixin.py:190} INFO - [2026-05-25T11:19:16.553+0000] {dagbag.py:588} INFO - Filling up the DagBag from /opt/airflow/dags/pipeline.py
[2026-05-25T11:19:16.588+0000] {processor.py:925} INFO - DAG(s) 'lastfm_pipeline' retrieved from /opt/airflow/dags/pipeline.py
[2026-05-25T11:19:16.645+0000] {logging_mixin.py:190} INFO - [2026-05-25T11:19:16.645+0000] {dag.py:3239} INFO - Sync 1 DAGs
[2026-05-25T11:19:16.696+0000] {logging_mixin.py:190} INFO - [2026-05-25T11:19:16.695+0000] {dag.py:4180} INFO - Setting next_dagrun for lastfm_pipeline to 2026-05-24 00:00:00+00:00, run_after=2026-05-25 00:00:00+00:00
[2026-05-25T11:19:16.735+0000] {processor.py:208} INFO - Processing /opt/airflow/dags/pipeline.py took 0.198 seconds
[2026-05-25T11:19:46.830+0000] {processor.py:186} INFO - Started process (PID=315) to work on /opt/airflow/dags/pipeline.py
[2026-05-25T11:19:46.833+0000] {processor.py:914} INFO - Processing file /opt/airflow/dags/pipeline.py for tasks to queue
[2026-05-25T11:19:46.838+0000] {logging_mixin.py:190} INFO - [2026-05-25T11:19:46.837+0000] {dagbag.py:588} INFO - Filling up the DagBag from /opt/airflow/dags/pipeline.py
[2026-05-25T11:19:46.870+0000] {processor.py:925} INFO - DAG(s) 'lastfm_pipeline' retrieved from /opt/airflow/dags/pipeline.py
[2026-05-25T11:19:46.926+0000] {logging_mixin.py:190} INFO - [2026-05-25T11:19:46.926+0000] {dag.py:3239} INFO - Sync 1 DAGs
[2026-05-25T11:19:46.973+0000] {logging_mixin.py:190} INFO - [2026-05-25T11:19:46.973+0000] {dag.py:4180} INFO - Setting next_dagrun for lastfm_pipeline to 2026-05-24 00:00:00+00:00, run_after=2026-05-25 00:00:00+00:00
[2026-05-25T11:19:47.009+0000] {processor.py:208} INFO - Processing /opt/airflow/dags/pipeline.py took 0.190 seconds
[2026-05-25T11:20:17.237+0000] {processor.py:186} INFO - Started process (PID=320) to work on /opt/airflow/dags/pipeline.py
[2026-05-25T11:20:17.238+0000] {processor.py:914} INFO - Processing file /opt/airflow/dags/pipeline.py for tasks to queue
[2026-05-25T11:20:17.242+0000] {logging_mixin.py:190} INFO - [2026-05-25T11:20:17.242+0000] {dagbag.py:588} INFO - Filling up the DagBag from /opt/airflow/dags/pipeline.py
[2026-05-25T11:20:17.275+0000] {processor.py:925} INFO - DAG(s) 'lastfm_pipeline' retrieved from /opt/airflow/dags/pipeline.py
[2026-05-25T11:20:17.331+0000] {logging_mixin.py:190} INFO - [2026-05-25T11:20:17.330+0000] {dag.py:3239} INFO - Sync 1 DAGs
[2026-05-25T11:20:17.381+0000] {logging_mixin.py:190} INFO - [2026-05-25T11:20:17.380+0000] {dag.py:4180} INFO - Setting next_dagrun for lastfm_pipeline to 2026-05-24 00:00:00+00:00, run_after=2026-05-25 00:00:00+00:00
[2026-05-25T11:20:17.414+0000] {processor.py:208} INFO - Processing /opt/airflow/dags/pipeline.py took 0.189 seconds
[2026-05-25T11:20:47.528+0000] {processor.py:186} INFO - Started process (PID=325) to work on /opt/airflow/dags/pipeline.py
[2026-05-25T11:20:47.530+0000] {processor.py:914} INFO - Processing file /opt/airflow/dags/pipeline.py for tasks to queue
[2026-05-25T11:20:47.534+0000] {logging_mixin.py:190} INFO - [2026-05-25T11:20:47.533+0000] {dagbag.py:588} INFO - Filling up the DagBag from /opt/airflow/dags/pipeline.py
[2026-05-25T11:20:47.566+0000] {processor.py:925} INFO - DAG(s) 'lastfm_pipeline' retrieved from /opt/airflow/dags/pipeline.py
[2026-05-25T11:20:47.623+0000] {logging_mixin.py:190} INFO - [2026-05-25T11:20:47.623+0000] {dag.py:3239} INFO - Sync 1 DAGs
[2026-05-25T11:20:47.671+0000] {logging_mixin.py:190} INFO - [2026-05-25T11:20:47.670+0000] {dag.py:4180} INFO - Setting next_dagrun for lastfm_pipeline to 2026-05-24 00:00:00+00:00, run_after=2026-05-25 00:00:00+00:00
[2026-05-25T11:20:47.706+0000] {processor.py:208} INFO - Processing /opt/airflow/dags/pipeline.py took 0.188 seconds
[2026-05-25T11:21:17.920+0000] {processor.py:186} INFO - Started process (PID=330) to work on /opt/airflow/dags/pipeline.py
[2026-05-25T11:21:17.923+0000] {processor.py:914} INFO - Processing file /opt/airflow/dags/pipeline.py for tasks to queue
[2026-05-25T11:21:17.927+0000] {logging_mixin.py:190} INFO - [2026-05-25T11:21:17.927+0000] {dagbag.py:588} INFO - Filling up the DagBag from /opt/airflow/dags/pipeline.py
[2026-05-25T11:21:17.959+0000] {processor.py:925} INFO - DAG(s) 'lastfm_pipeline' retrieved from /opt/airflow/dags/pipeline.py
[2026-05-25T11:21:18.015+0000] {logging_mixin.py:190} INFO - [2026-05-25T11:21:18.014+0000] {dag.py:3239} INFO - Sync 1 DAGs
[2026-05-25T11:21:18.062+0000] {logging_mixin.py:190} INFO - [2026-05-25T11:21:18.062+0000] {dag.py:4180} INFO - Setting next_dagrun for lastfm_pipeline to 2026-05-24 00:00:00+00:00, run_after=2026-05-25 00:00:00+00:00
[2026-05-25T11:21:18.095+0000] {processor.py:208} INFO - Processing /opt/airflow/dags/pipeline.py took 0.186 seconds
[2026-05-25T11:21:48.205+0000] {processor.py:186} INFO - Started process (PID=335) to work on /opt/airflow/dags/pipeline.py
[2026-05-25T11:21:48.207+0000] {processor.py:914} INFO - Processing file /opt/airflow/dags/pipeline.py for tasks to queue
[2026-05-25T11:21:48.210+0000] {logging_mixin.py:190} INFO - [2026-05-25T11:21:48.210+0000] {dagbag.py:588} INFO - Filling up the DagBag from /opt/airflow/dags/pipeline.py
[2026-05-25T11:21:48.244+0000] {processor.py:925} INFO - DAG(s) 'lastfm_pipeline' retrieved from /opt/airflow/dags/pipeline.py
[2026-05-25T11:21:48.301+0000] {logging_mixin.py:190} INFO - [2026-05-25T11:21:48.301+0000] {dag.py:3239} INFO - Sync 1 DAGs
[2026-05-25T11:21:48.349+0000] {logging_mixin.py:190} INFO - [2026-05-25T11:21:48.349+0000] {dag.py:4180} INFO - Setting next_dagrun for lastfm_pipeline to 2026-05-24 00:00:00+00:00, run_after=2026-05-25 00:00:00+00:00
[2026-05-25T11:21:48.383+0000] {processor.py:208} INFO - Processing /opt/airflow/dags/pipeline.py took 0.189 seconds
[2026-05-25T11:22:18.602+0000] {processor.py:186} INFO - Started process (PID=340) to work on /opt/airflow/dags/pipeline.py
[2026-05-25T11:22:18.606+0000] {processor.py:914} INFO - Processing file /opt/airflow/dags/pipeline.py for tasks to queue
[2026-05-25T11:22:18.609+0000] {logging_mixin.py:190} INFO - [2026-05-25T11:22:18.609+0000] {dagbag.py:588} INFO - Filling up the DagBag from /opt/airflow/dags/pipeline.py
[2026-05-25T11:22:18.642+0000] {processor.py:925} INFO - DAG(s) 'lastfm_pipeline' retrieved from /opt/airflow/dags/pipeline.py
[2026-05-25T11:22:18.697+0000] {logging_mixin.py:190} INFO - [2026-05-25T11:22:18.696+0000] {dag.py:3239} INFO - Sync 1 DAGs
[2026-05-25T11:22:18.745+0000] {logging_mixin.py:190} INFO - [2026-05-25T11:22:18.744+0000] {dag.py:4180} INFO - Setting next_dagrun for lastfm_pipeline to 2026-05-24 00:00:00+00:00, run_after=2026-05-25 00:00:00+00:00
[2026-05-25T11:22:18.780+0000] {processor.py:208} INFO - Processing /opt/airflow/dags/pipeline.py took 0.188 seconds
[2026-05-25T11:22:48.891+0000] {processor.py:186} INFO - Started process (PID=345) to work on /opt/airflow/dags/pipeline.py
[2026-05-25T11:22:48.892+0000] {processor.py:914} INFO - Processing file /opt/airflow/dags/pipeline.py for tasks to queue
[2026-05-25T11:22:48.896+0000] {logging_mixin.py:190} INFO - [2026-05-25T11:22:48.895+0000] {dagbag.py:588} INFO - Filling up the DagBag from /opt/airflow/dags/pipeline.py
[2026-05-25T11:22:48.928+0000] {processor.py:925} INFO - DAG(s) 'lastfm_pipeline' retrieved from /opt/airflow/dags/pipeline.py
[2026-05-25T11:22:48.983+0000] {logging_mixin.py:190} INFO - [2026-05-25T11:22:48.982+0000] {dag.py:3239} INFO - Sync 1 DAGs
[2026-05-25T11:22:49.035+0000] {logging_mixin.py:190} INFO - [2026-05-25T11:22:49.035+0000] {dag.py:4180} INFO - Setting next_dagrun for lastfm_pipeline to 2026-05-24 00:00:00+00:00, run_after=2026-05-25 00:00:00+00:00
[2026-05-25T11:22:49.070+0000] {processor.py:208} INFO - Processing /opt/airflow/dags/pipeline.py took 0.191 seconds
[2026-05-25T11:23:19.286+0000] {processor.py:186} INFO - Started process (PID=350) to work on /opt/airflow/dags/pipeline.py
[2026-05-25T11:23:19.290+0000] {processor.py:914} INFO - Processing file /opt/airflow/dags/pipeline.py for tasks to queue
[2026-05-25T11:23:19.295+0000] {logging_mixin.py:190} INFO - [2026-05-25T11:23:19.294+0000] {dagbag.py:588} INFO - Filling up the DagBag from /opt/airflow/dags/pipeline.py
[2026-05-25T11:23:19.327+0000] {processor.py:925} INFO - DAG(s) 'lastfm_pipeline' retrieved from /opt/airflow/dags/pipeline.py
[2026-05-25T11:23:19.381+0000] {logging_mixin.py:190} INFO - [2026-05-25T11:23:19.381+0000] {dag.py:3239} INFO - Sync 1 DAGs
[2026-05-25T11:23:19.430+0000] {logging_mixin.py:190} INFO - [2026-05-25T11:23:19.430+0000] {dag.py:4180} INFO - Setting next_dagrun for lastfm_pipeline to 2026-05-24 00:00:00+00:00, run_after=2026-05-25 00:00:00+00:00
[2026-05-25T11:23:19.464+0000] {processor.py:208} INFO - Processing /opt/airflow/dags/pipeline.py took 0.189 seconds
[2026-05-25T11:23:49.574+0000] {processor.py:186} INFO - Started process (PID=355) to work on /opt/airflow/dags/pipeline.py
[2026-05-25T11:23:49.576+0000] {processor.py:914} INFO - Processing file /opt/airflow/dags/pipeline.py for tasks to queue
[2026-05-25T11:23:49.580+0000] {logging_mixin.py:190} INFO - [2026-05-25T11:23:49.579+0000] {dagbag.py:588} INFO - Filling up the DagBag from /opt/airflow/dags/pipeline.py
[2026-05-25T11:23:49.612+0000] {processor.py:925} INFO - DAG(s) 'lastfm_pipeline' retrieved from /opt/airflow/dags/pipeline.py
[2026-05-25T11:23:49.670+0000] {logging_mixin.py:190} INFO - [2026-05-25T11:23:49.670+0000] {dag.py:3239} INFO - Sync 1 DAGs
[2026-05-25T11:23:49.718+0000] {logging_mixin.py:190} INFO - [2026-05-25T11:23:49.717+0000] {dag.py:4180} INFO - Setting next_dagrun for lastfm_pipeline to 2026-05-24 00:00:00+00:00, run_after=2026-05-25 00:00:00+00:00
[2026-05-25T11:23:49.754+0000] {processor.py:208} INFO - Processing /opt/airflow/dags/pipeline.py took 0.190 seconds
[2026-05-25T11:24:19.972+0000] {processor.py:186} INFO - Started process (PID=360) to work on /opt/airflow/dags/pipeline.py
[2026-05-25T11:24:19.975+0000] {processor.py:914} INFO - Processing file /opt/airflow/dags/pipeline.py for tasks to queue
[2026-05-25T11:24:19.980+0000] {logging_mixin.py:190} INFO - [2026-05-25T11:24:19.980+0000] {dagbag.py:588} INFO - Filling up the DagBag from /opt/airflow/dags/pipeline.py
[2026-05-25T11:24:20.013+0000] {processor.py:925} INFO - DAG(s) 'lastfm_pipeline' retrieved from /opt/airflow/dags/pipeline.py
[2026-05-25T11:24:20.067+0000] {logging_mixin.py:190} INFO - [2026-05-25T11:24:20.067+0000] {dag.py:3239} INFO - Sync 1 DAGs
[2026-05-25T11:24:20.113+0000] {logging_mixin.py:190} INFO - [2026-05-25T11:24:20.113+0000] {dag.py:4180} INFO - Setting next_dagrun for lastfm_pipeline to 2026-05-24 00:00:00+00:00, run_after=2026-05-25 00:00:00+00:00
[2026-05-25T11:24:20.149+0000] {processor.py:208} INFO - Processing /opt/airflow/dags/pipeline.py took 0.188 seconds
[2026-05-25T11:24:50.260+0000] {processor.py:186} INFO - Started process (PID=365) to work on /opt/airflow/dags/pipeline.py
[2026-05-25T11:24:50.262+0000] {processor.py:914} INFO - Processing file /opt/airflow/dags/pipeline.py for tasks to queue
[2026-05-25T11:24:50.267+0000] {logging_mixin.py:190} INFO - [2026-05-25T11:24:50.266+0000] {dagbag.py:588} INFO - Filling up the DagBag from /opt/airflow/dags/pipeline.py
[2026-05-25T11:24:50.301+0000] {processor.py:925} INFO - DAG(s) 'lastfm_pipeline' retrieved from /opt/airflow/dags/pipeline.py
[2026-05-25T11:24:50.357+0000] {logging_mixin.py:190} INFO - [2026-05-25T11:24:50.356+0000] {dag.py:3239} INFO - Sync 1 DAGs
[2026-05-25T11:24:50.406+0000] {logging_mixin.py:190} INFO - [2026-05-25T11:24:50.406+0000] {dag.py:4180} INFO - Setting next_dagrun for lastfm_pipeline to 2026-05-24 00:00:00+00:00, run_after=2026-05-25 00:00:00+00:00
[2026-05-25T11:24:50.441+0000] {processor.py:208} INFO - Processing /opt/airflow/dags/pipeline.py took 0.192 seconds
[2026-05-25T11:25:20.655+0000] {processor.py:186} INFO - Started process (PID=370) to work on /opt/airflow/dags/pipeline.py
[2026-05-25T11:25:20.656+0000] {processor.py:914} INFO - Processing file /opt/airflow/dags/pipeline.py for tasks to queue
[2026-05-25T11:25:20.660+0000] {logging_mixin.py:190} INFO - [2026-05-25T11:25:20.659+0000] {dagbag.py:588} INFO - Filling up the DagBag from /opt/airflow/dags/pipeline.py
[2026-05-25T11:25:20.693+0000] {processor.py:925} INFO - DAG(s) 'lastfm_pipeline' retrieved from /opt/airflow/dags/pipeline.py
[2026-05-25T11:25:20.747+0000] {logging_mixin.py:190} INFO - [2026-05-25T11:25:20.747+0000] {dag.py:3239} INFO - Sync 1 DAGs
[2026-05-25T11:25:20.792+0000] {logging_mixin.py:190} INFO - [2026-05-25T11:25:20.791+0000] {dag.py:4180} INFO - Setting next_dagrun for lastfm_pipeline to 2026-05-24 00:00:00+00:00, run_after=2026-05-25 00:00:00+00:00
[2026-05-25T11:25:20.828+0000] {processor.py:208} INFO - Processing /opt/airflow/dags/pipeline.py took 0.185 seconds
[2026-05-25T11:25:50.952+0000] {processor.py:186} INFO - Started process (PID=375) to work on /opt/airflow/dags/pipeline.py
[2026-05-25T11:25:50.953+0000] {processor.py:914} INFO - Processing file /opt/airflow/dags/pipeline.py for tasks to queue
[2026-05-25T11:25:50.957+0000] {logging_mixin.py:190} INFO - [2026-05-25T11:25:50.956+0000] {dagbag.py:588} INFO - Filling up the DagBag from /opt/airflow/dags/pipeline.py
[2026-05-25T11:25:50.989+0000] {processor.py:925} INFO - DAG(s) 'lastfm_pipeline' retrieved from /opt/airflow/dags/pipeline.py
[2026-05-25T11:25:51.048+0000] {logging_mixin.py:190} INFO - [2026-05-25T11:25:51.047+0000] {dag.py:3239} INFO - Sync 1 DAGs
[2026-05-25T11:25:51.097+0000] {logging_mixin.py:190} INFO - [2026-05-25T11:25:51.096+0000] {dag.py:4180} INFO - Setting next_dagrun for lastfm_pipeline to 2026-05-24 00:00:00+00:00, run_after=2026-05-25 00:00:00+00:00
[2026-05-25T11:25:51.130+0000] {processor.py:208} INFO - Processing /opt/airflow/dags/pipeline.py took 0.189 seconds
[2026-05-25T11:26:21.326+0000] {processor.py:186} INFO - Started process (PID=380) to work on /opt/airflow/dags/pipeline.py
[2026-05-25T11:26:21.330+0000] {processor.py:914} INFO - Processing file /opt/airflow/dags/pipeline.py for tasks to queue
[2026-05-25T11:26:21.333+0000] {logging_mixin.py:190} INFO - [2026-05-25T11:26:21.333+0000] {dagbag.py:588} INFO - Filling up the DagBag from /opt/airflow/dags/pipeline.py
[2026-05-25T11:26:21.366+0000] {processor.py:925} INFO - DAG(s) 'lastfm_pipeline' retrieved from /opt/airflow/dags/pipeline.py
[2026-05-25T11:26:21.422+0000] {logging_mixin.py:190} INFO - [2026-05-25T11:26:21.421+0000] {dag.py:3239} INFO - Sync 1 DAGs
[2026-05-25T11:26:21.472+0000] {logging_mixin.py:190} INFO - [2026-05-25T11:26:21.471+0000] {dag.py:4180} INFO - Setting next_dagrun for lastfm_pipeline to 2026-05-24 00:00:00+00:00, run_after=2026-05-25 00:00:00+00:00
[2026-05-25T11:26:21.507+0000] {processor.py:208} INFO - Processing /opt/airflow/dags/pipeline.py took 0.192 seconds
[2026-05-25T11:26:51.640+0000] {processor.py:186} INFO - Started process (PID=385) to work on /opt/airflow/dags/pipeline.py
[2026-05-25T11:26:51.641+0000] {processor.py:914} INFO - Processing file /opt/airflow/dags/pipeline.py for tasks to queue
[2026-05-25T11:26:51.646+0000] {logging_mixin.py:190} INFO - [2026-05-25T11:26:51.645+0000] {dagbag.py:588} INFO - Filling up the DagBag from /opt/airflow/dags/pipeline.py
[2026-05-25T11:26:51.678+0000] {processor.py:925} INFO - DAG(s) 'lastfm_pipeline' retrieved from /opt/airflow/dags/pipeline.py
[2026-05-25T11:26:51.735+0000] {logging_mixin.py:190} INFO - [2026-05-25T11:26:51.735+0000] {dag.py:3239} INFO - Sync 1 DAGs
[2026-05-25T11:26:51.785+0000] {logging_mixin.py:190} INFO - [2026-05-25T11:26:51.785+0000] {dag.py:4180} INFO - Setting next_dagrun for lastfm_pipeline to 2026-05-24 00:00:00+00:00, run_after=2026-05-25 00:00:00+00:00
[2026-05-25T11:26:51.818+0000] {processor.py:208} INFO - Processing /opt/airflow/dags/pipeline.py took 0.190 seconds
[2026-05-25T11:27:22.020+0000] {processor.py:186} INFO - Started process (PID=390) to work on /opt/airflow/dags/pipeline.py
[2026-05-25T11:27:22.021+0000] {processor.py:914} INFO - Processing file /opt/airflow/dags/pipeline.py for tasks to queue
[2026-05-25T11:27:22.032+0000] {logging_mixin.py:190} INFO - [2026-05-25T11:27:22.032+0000] {dagbag.py:588} INFO - Filling up the DagBag from /opt/airflow/dags/pipeline.py
[2026-05-25T11:27:22.062+0000] {processor.py:925} INFO - DAG(s) 'lastfm_pipeline' retrieved from /opt/airflow/dags/pipeline.py
[2026-05-25T11:27:22.118+0000] {logging_mixin.py:190} INFO - [2026-05-25T11:27:22.117+0000] {dag.py:3239} INFO - Sync 1 DAGs
[2026-05-25T11:27:22.168+0000] {logging_mixin.py:190} INFO - [2026-05-25T11:27:22.167+0000] {dag.py:4180} INFO - Setting next_dagrun for lastfm_pipeline to 2026-05-24 00:00:00+00:00, run_after=2026-05-25 00:00:00+00:00
[2026-05-25T11:27:22.199+0000] {processor.py:208} INFO - Processing /opt/airflow/dags/pipeline.py took 0.200 seconds
[2026-05-25T11:27:52.309+0000] {processor.py:186} INFO - Started process (PID=395) to work on /opt/airflow/dags/pipeline.py
[2026-05-25T11:27:52.311+0000] {processor.py:914} INFO - Processing file /opt/airflow/dags/pipeline.py for tasks to queue
[2026-05-25T11:27:52.316+0000] {logging_mixin.py:190} INFO - [2026-05-25T11:27:52.316+0000] {dagbag.py:588} INFO - Filling up the DagBag from /opt/airflow/dags/pipeline.py
[2026-05-25T11:27:52.350+0000] {processor.py:925} INFO - DAG(s) 'lastfm_pipeline' retrieved from /opt/airflow/dags/pipeline.py
[2026-05-25T11:27:52.406+0000] {logging_mixin.py:190} INFO - [2026-05-25T11:27:52.405+0000] {dag.py:3239} INFO - Sync 1 DAGs
[2026-05-25T11:27:52.455+0000] {logging_mixin.py:190} INFO - [2026-05-25T11:27:52.455+0000] {dag.py:4180} INFO - Setting next_dagrun for lastfm_pipeline to 2026-05-24 00:00:00+00:00, run_after=2026-05-25 00:00:00+00:00
[2026-05-25T11:27:52.491+0000] {processor.py:208} INFO - Processing /opt/airflow/dags/pipeline.py took 0.193 seconds
[2026-05-25T11:28:22.704+0000] {processor.py:186} INFO - Started process (PID=400) to work on /opt/airflow/dags/pipeline.py
[2026-05-25T11:28:22.707+0000] {processor.py:914} INFO - Processing file /opt/airflow/dags/pipeline.py for tasks to queue
[2026-05-25T11:28:22.712+0000] {logging_mixin.py:190} INFO - [2026-05-25T11:28:22.711+0000] {dagbag.py:588} INFO - Filling up the DagBag from /opt/airflow/dags/pipeline.py
[2026-05-25T11:28:22.745+0000] {processor.py:925} INFO - DAG(s) 'lastfm_pipeline' retrieved from /opt/airflow/dags/pipeline.py
[2026-05-25T11:28:22.800+0000] {logging_mixin.py:190} INFO - [2026-05-25T11:28:22.800+0000] {dag.py:3239} INFO - Sync 1 DAGs
[2026-05-25T11:28:22.848+0000] {logging_mixin.py:190} INFO - [2026-05-25T11:28:22.848+0000] {dag.py:4180} INFO - Setting next_dagrun for lastfm_pipeline to 2026-05-24 00:00:00+00:00, run_after=2026-05-25 00:00:00+00:00
[2026-05-25T11:28:22.885+0000] {processor.py:208} INFO - Processing /opt/airflow/dags/pipeline.py took 0.194 seconds
[2026-05-25T11:28:52.990+0000] {processor.py:186} INFO - Started process (PID=405) to work on /opt/airflow/dags/pipeline.py
[2026-05-25T11:28:52.991+0000] {processor.py:914} INFO - Processing file /opt/airflow/dags/pipeline.py for tasks to queue
[2026-05-25T11:28:52.996+0000] {logging_mixin.py:190} INFO - [2026-05-25T11:28:52.995+0000] {dagbag.py:588} INFO - Filling up the DagBag from /opt/airflow/dags/pipeline.py
[2026-05-25T11:28:53.028+0000] {processor.py:925} INFO - DAG(s) 'lastfm_pipeline' retrieved from /opt/airflow/dags/pipeline.py
[2026-05-25T11:28:53.085+0000] {logging_mixin.py:190} INFO - [2026-05-25T11:28:53.084+0000] {dag.py:3239} INFO - Sync 1 DAGs
[2026-05-25T11:28:53.135+0000] {logging_mixin.py:190} INFO - [2026-05-25T11:28:53.134+0000] {dag.py:4180} INFO - Setting next_dagrun for lastfm_pipeline to 2026-05-24 00:00:00+00:00, run_after=2026-05-25 00:00:00+00:00
[2026-05-25T11:28:53.170+0000] {processor.py:208} INFO - Processing /opt/airflow/dags/pipeline.py took 0.193 seconds
[2026-05-25T11:29:23.378+0000] {processor.py:186} INFO - Started process (PID=410) to work on /opt/airflow/dags/pipeline.py
[2026-05-25T11:29:23.382+0000] {processor.py:914} INFO - Processing file /opt/airflow/dags/pipeline.py for tasks to queue
[2026-05-25T11:29:23.386+0000] {logging_mixin.py:190} INFO - [2026-05-25T11:29:23.386+0000] {dagbag.py:588} INFO - Filling up the DagBag from /opt/airflow/dags/pipeline.py
[2026-05-25T11:29:23.421+0000] {processor.py:925} INFO - DAG(s) 'lastfm_pipeline' retrieved from /opt/airflow/dags/pipeline.py
[2026-05-25T11:29:23.480+0000] {logging_mixin.py:190} INFO - [2026-05-25T11:29:23.480+0000] {dag.py:3239} INFO - Sync 1 DAGs
[2026-05-25T11:29:23.532+0000] {logging_mixin.py:190} INFO - [2026-05-25T11:29:23.532+0000] {dag.py:4180} INFO - Setting next_dagrun for lastfm_pipeline to 2026-05-24 00:00:00+00:00, run_after=2026-05-25 00:00:00+00:00
[2026-05-25T11:29:23.570+0000] {processor.py:208} INFO - Processing /opt/airflow/dags/pipeline.py took 0.204 seconds
[2026-05-25T11:29:53.700+0000] {processor.py:186} INFO - Started process (PID=415) to work on /opt/airflow/dags/pipeline.py
[2026-05-25T11:29:53.702+0000] {processor.py:914} INFO - Processing file /opt/airflow/dags/pipeline.py for tasks to queue
[2026-05-25T11:29:53.707+0000] {logging_mixin.py:190} INFO - [2026-05-25T11:29:53.706+0000] {dagbag.py:588} INFO - Filling up the DagBag from /opt/airflow/dags/pipeline.py
[2026-05-25T11:29:53.749+0000] {processor.py:925} INFO - DAG(s) 'lastfm_pipeline' retrieved from /opt/airflow/dags/pipeline.py
[2026-05-25T11:29:53.812+0000] {logging_mixin.py:190} INFO - [2026-05-25T11:29:53.812+0000] {dag.py:3239} INFO - Sync 1 DAGs
[2026-05-25T11:29:53.865+0000] {logging_mixin.py:190} INFO - [2026-05-25T11:29:53.865+0000] {dag.py:4180} INFO - Setting next_dagrun for lastfm_pipeline to 2026-05-24 00:00:00+00:00, run_after=2026-05-25 00:00:00+00:00
[2026-05-25T11:29:53.902+0000] {processor.py:208} INFO - Processing /opt/airflow/dags/pipeline.py took 0.223 seconds
[2026-05-25T11:30:24.065+0000] {processor.py:186} INFO - Started process (PID=420) to work on /opt/airflow/dags/pipeline.py
[2026-05-25T11:30:24.069+0000] {processor.py:914} INFO - Processing file /opt/airflow/dags/pipeline.py for tasks to queue
[2026-05-25T11:30:24.073+0000] {logging_mixin.py:190} INFO - [2026-05-25T11:30:24.073+0000] {dagbag.py:588} INFO - Filling up the DagBag from /opt/airflow/dags/pipeline.py
[2026-05-25T11:30:24.107+0000] {processor.py:925} INFO - DAG(s) 'lastfm_pipeline' retrieved from /opt/airflow/dags/pipeline.py
[2026-05-25T11:30:24.164+0000] {logging_mixin.py:190} INFO - [2026-05-25T11:30:24.164+0000] {dag.py:3239} INFO - Sync 1 DAGs
[2026-05-25T11:30:24.212+0000] {logging_mixin.py:190} INFO - [2026-05-25T11:30:24.211+0000] {dag.py:4180} INFO - Setting next_dagrun for lastfm_pipeline to 2026-05-24 00:00:00+00:00, run_after=2026-05-25 00:00:00+00:00
[2026-05-25T11:30:24.243+0000] {processor.py:208} INFO - Processing /opt/airflow/dags/pipeline.py took 0.191 seconds
[2026-05-25T11:30:54.414+0000] {processor.py:186} INFO - Started process (PID=425) to work on /opt/airflow/dags/pipeline.py
[2026-05-25T11:30:54.415+0000] {processor.py:914} INFO - Processing file /opt/airflow/dags/pipeline.py for tasks to queue
[2026-05-25T11:30:54.420+0000] {logging_mixin.py:190} INFO - [2026-05-25T11:30:54.419+0000] {dagbag.py:588} INFO - Filling up the DagBag from /opt/airflow/dags/pipeline.py
[2026-05-25T11:30:54.453+0000] {processor.py:925} INFO - DAG(s) 'lastfm_pipeline' retrieved from /opt/airflow/dags/pipeline.py
[2026-05-25T11:30:54.511+0000] {logging_mixin.py:190} INFO - [2026-05-25T11:30:54.510+0000] {dag.py:3239} INFO - Sync 1 DAGs
[2026-05-25T11:30:54.558+0000] {logging_mixin.py:190} INFO - [2026-05-25T11:30:54.557+0000] {dag.py:4180} INFO - Setting next_dagrun for lastfm_pipeline to 2026-05-24 00:00:00+00:00, run_after=2026-05-25 00:00:00+00:00
[2026-05-25T11:30:54.592+0000] {processor.py:208} INFO - Processing /opt/airflow/dags/pipeline.py took 0.191 seconds
[2026-05-25T11:31:24.747+0000] {processor.py:186} INFO - Started process (PID=430) to work on /opt/airflow/dags/pipeline.py
[2026-05-25T11:31:24.750+0000] {processor.py:914} INFO - Processing file /opt/airflow/dags/pipeline.py for tasks to queue
[2026-05-25T11:31:24.755+0000] {logging_mixin.py:190} INFO - [2026-05-25T11:31:24.755+0000] {dagbag.py:588} INFO - Filling up the DagBag from /opt/airflow/dags/pipeline.py
[2026-05-25T11:31:24.789+0000] {processor.py:925} INFO - DAG(s) 'lastfm_pipeline' retrieved from /opt/airflow/dags/pipeline.py
[2026-05-25T11:31:24.847+0000] {logging_mixin.py:190} INFO - [2026-05-25T11:31:24.846+0000] {dag.py:3239} INFO - Sync 1 DAGs
[2026-05-25T11:31:24.896+0000] {logging_mixin.py:190} INFO - [2026-05-25T11:31:24.896+0000] {dag.py:4180} INFO - Setting next_dagrun for lastfm_pipeline to 2026-05-24 00:00:00+00:00, run_after=2026-05-25 00:00:00+00:00
[2026-05-25T11:31:24.931+0000] {processor.py:208} INFO - Processing /opt/airflow/dags/pipeline.py took 0.198 seconds
[2026-05-25T11:31:55.090+0000] {processor.py:186} INFO - Started process (PID=435) to work on /opt/airflow/dags/pipeline.py
[2026-05-25T11:31:55.092+0000] {processor.py:914} INFO - Processing file /opt/airflow/dags/pipeline.py for tasks to queue
[2026-05-25T11:31:55.097+0000] {logging_mixin.py:190} INFO - [2026-05-25T11:31:55.096+0000] {dagbag.py:588} INFO - Filling up the DagBag from /opt/airflow/dags/pipeline.py
[2026-05-25T11:31:55.130+0000] {processor.py:925} INFO - DAG(s) 'lastfm_pipeline' retrieved from /opt/airflow/dags/pipeline.py
[2026-05-25T11:31:55.188+0000] {logging_mixin.py:190} INFO - [2026-05-25T11:31:55.187+0000] {dag.py:3239} INFO - Sync 1 DAGs
[2026-05-25T11:31:55.240+0000] {logging_mixin.py:190} INFO - [2026-05-25T11:31:55.240+0000] {dag.py:4180} INFO - Setting next_dagrun for lastfm_pipeline to 2026-05-24 00:00:00+00:00, run_after=2026-05-25 00:00:00+00:00
[2026-05-25T11:31:55.276+0000] {processor.py:208} INFO - Processing /opt/airflow/dags/pipeline.py took 0.199 seconds
[2026-05-25T11:32:25.428+0000] {processor.py:186} INFO - Started process (PID=440) to work on /opt/airflow/dags/pipeline.py
[2026-05-25T11:32:25.431+0000] {processor.py:914} INFO - Processing file /opt/airflow/dags/pipeline.py for tasks to queue
[2026-05-25T11:32:25.436+0000] {logging_mixin.py:190} INFO - [2026-05-25T11:32:25.436+0000] {dagbag.py:588} INFO - Filling up the DagBag from /opt/airflow/dags/pipeline.py
[2026-05-25T11:32:25.470+0000] {processor.py:925} INFO - DAG(s) 'lastfm_pipeline' retrieved from /opt/airflow/dags/pipeline.py
[2026-05-25T11:32:25.528+0000] {logging_mixin.py:190} INFO - [2026-05-25T11:32:25.527+0000] {dag.py:3239} INFO - Sync 1 DAGs
[2026-05-25T11:32:25.576+0000] {logging_mixin.py:190} INFO - [2026-05-25T11:32:25.576+0000] {dag.py:4180} INFO - Setting next_dagrun for lastfm_pipeline to 2026-05-24 00:00:00+00:00, run_after=2026-05-25 00:00:00+00:00
[2026-05-25T11:32:25.612+0000] {processor.py:208} INFO - Processing /opt/airflow/dags/pipeline.py took 0.198 seconds
[2026-05-25T11:32:55.777+0000] {processor.py:186} INFO - Started process (PID=445) to work on /opt/airflow/dags/pipeline.py
[2026-05-25T11:32:55.779+0000] {processor.py:914} INFO - Processing file /opt/airflow/dags/pipeline.py for tasks to queue
[2026-05-25T11:32:55.783+0000] {logging_mixin.py:190} INFO - [2026-05-25T11:32:55.783+0000] {dagbag.py:588} INFO - Filling up the DagBag from /opt/airflow/dags/pipeline.py
[2026-05-25T11:32:55.816+0000] {processor.py:925} INFO - DAG(s) 'lastfm_pipeline' retrieved from /opt/airflow/dags/pipeline.py
[2026-05-25T11:32:55.874+0000] {logging_mixin.py:190} INFO - [2026-05-25T11:32:55.873+0000] {dag.py:3239} INFO - Sync 1 DAGs
[2026-05-25T11:32:55.924+0000] {logging_mixin.py:190} INFO - [2026-05-25T11:32:55.923+0000] {dag.py:4180} INFO - Setting next_dagrun for lastfm_pipeline to 2026-05-24 00:00:00+00:00, run_after=2026-05-25 00:00:00+00:00
[2026-05-25T11:32:55.959+0000] {processor.py:208} INFO - Processing /opt/airflow/dags/pipeline.py took 0.195 seconds
[2026-05-25T11:33:26.117+0000] {processor.py:186} INFO - Started process (PID=450) to work on /opt/airflow/dags/pipeline.py
[2026-05-25T11:33:26.121+0000] {processor.py:914} INFO - Processing file /opt/airflow/dags/pipeline.py for tasks to queue
[2026-05-25T11:33:26.125+0000] {logging_mixin.py:190} INFO - [2026-05-25T11:33:26.125+0000] {dagbag.py:588} INFO - Filling up the DagBag from /opt/airflow/dags/pipeline.py
[2026-05-25T11:33:26.160+0000] {processor.py:925} INFO - DAG(s) 'lastfm_pipeline' retrieved from /opt/airflow/dags/pipeline.py
[2026-05-25T11:33:26.220+0000] {logging_mixin.py:190} INFO - [2026-05-25T11:33:26.219+0000] {dag.py:3239} INFO - Sync 1 DAGs
[2026-05-25T11:33:26.270+0000] {logging_mixin.py:190} INFO - [2026-05-25T11:33:26.270+0000] {dag.py:4180} INFO - Setting next_dagrun for lastfm_pipeline to 2026-05-24 00:00:00+00:00, run_after=2026-05-25 00:00:00+00:00
[2026-05-25T11:33:26.307+0000] {processor.py:208} INFO - Processing /opt/airflow/dags/pipeline.py took 0.202 seconds
[2026-05-25T11:33:56.463+0000] {processor.py:186} INFO - Started process (PID=455) to work on /opt/airflow/dags/pipeline.py
[2026-05-25T11:33:56.464+0000] {processor.py:914} INFO - Processing file /opt/airflow/dags/pipeline.py for tasks to queue
[2026-05-25T11:33:56.468+0000] {logging_mixin.py:190} INFO - [2026-05-25T11:33:56.468+0000] {dagbag.py:588} INFO - Filling up the DagBag from /opt/airflow/dags/pipeline.py
[2026-05-25T11:33:56.502+0000] {processor.py:925} INFO - DAG(s) 'lastfm_pipeline' retrieved from /opt/airflow/dags/pipeline.py
[2026-05-25T11:33:56.562+0000] {logging_mixin.py:190} INFO - [2026-05-25T11:33:56.561+0000] {dag.py:3239} INFO - Sync 1 DAGs
[2026-05-25T11:33:56.609+0000] {logging_mixin.py:190} INFO - [2026-05-25T11:33:56.609+0000] {dag.py:4180} INFO - Setting next_dagrun for lastfm_pipeline to 2026-05-24 00:00:00+00:00, run_after=2026-05-25 00:00:00+00:00
[2026-05-25T11:33:56.646+0000] {processor.py:208} INFO - Processing /opt/airflow/dags/pipeline.py took 0.196 seconds
[2026-05-25T11:34:26.809+0000] {processor.py:186} INFO - Started process (PID=460) to work on /opt/airflow/dags/pipeline.py
[2026-05-25T11:34:26.812+0000] {processor.py:914} INFO - Processing file /opt/airflow/dags/pipeline.py for tasks to queue
[2026-05-25T11:34:26.817+0000] {logging_mixin.py:190} INFO - [2026-05-25T11:34:26.817+0000] {dagbag.py:588} INFO - Filling up the DagBag from /opt/airflow/dags/pipeline.py
[2026-05-25T11:34:26.854+0000] {processor.py:925} INFO - DAG(s) 'lastfm_pipeline' retrieved from /opt/airflow/dags/pipeline.py
[2026-05-25T11:34:26.911+0000] {logging_mixin.py:190} INFO - [2026-05-25T11:34:26.911+0000] {dag.py:3239} INFO - Sync 1 DAGs
[2026-05-25T11:34:26.958+0000] {logging_mixin.py:190} INFO - [2026-05-25T11:34:26.958+0000] {dag.py:4180} INFO - Setting next_dagrun for lastfm_pipeline to 2026-05-24 00:00:00+00:00, run_after=2026-05-25 00:00:00+00:00
[2026-05-25T11:34:26.992+0000] {processor.py:208} INFO - Processing /opt/airflow/dags/pipeline.py took 0.197 seconds
[2026-05-25T11:34:57.151+0000] {processor.py:186} INFO - Started process (PID=465) to work on /opt/airflow/dags/pipeline.py
[2026-05-25T11:34:57.153+0000] {processor.py:914} INFO - Processing file /opt/airflow/dags/pipeline.py for tasks to queue
[2026-05-25T11:34:57.157+0000] {logging_mixin.py:190} INFO - [2026-05-25T11:34:57.156+0000] {dagbag.py:588} INFO - Filling up the DagBag from /opt/airflow/dags/pipeline.py
[2026-05-25T11:34:57.192+0000] {processor.py:925} INFO - DAG(s) 'lastfm_pipeline' retrieved from /opt/airflow/dags/pipeline.py
[2026-05-25T11:34:57.250+0000] {logging_mixin.py:190} INFO - [2026-05-25T11:34:57.250+0000] {dag.py:3239} INFO - Sync 1 DAGs
[2026-05-25T11:34:57.301+0000] {logging_mixin.py:190} INFO - [2026-05-25T11:34:57.301+0000] {dag.py:4180} INFO - Setting next_dagrun for lastfm_pipeline to 2026-05-24 00:00:00+00:00, run_after=2026-05-25 00:00:00+00:00
[2026-05-25T11:34:57.354+0000] {processor.py:208} INFO - Processing /opt/airflow/dags/pipeline.py took 0.216 seconds
[2026-05-25T11:35:27.480+0000] {processor.py:186} INFO - Started process (PID=470) to work on /opt/airflow/dags/pipeline.py
[2026-05-25T11:35:27.484+0000] {processor.py:914} INFO - Processing file /opt/airflow/dags/pipeline.py for tasks to queue
[2026-05-25T11:35:27.489+0000] {logging_mixin.py:190} INFO - [2026-05-25T11:35:27.488+0000] {dagbag.py:588} INFO - Filling up the DagBag from /opt/airflow/dags/pipeline.py
[2026-05-25T11:35:27.522+0000] {processor.py:925} INFO - DAG(s) 'lastfm_pipeline' retrieved from /opt/airflow/dags/pipeline.py
[2026-05-25T11:35:27.579+0000] {logging_mixin.py:190} INFO - [2026-05-25T11:35:27.578+0000] {dag.py:3239} INFO - Sync 1 DAGs
[2026-05-25T11:35:27.628+0000] {logging_mixin.py:190} INFO - [2026-05-25T11:35:27.627+0000] {dag.py:4180} INFO - Setting next_dagrun for lastfm_pipeline to 2026-05-24 00:00:00+00:00, run_after=2026-05-25 00:00:00+00:00
[2026-05-25T11:35:27.660+0000] {processor.py:208} INFO - Processing /opt/airflow/dags/pipeline.py took 0.193 seconds
[2026-05-25T11:35:57.900+0000] {processor.py:186} INFO - Started process (PID=475) to work on /opt/airflow/dags/pipeline.py
[2026-05-25T11:35:57.902+0000] {processor.py:914} INFO - Processing file /opt/airflow/dags/pipeline.py for tasks to queue
[2026-05-25T11:35:57.907+0000] {logging_mixin.py:190} INFO - [2026-05-25T11:35:57.906+0000] {dagbag.py:588} INFO - Filling up the DagBag from /opt/airflow/dags/pipeline.py
[2026-05-25T11:35:57.940+0000] {processor.py:925} INFO - DAG(s) 'lastfm_pipeline' retrieved from /opt/airflow/dags/pipeline.py
[2026-05-25T11:35:57.995+0000] {logging_mixin.py:190} INFO - [2026-05-25T11:35:57.995+0000] {dag.py:3239} INFO - Sync 1 DAGs
[2026-05-25T11:35:58.046+0000] {logging_mixin.py:190} INFO - [2026-05-25T11:35:58.045+0000] {dag.py:4180} INFO - Setting next_dagrun for lastfm_pipeline to 2026-05-24 00:00:00+00:00, run_after=2026-05-25 00:00:00+00:00
[2026-05-25T11:35:58.077+0000] {processor.py:208} INFO - Processing /opt/airflow/dags/pipeline.py took 0.190 seconds
[2026-05-25T11:36:28.292+0000] {processor.py:186} INFO - Started process (PID=480) to work on /opt/airflow/dags/pipeline.py
[2026-05-25T11:36:28.293+0000] {processor.py:914} INFO - Processing file /opt/airflow/dags/pipeline.py for tasks to queue
[2026-05-25T11:36:28.295+0000] {logging_mixin.py:190} INFO - [2026-05-25T11:36:28.295+0000] {dagbag.py:588} INFO - Filling up the DagBag from /opt/airflow/dags/pipeline.py
[2026-05-25T11:36:28.312+0000] {processor.py:925} INFO - DAG(s) 'lastfm_pipeline' retrieved from /opt/airflow/dags/pipeline.py
[2026-05-25T11:36:28.342+0000] {logging_mixin.py:190} INFO - [2026-05-25T11:36:28.342+0000] {dag.py:3239} INFO - Sync 1 DAGs
[2026-05-25T11:36:28.367+0000] {logging_mixin.py:190} INFO - [2026-05-25T11:36:28.367+0000] {dag.py:4180} INFO - Setting next_dagrun for lastfm_pipeline to 2026-05-24 00:00:00+00:00, run_after=2026-05-25 00:00:00+00:00
[2026-05-25T11:36:28.385+0000] {processor.py:208} INFO - Processing /opt/airflow/dags/pipeline.py took 0.098 seconds
[2026-05-25T11:36:58.458+0000] {processor.py:186} INFO - Started process (PID=485) to work on /opt/airflow/dags/pipeline.py
[2026-05-25T11:36:58.459+0000] {processor.py:914} INFO - Processing file /opt/airflow/dags/pipeline.py for tasks to queue
[2026-05-25T11:36:58.462+0000] {logging_mixin.py:190} INFO - [2026-05-25T11:36:58.461+0000] {dagbag.py:588} INFO - Filling up the DagBag from /opt/airflow/dags/pipeline.py
[2026-05-25T11:36:58.478+0000] {processor.py:925} INFO - DAG(s) 'lastfm_pipeline' retrieved from /opt/airflow/dags/pipeline.py
[2026-05-25T11:36:58.508+0000] {logging_mixin.py:190} INFO - [2026-05-25T11:36:58.507+0000] {dag.py:3239} INFO - Sync 1 DAGs
[2026-05-25T11:36:58.532+0000] {logging_mixin.py:190} INFO - [2026-05-25T11:36:58.531+0000] {dag.py:4180} INFO - Setting next_dagrun for lastfm_pipeline to 2026-05-24 00:00:00+00:00, run_after=2026-05-25 00:00:00+00:00
[2026-05-25T11:36:58.548+0000] {processor.py:208} INFO - Processing /opt/airflow/dags/pipeline.py took 0.096 seconds
[2026-05-25T11:37:28.709+0000] {processor.py:186} INFO - Started process (PID=490) to work on /opt/airflow/dags/pipeline.py
[2026-05-25T11:37:28.710+0000] {processor.py:914} INFO - Processing file /opt/airflow/dags/pipeline.py for tasks to queue
[2026-05-25T11:37:28.712+0000] {logging_mixin.py:190} INFO - [2026-05-25T11:37:28.712+0000] {dagbag.py:588} INFO - Filling up the DagBag from /opt/airflow/dags/pipeline.py
[2026-05-25T11:37:28.728+0000] {processor.py:925} INFO - DAG(s) 'lastfm_pipeline' retrieved from /opt/airflow/dags/pipeline.py
[2026-05-25T11:37:28.757+0000] {logging_mixin.py:190} INFO - [2026-05-25T11:37:28.757+0000] {dag.py:3239} INFO - Sync 1 DAGs
[2026-05-25T11:37:28.783+0000] {logging_mixin.py:190} INFO - [2026-05-25T11:37:28.783+0000] {dag.py:4180} INFO - Setting next_dagrun for lastfm_pipeline to 2026-05-24 00:00:00+00:00, run_after=2026-05-25 00:00:00+00:00
[2026-05-25T11:37:28.799+0000] {processor.py:208} INFO - Processing /opt/airflow/dags/pipeline.py took 0.096 seconds
[2026-05-25T11:37:58.876+0000] {processor.py:186} INFO - Started process (PID=495) to work on /opt/airflow/dags/pipeline.py
[2026-05-25T11:37:58.877+0000] {processor.py:914} INFO - Processing file /opt/airflow/dags/pipeline.py for tasks to queue
[2026-05-25T11:37:58.880+0000] {logging_mixin.py:190} INFO - [2026-05-25T11:37:58.879+0000] {dagbag.py:588} INFO - Filling up the DagBag from /opt/airflow/dags/pipeline.py
[2026-05-25T11:37:58.897+0000] {processor.py:925} INFO - DAG(s) 'lastfm_pipeline' retrieved from /opt/airflow/dags/pipeline.py
[2026-05-25T11:37:58.926+0000] {logging_mixin.py:190} INFO - [2026-05-25T11:37:58.926+0000] {dag.py:3239} INFO - Sync 1 DAGs
[2026-05-25T11:37:58.951+0000] {logging_mixin.py:190} INFO - [2026-05-25T11:37:58.951+0000] {dag.py:4180} INFO - Setting next_dagrun for lastfm_pipeline to 2026-05-24 00:00:00+00:00, run_after=2026-05-25 00:00:00+00:00
[2026-05-25T11:37:58.967+0000] {processor.py:208} INFO - Processing /opt/airflow/dags/pipeline.py took 0.097 seconds
[2026-05-25T11:38:29.132+0000] {processor.py:186} INFO - Started process (PID=500) to work on /opt/airflow/dags/pipeline.py
[2026-05-25T11:38:29.133+0000] {processor.py:914} INFO - Processing file /opt/airflow/dags/pipeline.py for tasks to queue
[2026-05-25T11:38:29.135+0000] {logging_mixin.py:190} INFO - [2026-05-25T11:38:29.135+0000] {dagbag.py:588} INFO - Filling up the DagBag from /opt/airflow/dags/pipeline.py
[2026-05-25T11:38:29.151+0000] {processor.py:925} INFO - DAG(s) 'lastfm_pipeline' retrieved from /opt/airflow/dags/pipeline.py
[2026-05-25T11:38:29.180+0000] {logging_mixin.py:190} INFO - [2026-05-25T11:38:29.179+0000] {dag.py:3239} INFO - Sync 1 DAGs
[2026-05-25T11:38:29.203+0000] {logging_mixin.py:190} INFO - [2026-05-25T11:38:29.203+0000] {dag.py:4180} INFO - Setting next_dagrun for lastfm_pipeline to 2026-05-24 00:00:00+00:00, run_after=2026-05-25 00:00:00+00:00
[2026-05-25T11:38:29.218+0000] {processor.py:208} INFO - Processing /opt/airflow/dags/pipeline.py took 0.092 seconds
[2026-05-25T11:38:59.302+0000] {processor.py:186} INFO - Started process (PID=505) to work on /opt/airflow/dags/pipeline.py
[2026-05-25T11:38:59.303+0000] {processor.py:914} INFO - Processing file /opt/airflow/dags/pipeline.py for tasks to queue
[2026-05-25T11:38:59.306+0000] {logging_mixin.py:190} INFO - [2026-05-25T11:38:59.305+0000] {dagbag.py:588} INFO - Filling up the DagBag from /opt/airflow/dags/pipeline.py
[2026-05-25T11:38:59.323+0000] {processor.py:925} INFO - DAG(s) 'lastfm_pipeline' retrieved from /opt/airflow/dags/pipeline.py
[2026-05-25T11:38:59.354+0000] {logging_mixin.py:190} INFO - [2026-05-25T11:38:59.353+0000] {dag.py:3239} INFO - Sync 1 DAGs
[2026-05-25T11:38:59.378+0000] {logging_mixin.py:190} INFO - [2026-05-25T11:38:59.378+0000] {dag.py:4180} INFO - Setting next_dagrun for lastfm_pipeline to 2026-05-24 00:00:00+00:00, run_after=2026-05-25 00:00:00+00:00
[2026-05-25T11:38:59.395+0000] {processor.py:208} INFO - Processing /opt/airflow/dags/pipeline.py took 0.100 seconds
[2026-05-25T11:39:29.555+0000] {processor.py:186} INFO - Started process (PID=510) to work on /opt/airflow/dags/pipeline.py
[2026-05-25T11:39:29.556+0000] {processor.py:914} INFO - Processing file /opt/airflow/dags/pipeline.py for tasks to queue
[2026-05-25T11:39:29.558+0000] {logging_mixin.py:190} INFO - [2026-05-25T11:39:29.558+0000] {dagbag.py:588} INFO - Filling up the DagBag from /opt/airflow/dags/pipeline.py
[2026-05-25T11:39:29.574+0000] {processor.py:925} INFO - DAG(s) 'lastfm_pipeline' retrieved from /opt/airflow/dags/pipeline.py
[2026-05-25T11:39:29.602+0000] {logging_mixin.py:190} INFO - [2026-05-25T11:39:29.602+0000] {dag.py:3239} INFO - Sync 1 DAGs
[2026-05-25T11:39:29.629+0000] {logging_mixin.py:190} INFO - [2026-05-25T11:39:29.628+0000] {dag.py:4180} INFO - Setting next_dagrun for lastfm_pipeline to 2026-05-24 00:00:00+00:00, run_after=2026-05-25 00:00:00+00:00
[2026-05-25T11:39:29.646+0000] {processor.py:208} INFO - Processing /opt/airflow/dags/pipeline.py took 0.097 seconds
[2026-05-25T11:39:59.726+0000] {processor.py:186} INFO - Started process (PID=515) to work on /opt/airflow/dags/pipeline.py
[2026-05-25T11:39:59.726+0000] {processor.py:914} INFO - Processing file /opt/airflow/dags/pipeline.py for tasks to queue
[2026-05-25T11:39:59.730+0000] {logging_mixin.py:190} INFO - [2026-05-25T11:39:59.729+0000] {dagbag.py:588} INFO - Filling up the DagBag from /opt/airflow/dags/pipeline.py
[2026-05-25T11:39:59.746+0000] {processor.py:925} INFO - DAG(s) 'lastfm_pipeline' retrieved from /opt/airflow/dags/pipeline.py
[2026-05-25T11:39:59.775+0000] {logging_mixin.py:190} INFO - [2026-05-25T11:39:59.774+0000] {dag.py:3239} INFO - Sync 1 DAGs
[2026-05-25T11:39:59.800+0000] {logging_mixin.py:190} INFO - [2026-05-25T11:39:59.800+0000] {dag.py:4180} INFO - Setting next_dagrun for lastfm_pipeline to 2026-05-24 00:00:00+00:00, run_after=2026-05-25 00:00:00+00:00
[2026-05-25T11:39:59.816+0000] {processor.py:208} INFO - Processing /opt/airflow/dags/pipeline.py took 0.097 seconds
[2026-05-25T11:40:29.964+0000] {processor.py:186} INFO - Started process (PID=520) to work on /opt/airflow/dags/pipeline.py
[2026-05-25T11:40:29.965+0000] {processor.py:914} INFO - Processing file /opt/airflow/dags/pipeline.py for tasks to queue
[2026-05-25T11:40:29.967+0000] {logging_mixin.py:190} INFO - [2026-05-25T11:40:29.967+0000] {dagbag.py:588} INFO - Filling up the DagBag from /opt/airflow/dags/pipeline.py
[2026-05-25T11:40:29.981+0000] {processor.py:925} INFO - DAG(s) 'lastfm_pipeline' retrieved from /opt/airflow/dags/pipeline.py
[2026-05-25T11:40:30.005+0000] {logging_mixin.py:190} INFO - [2026-05-25T11:40:30.004+0000] {dag.py:3239} INFO - Sync 1 DAGs
[2026-05-25T11:40:30.025+0000] {logging_mixin.py:190} INFO - [2026-05-25T11:40:30.025+0000] {dag.py:4180} INFO - Setting next_dagrun for lastfm_pipeline to 2026-05-24 00:00:00+00:00, run_after=2026-05-25 00:00:00+00:00
[2026-05-25T11:40:30.039+0000] {processor.py:208} INFO - Processing /opt/airflow/dags/pipeline.py took 0.080 seconds
[2026-05-25T11:41:00.146+0000] {processor.py:186} INFO - Started process (PID=525) to work on /opt/airflow/dags/pipeline.py
[2026-05-25T11:41:00.147+0000] {processor.py:914} INFO - Processing file /opt/airflow/dags/pipeline.py for tasks to queue
[2026-05-25T11:41:00.150+0000] {logging_mixin.py:190} INFO - [2026-05-25T11:41:00.150+0000] {dagbag.py:588} INFO - Filling up the DagBag from /opt/airflow/dags/pipeline.py
[2026-05-25T11:41:00.175+0000] {processor.py:925} INFO - DAG(s) 'lastfm_pipeline' retrieved from /opt/airflow/dags/pipeline.py
[2026-05-25T11:41:00.212+0000] {logging_mixin.py:190} INFO - [2026-05-25T11:41:00.211+0000] {dag.py:3239} INFO - Sync 1 DAGs
[2026-05-25T11:41:00.240+0000] {logging_mixin.py:190} INFO - [2026-05-25T11:41:00.239+0000] {dag.py:4180} INFO - Setting next_dagrun for lastfm_pipeline to 2026-05-24 00:00:00+00:00, run_after=2026-05-25 00:00:00+00:00
[2026-05-25T11:41:00.258+0000] {processor.py:208} INFO - Processing /opt/airflow/dags/pipeline.py took 0.119 seconds
[2026-05-25T11:41:30.363+0000] {processor.py:186} INFO - Started process (PID=530) to work on /opt/airflow/dags/pipeline.py
[2026-05-25T11:41:30.364+0000] {processor.py:914} INFO - Processing file /opt/airflow/dags/pipeline.py for tasks to queue
[2026-05-25T11:41:30.368+0000] {logging_mixin.py:190} INFO - [2026-05-25T11:41:30.368+0000] {dagbag.py:588} INFO - Filling up the DagBag from /opt/airflow/dags/pipeline.py
[2026-05-25T11:41:30.389+0000] {processor.py:925} INFO - DAG(s) 'lastfm_pipeline' retrieved from /opt/airflow/dags/pipeline.py
[2026-05-25T11:41:30.424+0000] {logging_mixin.py:190} INFO - [2026-05-25T11:41:30.424+0000] {dag.py:3239} INFO - Sync 1 DAGs
[2026-05-25T11:41:30.452+0000] {logging_mixin.py:190} INFO - [2026-05-25T11:41:30.451+0000] {dag.py:4180} INFO - Setting next_dagrun for lastfm_pipeline to 2026-05-24 00:00:00+00:00, run_after=2026-05-25 00:00:00+00:00
[2026-05-25T11:41:30.468+0000] {processor.py:208} INFO - Processing /opt/airflow/dags/pipeline.py took 0.112 seconds
[2026-05-25T11:42:00.584+0000] {processor.py:186} INFO - Started process (PID=535) to work on /opt/airflow/dags/pipeline.py
[2026-05-25T11:42:00.585+0000] {processor.py:914} INFO - Processing file /opt/airflow/dags/pipeline.py for tasks to queue
[2026-05-25T11:42:00.587+0000] {logging_mixin.py:190} INFO - [2026-05-25T11:42:00.587+0000] {dagbag.py:588} INFO - Filling up the DagBag from /opt/airflow/dags/pipeline.py
[2026-05-25T11:42:00.603+0000] {processor.py:925} INFO - DAG(s) 'lastfm_pipeline' retrieved from /opt/airflow/dags/pipeline.py
[2026-05-25T11:42:00.634+0000] {logging_mixin.py:190} INFO - [2026-05-25T11:42:00.634+0000] {dag.py:3239} INFO - Sync 1 DAGs
[2026-05-25T11:42:00.660+0000] {logging_mixin.py:190} INFO - [2026-05-25T11:42:00.659+0000] {dag.py:4180} INFO - Setting next_dagrun for lastfm_pipeline to 2026-05-24 00:00:00+00:00, run_after=2026-05-25 00:00:00+00:00
[2026-05-25T11:42:00.675+0000] {processor.py:208} INFO - Processing /opt/airflow/dags/pipeline.py took 0.097 seconds
[2026-05-25T11:42:30.791+0000] {processor.py:186} INFO - Started process (PID=540) to work on /opt/airflow/dags/pipeline.py
[2026-05-25T11:42:30.792+0000] {processor.py:914} INFO - Processing file /opt/airflow/dags/pipeline.py for tasks to queue
[2026-05-25T11:42:30.794+0000] {logging_mixin.py:190} INFO - [2026-05-25T11:42:30.794+0000] {dagbag.py:588} INFO - Filling up the DagBag from /opt/airflow/dags/pipeline.py
[2026-05-25T11:42:30.808+0000] {processor.py:925} INFO - DAG(s) 'lastfm_pipeline' retrieved from /opt/airflow/dags/pipeline.py
[2026-05-25T11:42:30.831+0000] {logging_mixin.py:190} INFO - [2026-05-25T11:42:30.831+0000] {dag.py:3239} INFO - Sync 1 DAGs
[2026-05-25T11:42:30.849+0000] {logging_mixin.py:190} INFO - [2026-05-25T11:42:30.848+0000] {dag.py:4180} INFO - Setting next_dagrun for lastfm_pipeline to 2026-05-24 00:00:00+00:00, run_after=2026-05-25 00:00:00+00:00
[2026-05-25T11:42:30.862+0000] {processor.py:208} INFO - Processing /opt/airflow/dags/pipeline.py took 0.078 seconds
[2026-05-25T11:43:00.996+0000] {processor.py:186} INFO - Started process (PID=545) to work on /opt/airflow/dags/pipeline.py
[2026-05-25T11:43:00.997+0000] {processor.py:914} INFO - Processing file /opt/airflow/dags/pipeline.py for tasks to queue
[2026-05-25T11:43:00.999+0000] {logging_mixin.py:190} INFO - [2026-05-25T11:43:00.999+0000] {dagbag.py:588} INFO - Filling up the DagBag from /opt/airflow/dags/pipeline.py
[2026-05-25T11:43:01.017+0000] {processor.py:925} INFO - DAG(s) 'lastfm_pipeline' retrieved from /opt/airflow/dags/pipeline.py
[2026-05-25T11:43:01.045+0000] {logging_mixin.py:190} INFO - [2026-05-25T11:43:01.044+0000] {dag.py:3239} INFO - Sync 1 DAGs
[2026-05-25T11:43:01.068+0000] {logging_mixin.py:190} INFO - [2026-05-25T11:43:01.068+0000] {dag.py:4180} INFO - Setting next_dagrun for lastfm_pipeline to 2026-05-24 00:00:00+00:00, run_after=2026-05-25 00:00:00+00:00
[2026-05-25T11:43:01.084+0000] {processor.py:208} INFO - Processing /opt/airflow/dags/pipeline.py took 0.095 seconds
[2026-05-25T11:43:31.178+0000] {processor.py:186} INFO - Started process (PID=550) to work on /opt/airflow/dags/pipeline.py
[2026-05-25T11:43:31.180+0000] {processor.py:914} INFO - Processing file /opt/airflow/dags/pipeline.py for tasks to queue
[2026-05-25T11:43:31.183+0000] {logging_mixin.py:190} INFO - [2026-05-25T11:43:31.182+0000] {dagbag.py:588} INFO - Filling up the DagBag from /opt/airflow/dags/pipeline.py
[2026-05-25T11:43:31.199+0000] {processor.py:925} INFO - DAG(s) 'lastfm_pipeline' retrieved from /opt/airflow/dags/pipeline.py
[2026-05-25T11:43:31.229+0000] {logging_mixin.py:190} INFO - [2026-05-25T11:43:31.228+0000] {dag.py:3239} INFO - Sync 1 DAGs
[2026-05-25T11:43:31.255+0000] {logging_mixin.py:190} INFO - [2026-05-25T11:43:31.255+0000] {dag.py:4180} INFO - Setting next_dagrun for lastfm_pipeline to 2026-05-24 00:00:00+00:00, run_after=2026-05-25 00:00:00+00:00
[2026-05-25T11:43:31.271+0000] {processor.py:208} INFO - Processing /opt/airflow/dags/pipeline.py took 0.100 seconds
[2026-05-25T11:44:01.395+0000] {processor.py:186} INFO - Started process (PID=555) to work on /opt/airflow/dags/pipeline.py
[2026-05-25T11:44:01.395+0000] {processor.py:914} INFO - Processing file /opt/airflow/dags/pipeline.py for tasks to queue
[2026-05-25T11:44:01.397+0000] {logging_mixin.py:190} INFO - [2026-05-25T11:44:01.397+0000] {dagbag.py:588} INFO - Filling up the DagBag from /opt/airflow/dags/pipeline.py
[2026-05-25T11:44:01.411+0000] {processor.py:925} INFO - DAG(s) 'lastfm_pipeline' retrieved from /opt/airflow/dags/pipeline.py
[2026-05-25T11:44:01.435+0000] {logging_mixin.py:190} INFO - [2026-05-25T11:44:01.435+0000] {dag.py:3239} INFO - Sync 1 DAGs
[2026-05-25T11:44:01.454+0000] {logging_mixin.py:190} INFO - [2026-05-25T11:44:01.454+0000] {dag.py:4180} INFO - Setting next_dagrun for lastfm_pipeline to 2026-05-24 00:00:00+00:00, run_after=2026-05-25 00:00:00+00:00
[2026-05-25T11:44:01.468+0000] {processor.py:208} INFO - Processing /opt/airflow/dags/pipeline.py took 0.078 seconds
[2026-05-25T11:44:31.571+0000] {processor.py:186} INFO - Started process (PID=560) to work on /opt/airflow/dags/pipeline.py
[2026-05-25T11:44:31.574+0000] {processor.py:914} INFO - Processing file /opt/airflow/dags/pipeline.py for tasks to queue
[2026-05-25T11:44:31.577+0000] {logging_mixin.py:190} INFO - [2026-05-25T11:44:31.577+0000] {dagbag.py:588} INFO - Filling up the DagBag from /opt/airflow/dags/pipeline.py
[2026-05-25T11:44:31.594+0000] {processor.py:925} INFO - DAG(s) 'lastfm_pipeline' retrieved from /opt/airflow/dags/pipeline.py
[2026-05-25T11:44:31.625+0000] {logging_mixin.py:190} INFO - [2026-05-25T11:44:31.625+0000] {dag.py:3239} INFO - Sync 1 DAGs
[2026-05-25T11:44:31.651+0000] {logging_mixin.py:190} INFO - [2026-05-25T11:44:31.651+0000] {dag.py:4180} INFO - Setting next_dagrun for lastfm_pipeline to 2026-05-24 00:00:00+00:00, run_after=2026-05-25 00:00:00+00:00
[2026-05-25T11:44:31.668+0000] {processor.py:208} INFO - Processing /opt/airflow/dags/pipeline.py took 0.106 seconds
[2026-05-25T11:45:01.786+0000] {processor.py:186} INFO - Started process (PID=565) to work on /opt/airflow/dags/pipeline.py
[2026-05-25T11:45:01.787+0000] {processor.py:914} INFO - Processing file /opt/airflow/dags/pipeline.py for tasks to queue
[2026-05-25T11:45:01.791+0000] {logging_mixin.py:190} INFO - [2026-05-25T11:45:01.790+0000] {dagbag.py:588} INFO - Filling up the DagBag from /opt/airflow/dags/pipeline.py
[2026-05-25T11:45:01.822+0000] {processor.py:925} INFO - DAG(s) 'lastfm_pipeline' retrieved from /opt/airflow/dags/pipeline.py
[2026-05-25T11:45:01.858+0000] {logging_mixin.py:190} INFO - [2026-05-25T11:45:01.858+0000] {dag.py:3239} INFO - Sync 1 DAGs
[2026-05-25T11:45:01.884+0000] {logging_mixin.py:190} INFO - [2026-05-25T11:45:01.884+0000] {dag.py:4180} INFO - Setting next_dagrun for lastfm_pipeline to 2026-05-24 00:00:00+00:00, run_after=2026-05-25 00:00:00+00:00
[2026-05-25T11:45:01.902+0000] {processor.py:208} INFO - Processing /opt/airflow/dags/pipeline.py took 0.128 seconds
[2026-05-25T11:45:31.978+0000] {processor.py:186} INFO - Started process (PID=570) to work on /opt/airflow/dags/pipeline.py
[2026-05-25T11:45:31.979+0000] {processor.py:914} INFO - Processing file /opt/airflow/dags/pipeline.py for tasks to queue
[2026-05-25T11:45:31.982+0000] {logging_mixin.py:190} INFO - [2026-05-25T11:45:31.981+0000] {dagbag.py:588} INFO - Filling up the DagBag from /opt/airflow/dags/pipeline.py
[2026-05-25T11:45:31.996+0000] {processor.py:925} INFO - DAG(s) 'lastfm_pipeline' retrieved from /opt/airflow/dags/pipeline.py
[2026-05-25T11:45:32.024+0000] {logging_mixin.py:190} INFO - [2026-05-25T11:45:32.024+0000] {dag.py:3239} INFO - Sync 1 DAGs
[2026-05-25T11:45:32.048+0000] {logging_mixin.py:190} INFO - [2026-05-25T11:45:32.048+0000] {dag.py:4180} INFO - Setting next_dagrun for lastfm_pipeline to 2026-05-24 00:00:00+00:00, run_after=2026-05-25 00:00:00+00:00
[2026-05-25T11:45:32.062+0000] {processor.py:208} INFO - Processing /opt/airflow/dags/pipeline.py took 0.091 seconds
[2026-05-25T11:46:02.213+0000] {processor.py:186} INFO - Started process (PID=575) to work on /opt/airflow/dags/pipeline.py
[2026-05-25T11:46:02.214+0000] {processor.py:914} INFO - Processing file /opt/airflow/dags/pipeline.py for tasks to queue
[2026-05-25T11:46:02.217+0000] {logging_mixin.py:190} INFO - [2026-05-25T11:46:02.216+0000] {dagbag.py:588} INFO - Filling up the DagBag from /opt/airflow/dags/pipeline.py
[2026-05-25T11:46:02.236+0000] {processor.py:925} INFO - DAG(s) 'lastfm_pipeline' retrieved from /opt/airflow/dags/pipeline.py
[2026-05-25T11:46:02.268+0000] {logging_mixin.py:190} INFO - [2026-05-25T11:46:02.268+0000] {dag.py:3239} INFO - Sync 1 DAGs
[2026-05-25T11:46:02.305+0000] {logging_mixin.py:190} INFO - [2026-05-25T11:46:02.305+0000] {dag.py:4180} INFO - Setting next_dagrun for lastfm_pipeline to 2026-05-24 00:00:00+00:00, run_after=2026-05-25 00:00:00+00:00
[2026-05-25T11:46:02.361+0000] {processor.py:208} INFO - Processing /opt/airflow/dags/pipeline.py took 0.157 seconds
[2026-05-25T11:46:32.517+0000] {processor.py:186} INFO - Started process (PID=580) to work on /opt/airflow/dags/pipeline.py
[2026-05-25T11:46:32.517+0000] {processor.py:914} INFO - Processing file /opt/airflow/dags/pipeline.py for tasks to queue
[2026-05-25T11:46:32.519+0000] {logging_mixin.py:190} INFO - [2026-05-25T11:46:32.519+0000] {dagbag.py:588} INFO - Filling up the DagBag from /opt/airflow/dags/pipeline.py
[2026-05-25T11:46:32.535+0000] {processor.py:925} INFO - DAG(s) 'lastfm_pipeline' retrieved from /opt/airflow/dags/pipeline.py
[2026-05-25T11:46:32.559+0000] {logging_mixin.py:190} INFO - [2026-05-25T11:46:32.559+0000] {dag.py:3239} INFO - Sync 1 DAGs
[2026-05-25T11:46:32.580+0000] {logging_mixin.py:190} INFO - [2026-05-25T11:46:32.580+0000] {dag.py:4180} INFO - Setting next_dagrun for lastfm_pipeline to 2026-05-24 00:00:00+00:00, run_after=2026-05-25 00:00:00+00:00
[2026-05-25T11:46:32.591+0000] {processor.py:208} INFO - Processing /opt/airflow/dags/pipeline.py took 0.080 seconds
[2026-05-25T11:47:02.674+0000] {processor.py:186} INFO - Started process (PID=585) to work on /opt/airflow/dags/pipeline.py
[2026-05-25T11:47:02.675+0000] {processor.py:914} INFO - Processing file /opt/airflow/dags/pipeline.py for tasks to queue
[2026-05-25T11:47:02.678+0000] {logging_mixin.py:190} INFO - [2026-05-25T11:47:02.677+0000] {dagbag.py:588} INFO - Filling up the DagBag from /opt/airflow/dags/pipeline.py
[2026-05-25T11:47:02.695+0000] {processor.py:925} INFO - DAG(s) 'lastfm_pipeline' retrieved from /opt/airflow/dags/pipeline.py
[2026-05-25T11:47:02.726+0000] {logging_mixin.py:190} INFO - [2026-05-25T11:47:02.726+0000] {dag.py:3239} INFO - Sync 1 DAGs
[2026-05-25T11:47:02.751+0000] {logging_mixin.py:190} INFO - [2026-05-25T11:47:02.751+0000] {dag.py:4180} INFO - Setting next_dagrun for lastfm_pipeline to 2026-05-24 00:00:00+00:00, run_after=2026-05-25 00:00:00+00:00
[2026-05-25T11:47:02.767+0000] {processor.py:208} INFO - Processing /opt/airflow/dags/pipeline.py took 0.101 seconds
[2026-05-25T11:47:32.904+0000] {processor.py:186} INFO - Started process (PID=590) to work on /opt/airflow/dags/pipeline.py
[2026-05-25T11:47:32.905+0000] {processor.py:914} INFO - Processing file /opt/airflow/dags/pipeline.py for tasks to queue
[2026-05-25T11:47:32.907+0000] {logging_mixin.py:190} INFO - [2026-05-25T11:47:32.907+0000] {dagbag.py:588} INFO - Filling up the DagBag from /opt/airflow/dags/pipeline.py
[2026-05-25T11:47:32.926+0000] {processor.py:925} INFO - DAG(s) 'lastfm_pipeline' retrieved from /opt/airflow/dags/pipeline.py
[2026-05-25T11:47:32.956+0000] {logging_mixin.py:190} INFO - [2026-05-25T11:47:32.956+0000] {dag.py:3239} INFO - Sync 1 DAGs
[2026-05-25T11:47:32.982+0000] {logging_mixin.py:190} INFO - [2026-05-25T11:47:32.982+0000] {dag.py:4180} INFO - Setting next_dagrun for lastfm_pipeline to 2026-05-24 00:00:00+00:00, run_after=2026-05-25 00:00:00+00:00
[2026-05-25T11:47:32.998+0000] {processor.py:208} INFO - Processing /opt/airflow/dags/pipeline.py took 0.102 seconds
[2026-05-25T11:48:03.068+0000] {processor.py:186} INFO - Started process (PID=595) to work on /opt/airflow/dags/pipeline.py
[2026-05-25T11:48:03.068+0000] {processor.py:914} INFO - Processing file /opt/airflow/dags/pipeline.py for tasks to queue
[2026-05-25T11:48:03.071+0000] {logging_mixin.py:190} INFO - [2026-05-25T11:48:03.071+0000] {dagbag.py:588} INFO - Filling up the DagBag from /opt/airflow/dags/pipeline.py
[2026-05-25T11:48:03.087+0000] {processor.py:925} INFO - DAG(s) 'lastfm_pipeline' retrieved from /opt/airflow/dags/pipeline.py
[2026-05-25T11:48:03.118+0000] {logging_mixin.py:190} INFO - [2026-05-25T11:48:03.117+0000] {dag.py:3239} INFO - Sync 1 DAGs
[2026-05-25T11:48:03.142+0000] {logging_mixin.py:190} INFO - [2026-05-25T11:48:03.142+0000] {dag.py:4180} INFO - Setting next_dagrun for lastfm_pipeline to 2026-05-24 00:00:00+00:00, run_after=2026-05-25 00:00:00+00:00
[2026-05-25T11:48:03.158+0000] {processor.py:208} INFO - Processing /opt/airflow/dags/pipeline.py took 0.097 seconds
[2026-05-25T11:48:33.306+0000] {processor.py:186} INFO - Started process (PID=600) to work on /opt/airflow/dags/pipeline.py
[2026-05-25T11:48:33.307+0000] {processor.py:914} INFO - Processing file /opt/airflow/dags/pipeline.py for tasks to queue
[2026-05-25T11:48:33.309+0000] {logging_mixin.py:190} INFO - [2026-05-25T11:48:33.309+0000] {dagbag.py:588} INFO - Filling up the DagBag from /opt/airflow/dags/pipeline.py
[2026-05-25T11:48:33.327+0000] {processor.py:925} INFO - DAG(s) 'lastfm_pipeline' retrieved from /opt/airflow/dags/pipeline.py
[2026-05-25T11:48:33.357+0000] {logging_mixin.py:190} INFO - [2026-05-25T11:48:33.357+0000] {dag.py:3239} INFO - Sync 1 DAGs
[2026-05-25T11:48:33.384+0000] {logging_mixin.py:190} INFO - [2026-05-25T11:48:33.383+0000] {dag.py:4180} INFO - Setting next_dagrun for lastfm_pipeline to 2026-05-24 00:00:00+00:00, run_after=2026-05-25 00:00:00+00:00
[2026-05-25T11:48:33.400+0000] {processor.py:208} INFO - Processing /opt/airflow/dags/pipeline.py took 0.102 seconds
[2026-05-25T11:49:03.472+0000] {processor.py:186} INFO - Started process (PID=605) to work on /opt/airflow/dags/pipeline.py
[2026-05-25T11:49:03.472+0000] {processor.py:914} INFO - Processing file /opt/airflow/dags/pipeline.py for tasks to queue
[2026-05-25T11:49:03.475+0000] {logging_mixin.py:190} INFO - [2026-05-25T11:49:03.474+0000] {dagbag.py:588} INFO - Filling up the DagBag from /opt/airflow/dags/pipeline.py
[2026-05-25T11:49:03.494+0000] {processor.py:925} INFO - DAG(s) 'lastfm_pipeline' retrieved from /opt/airflow/dags/pipeline.py
[2026-05-25T11:49:03.527+0000] {logging_mixin.py:190} INFO - [2026-05-25T11:49:03.526+0000] {dag.py:3239} INFO - Sync 1 DAGs
[2026-05-25T11:49:03.551+0000] {logging_mixin.py:190} INFO - [2026-05-25T11:49:03.551+0000] {dag.py:4180} INFO - Setting next_dagrun for lastfm_pipeline to 2026-05-24 00:00:00+00:00, run_after=2026-05-25 00:00:00+00:00
[2026-05-25T11:49:03.567+0000] {processor.py:208} INFO - Processing /opt/airflow/dags/pipeline.py took 0.102 seconds
[2026-05-25T11:49:33.712+0000] {processor.py:186} INFO - Started process (PID=610) to work on /opt/airflow/dags/pipeline.py
[2026-05-25T11:49:33.715+0000] {processor.py:914} INFO - Processing file /opt/airflow/dags/pipeline.py for tasks to queue
[2026-05-25T11:49:33.717+0000] {logging_mixin.py:190} INFO - [2026-05-25T11:49:33.717+0000] {dagbag.py:588} INFO - Filling up the DagBag from /opt/airflow/dags/pipeline.py
[2026-05-25T11:49:33.730+0000] {processor.py:925} INFO - DAG(s) 'lastfm_pipeline' retrieved from /opt/airflow/dags/pipeline.py
[2026-05-25T11:49:33.755+0000] {logging_mixin.py:190} INFO - [2026-05-25T11:49:33.754+0000] {dag.py:3239} INFO - Sync 1 DAGs
[2026-05-25T11:49:33.776+0000] {logging_mixin.py:190} INFO - [2026-05-25T11:49:33.776+0000] {dag.py:4180} INFO - Setting next_dagrun for lastfm_pipeline to 2026-05-24 00:00:00+00:00, run_after=2026-05-25 00:00:00+00:00
[2026-05-25T11:49:33.790+0000] {processor.py:208} INFO - Processing /opt/airflow/dags/pipeline.py took 0.082 seconds
[2026-05-25T11:50:03.877+0000] {processor.py:186} INFO - Started process (PID=615) to work on /opt/airflow/dags/pipeline.py
[2026-05-25T11:50:03.878+0000] {processor.py:914} INFO - Processing file /opt/airflow/dags/pipeline.py for tasks to queue
[2026-05-25T11:50:03.881+0000] {logging_mixin.py:190} INFO - [2026-05-25T11:50:03.881+0000] {dagbag.py:588} INFO - Filling up the DagBag from /opt/airflow/dags/pipeline.py
[2026-05-25T11:50:03.898+0000] {processor.py:925} INFO - DAG(s) 'lastfm_pipeline' retrieved from /opt/airflow/dags/pipeline.py
[2026-05-25T11:50:03.931+0000] {logging_mixin.py:190} INFO - [2026-05-25T11:50:03.930+0000] {dag.py:3239} INFO - Sync 1 DAGs
[2026-05-25T11:50:03.957+0000] {logging_mixin.py:190} INFO - [2026-05-25T11:50:03.957+0000] {dag.py:4180} INFO - Setting next_dagrun for lastfm_pipeline to 2026-05-24 00:00:00+00:00, run_after=2026-05-25 00:00:00+00:00
[2026-05-25T11:50:03.974+0000] {processor.py:208} INFO - Processing /opt/airflow/dags/pipeline.py took 0.104 seconds
[2026-05-25T11:51:26.076+0000] {processor.py:186} INFO - Started process (PID=175) to work on /opt/airflow/dags/pipeline.py
[2026-05-25T11:51:26.078+0000] {processor.py:914} INFO - Processing file /opt/airflow/dags/pipeline.py for tasks to queue
[2026-05-25T11:51:26.079+0000] {logging_mixin.py:190} INFO - [2026-05-25T11:51:26.079+0000] {dagbag.py:588} INFO - Filling up the DagBag from /opt/airflow/dags/pipeline.py
[2026-05-25T11:51:26.108+0000] {processor.py:925} INFO - DAG(s) 'lastfm_pipeline' retrieved from /opt/airflow/dags/pipeline.py
[2026-05-25T11:51:26.319+0000] {logging_mixin.py:190} INFO - [2026-05-25T11:51:26.317+0000] {override.py:1930} INFO - Created Permission View: can read on DAG:lastfm_pipeline
[2026-05-25T11:51:26.325+0000] {logging_mixin.py:190} INFO - [2026-05-25T11:51:26.325+0000] {override.py:1930} INFO - Created Permission View: can edit on DAG:lastfm_pipeline
[2026-05-25T11:51:26.329+0000] {logging_mixin.py:190} INFO - [2026-05-25T11:51:26.329+0000] {override.py:1930} INFO - Created Permission View: can delete on DAG:lastfm_pipeline
[2026-05-25T11:51:26.334+0000] {logging_mixin.py:190} INFO - [2026-05-25T11:51:26.334+0000] {override.py:1930} INFO - Created Permission View: can read on DAG Run:lastfm_pipeline
[2026-05-25T11:51:26.337+0000] {logging_mixin.py:190} INFO - [2026-05-25T11:51:26.337+0000] {override.py:1930} INFO - Created Permission View: menu access on DAG Run:lastfm_pipeline
[2026-05-25T11:51:26.341+0000] {logging_mixin.py:190} INFO - [2026-05-25T11:51:26.341+0000] {override.py:1930} INFO - Created Permission View: can delete on DAG Run:lastfm_pipeline
[2026-05-25T11:51:26.345+0000] {logging_mixin.py:190} INFO - [2026-05-25T11:51:26.345+0000] {override.py:1930} INFO - Created Permission View: can create on DAG Run:lastfm_pipeline
[2026-05-25T11:51:26.345+0000] {logging_mixin.py:190} INFO - [2026-05-25T11:51:26.345+0000] {dag.py:3239} INFO - Sync 1 DAGs
[2026-05-25T11:51:26.354+0000] {logging_mixin.py:190} INFO - [2026-05-25T11:51:26.354+0000] {dag.py:3262} INFO - Creating ORM DAG for lastfm_pipeline
[2026-05-25T11:51:26.363+0000] {logging_mixin.py:190} INFO - [2026-05-25T11:51:26.362+0000] {dag.py:4180} INFO - Setting next_dagrun for lastfm_pipeline to 2026-05-24 00:00:00+00:00, run_after=2026-05-25 00:00:00+00:00
[2026-05-25T11:51:26.373+0000] {processor.py:208} INFO - Processing /opt/airflow/dags/pipeline.py took 0.302 seconds
[2026-05-25T11:51:56.530+0000] {processor.py:186} INFO - Started process (PID=180) to work on /opt/airflow/dags/pipeline.py
[2026-05-25T11:51:56.531+0000] {processor.py:914} INFO - Processing file /opt/airflow/dags/pipeline.py for tasks to queue
[2026-05-25T11:51:56.533+0000] {logging_mixin.py:190} INFO - [2026-05-25T11:51:56.533+0000] {dagbag.py:588} INFO - Filling up the DagBag from /opt/airflow/dags/pipeline.py
[2026-05-25T11:51:56.552+0000] {processor.py:925} INFO - DAG(s) 'lastfm_pipeline' retrieved from /opt/airflow/dags/pipeline.py
[2026-05-25T11:51:56.585+0000] {logging_mixin.py:190} INFO - [2026-05-25T11:51:56.585+0000] {dag.py:3239} INFO - Sync 1 DAGs
[2026-05-25T11:51:56.610+0000] {logging_mixin.py:190} INFO - [2026-05-25T11:51:56.610+0000] {dag.py:4180} INFO - Setting next_dagrun for lastfm_pipeline to 2026-05-24 00:00:00+00:00, run_after=2026-05-25 00:00:00+00:00
[2026-05-25T11:51:56.628+0000] {processor.py:208} INFO - Processing /opt/airflow/dags/pipeline.py took 0.104 seconds
[2026-05-25T11:52:26.686+0000] {processor.py:186} INFO - Started process (PID=185) to work on /opt/airflow/dags/pipeline.py
[2026-05-25T11:52:26.686+0000] {processor.py:914} INFO - Processing file /opt/airflow/dags/pipeline.py for tasks to queue
[2026-05-25T11:52:26.688+0000] {logging_mixin.py:190} INFO - [2026-05-25T11:52:26.688+0000] {dagbag.py:588} INFO - Filling up the DagBag from /opt/airflow/dags/pipeline.py
[2026-05-25T11:52:26.703+0000] {processor.py:925} INFO - DAG(s) 'lastfm_pipeline' retrieved from /opt/airflow/dags/pipeline.py
[2026-05-25T11:52:26.727+0000] {logging_mixin.py:190} INFO - [2026-05-25T11:52:26.726+0000] {dag.py:3239} INFO - Sync 1 DAGs
[2026-05-25T11:52:26.749+0000] {logging_mixin.py:190} INFO - [2026-05-25T11:52:26.749+0000] {dag.py:4180} INFO - Setting next_dagrun for lastfm_pipeline to 2026-05-24 00:00:00+00:00, run_after=2026-05-25 00:00:00+00:00
[2026-05-25T11:52:26.764+0000] {processor.py:208} INFO - Processing /opt/airflow/dags/pipeline.py took 0.083 seconds
[2026-05-25T11:52:56.930+0000] {processor.py:186} INFO - Started process (PID=190) to work on /opt/airflow/dags/pipeline.py
[2026-05-25T11:52:56.931+0000] {processor.py:914} INFO - Processing file /opt/airflow/dags/pipeline.py for tasks to queue
[2026-05-25T11:52:56.932+0000] {logging_mixin.py:190} INFO - [2026-05-25T11:52:56.932+0000] {dagbag.py:588} INFO - Filling up the DagBag from /opt/airflow/dags/pipeline.py
[2026-05-25T11:52:56.944+0000] {processor.py:925} INFO - DAG(s) 'lastfm_pipeline' retrieved from /opt/airflow/dags/pipeline.py
[2026-05-25T11:52:56.969+0000] {logging_mixin.py:190} INFO - [2026-05-25T11:52:56.969+0000] {dag.py:3239} INFO - Sync 1 DAGs
[2026-05-25T11:52:56.988+0000] {logging_mixin.py:190} INFO - [2026-05-25T11:52:56.988+0000] {dag.py:4180} INFO - Setting next_dagrun for lastfm_pipeline to 2026-05-24 00:00:00+00:00, run_after=2026-05-25 00:00:00+00:00
[2026-05-25T11:52:57.004+0000] {processor.py:208} INFO - Processing /opt/airflow/dags/pipeline.py took 0.077 seconds
[2026-05-25T11:53:27.102+0000] {processor.py:186} INFO - Started process (PID=195) to work on /opt/airflow/dags/pipeline.py
[2026-05-25T11:53:27.104+0000] {processor.py:914} INFO - Processing file /opt/airflow/dags/pipeline.py for tasks to queue
[2026-05-25T11:53:27.106+0000] {logging_mixin.py:190} INFO - [2026-05-25T11:53:27.106+0000] {dagbag.py:588} INFO - Filling up the DagBag from /opt/airflow/dags/pipeline.py
[2026-05-25T11:53:27.121+0000] {processor.py:925} INFO - DAG(s) 'lastfm_pipeline' retrieved from /opt/airflow/dags/pipeline.py
[2026-05-25T11:53:27.151+0000] {logging_mixin.py:190} INFO - [2026-05-25T11:53:27.150+0000] {dag.py:3239} INFO - Sync 1 DAGs
[2026-05-25T11:53:27.176+0000] {logging_mixin.py:190} INFO - [2026-05-25T11:53:27.176+0000] {dag.py:4180} INFO - Setting next_dagrun for lastfm_pipeline to 2026-05-24 00:00:00+00:00, run_after=2026-05-25 00:00:00+00:00
[2026-05-25T11:53:27.192+0000] {processor.py:208} INFO - Processing /opt/airflow/dags/pipeline.py took 0.097 seconds
[2026-05-25T11:53:57.317+0000] {processor.py:186} INFO - Started process (PID=200) to work on /opt/airflow/dags/pipeline.py
[2026-05-25T11:53:57.317+0000] {processor.py:914} INFO - Processing file /opt/airflow/dags/pipeline.py for tasks to queue
[2026-05-25T11:53:57.319+0000] {logging_mixin.py:190} INFO - [2026-05-25T11:53:57.319+0000] {dagbag.py:588} INFO - Filling up the DagBag from /opt/airflow/dags/pipeline.py
[2026-05-25T11:53:57.331+0000] {processor.py:925} INFO - DAG(s) 'lastfm_pipeline' retrieved from /opt/airflow/dags/pipeline.py
[2026-05-25T11:53:57.354+0000] {logging_mixin.py:190} INFO - [2026-05-25T11:53:57.354+0000] {dag.py:3239} INFO - Sync 1 DAGs
[2026-05-25T11:53:57.372+0000] {logging_mixin.py:190} INFO - [2026-05-25T11:53:57.372+0000] {dag.py:4180} INFO - Setting next_dagrun for lastfm_pipeline to 2026-05-24 00:00:00+00:00, run_after=2026-05-25 00:00:00+00:00
[2026-05-25T11:53:57.383+0000] {processor.py:208} INFO - Processing /opt/airflow/dags/pipeline.py took 0.073 seconds
[2026-05-25T11:54:27.514+0000] {processor.py:186} INFO - Started process (PID=205) to work on /opt/airflow/dags/pipeline.py
[2026-05-25T11:54:27.516+0000] {processor.py:914} INFO - Processing file /opt/airflow/dags/pipeline.py for tasks to queue
[2026-05-25T11:54:27.519+0000] {logging_mixin.py:190} INFO - [2026-05-25T11:54:27.518+0000] {dagbag.py:588} INFO - Filling up the DagBag from /opt/airflow/dags/pipeline.py
[2026-05-25T11:54:27.534+0000] {processor.py:925} INFO - DAG(s) 'lastfm_pipeline' retrieved from /opt/airflow/dags/pipeline.py
[2026-05-25T11:54:27.561+0000] {logging_mixin.py:190} INFO - [2026-05-25T11:54:27.561+0000] {dag.py:3239} INFO - Sync 1 DAGs
[2026-05-25T11:54:27.584+0000] {logging_mixin.py:190} INFO - [2026-05-25T11:54:27.584+0000] {dag.py:4180} INFO - Setting next_dagrun for lastfm_pipeline to 2026-05-24 00:00:00+00:00, run_after=2026-05-25 00:00:00+00:00
[2026-05-25T11:54:27.600+0000] {processor.py:208} INFO - Processing /opt/airflow/dags/pipeline.py took 0.092 seconds
[2026-05-25T11:56:32.957+0000] {processor.py:186} INFO - Started process (PID=175) to work on /opt/airflow/dags/pipeline.py
[2026-05-25T11:56:32.958+0000] {processor.py:914} INFO - Processing file /opt/airflow/dags/pipeline.py for tasks to queue
[2026-05-25T11:56:32.960+0000] {logging_mixin.py:190} INFO - [2026-05-25T11:56:32.960+0000] {dagbag.py:588} INFO - Filling up the DagBag from /opt/airflow/dags/pipeline.py
[2026-05-25T11:56:32.989+0000] {processor.py:925} INFO - DAG(s) 'lastfm_pipeline' retrieved from /opt/airflow/dags/pipeline.py
[2026-05-25T11:56:33.217+0000] {logging_mixin.py:190} INFO - [2026-05-25T11:56:33.215+0000] {override.py:1930} INFO - Created Permission View: can delete on DAG:lastfm_pipeline
[2026-05-25T11:56:33.225+0000] {logging_mixin.py:190} INFO - [2026-05-25T11:56:33.225+0000] {override.py:1930} INFO - Created Permission View: can edit on DAG:lastfm_pipeline
[2026-05-25T11:56:33.230+0000] {logging_mixin.py:190} INFO - [2026-05-25T11:56:33.230+0000] {override.py:1930} INFO - Created Permission View: can read on DAG:lastfm_pipeline
[2026-05-25T11:56:33.236+0000] {logging_mixin.py:190} INFO - [2026-05-25T11:56:33.236+0000] {override.py:1930} INFO - Created Permission View: menu access on DAG Run:lastfm_pipeline
[2026-05-25T11:56:33.243+0000] {logging_mixin.py:190} INFO - [2026-05-25T11:56:33.243+0000] {override.py:1930} INFO - Created Permission View: can delete on DAG Run:lastfm_pipeline
[2026-05-25T11:56:33.251+0000] {logging_mixin.py:190} INFO - [2026-05-25T11:56:33.250+0000] {override.py:1930} INFO - Created Permission View: can read on DAG Run:lastfm_pipeline
[2026-05-25T11:56:33.258+0000] {logging_mixin.py:190} INFO - [2026-05-25T11:56:33.257+0000] {override.py:1930} INFO - Created Permission View: can create on DAG Run:lastfm_pipeline
[2026-05-25T11:56:33.258+0000] {logging_mixin.py:190} INFO - [2026-05-25T11:56:33.258+0000] {dag.py:3239} INFO - Sync 1 DAGs
[2026-05-25T11:56:33.277+0000] {logging_mixin.py:190} INFO - [2026-05-25T11:56:33.277+0000] {dag.py:3262} INFO - Creating ORM DAG for lastfm_pipeline
[2026-05-25T11:56:33.294+0000] {logging_mixin.py:190} INFO - [2026-05-25T11:56:33.294+0000] {dag.py:4180} INFO - Setting next_dagrun for lastfm_pipeline to 2026-05-24 00:00:00+00:00, run_after=2026-05-25 00:00:00+00:00
[2026-05-25T11:56:33.314+0000] {processor.py:208} INFO - Processing /opt/airflow/dags/pipeline.py took 0.361 seconds
[2026-05-25T11:57:03.480+0000] {processor.py:186} INFO - Started process (PID=180) to work on /opt/airflow/dags/pipeline.py
[2026-05-25T11:57:03.480+0000] {processor.py:914} INFO - Processing file /opt/airflow/dags/pipeline.py for tasks to queue
[2026-05-25T11:57:03.482+0000] {logging_mixin.py:190} INFO - [2026-05-25T11:57:03.482+0000] {dagbag.py:588} INFO - Filling up the DagBag from /opt/airflow/dags/pipeline.py
[2026-05-25T11:57:03.502+0000] {processor.py:925} INFO - DAG(s) 'lastfm_pipeline' retrieved from /opt/airflow/dags/pipeline.py
[2026-05-25T11:57:03.532+0000] {logging_mixin.py:190} INFO - [2026-05-25T11:57:03.532+0000] {dag.py:3239} INFO - Sync 1 DAGs
[2026-05-25T11:57:03.555+0000] {logging_mixin.py:190} INFO - [2026-05-25T11:57:03.555+0000] {dag.py:4180} INFO - Setting next_dagrun for lastfm_pipeline to 2026-05-24 00:00:00+00:00, run_after=2026-05-25 00:00:00+00:00
[2026-05-25T11:57:03.571+0000] {processor.py:208} INFO - Processing /opt/airflow/dags/pipeline.py took 0.097 seconds
[2026-05-25T11:57:33.636+0000] {processor.py:186} INFO - Started process (PID=185) to work on /opt/airflow/dags/pipeline.py
[2026-05-25T11:57:33.637+0000] {processor.py:914} INFO - Processing file /opt/airflow/dags/pipeline.py for tasks to queue
[2026-05-25T11:57:33.639+0000] {logging_mixin.py:190} INFO - [2026-05-25T11:57:33.639+0000] {dagbag.py:588} INFO - Filling up the DagBag from /opt/airflow/dags/pipeline.py
[2026-05-25T11:57:33.655+0000] {processor.py:925} INFO - DAG(s) 'lastfm_pipeline' retrieved from /opt/airflow/dags/pipeline.py
[2026-05-25T11:57:33.683+0000] {logging_mixin.py:190} INFO - [2026-05-25T11:57:33.683+0000] {dag.py:3239} INFO - Sync 1 DAGs
[2026-05-25T11:57:33.707+0000] {logging_mixin.py:190} INFO - [2026-05-25T11:57:33.707+0000] {dag.py:4180} INFO - Setting next_dagrun for lastfm_pipeline to 2026-05-24 00:00:00+00:00, run_after=2026-05-25 00:00:00+00:00
[2026-05-25T11:57:33.724+0000] {processor.py:208} INFO - Processing /opt/airflow/dags/pipeline.py took 0.095 seconds
[2026-05-25T11:58:03.884+0000] {processor.py:186} INFO - Started process (PID=190) to work on /opt/airflow/dags/pipeline.py
[2026-05-25T11:58:03.885+0000] {processor.py:914} INFO - Processing file /opt/airflow/dags/pipeline.py for tasks to queue
[2026-05-25T11:58:03.887+0000] {logging_mixin.py:190} INFO - [2026-05-25T11:58:03.887+0000] {dagbag.py:588} INFO - Filling up the DagBag from /opt/airflow/dags/pipeline.py
[2026-05-25T11:58:03.901+0000] {processor.py:925} INFO - DAG(s) 'lastfm_pipeline' retrieved from /opt/airflow/dags/pipeline.py
[2026-05-25T11:58:03.931+0000] {logging_mixin.py:190} INFO - [2026-05-25T11:58:03.930+0000] {dag.py:3239} INFO - Sync 1 DAGs
[2026-05-25T11:58:03.954+0000] {logging_mixin.py:190} INFO - [2026-05-25T11:58:03.954+0000] {dag.py:4180} INFO - Setting next_dagrun for lastfm_pipeline to 2026-05-24 00:00:00+00:00, run_after=2026-05-25 00:00:00+00:00
[2026-05-25T11:58:03.971+0000] {processor.py:208} INFO - Processing /opt/airflow/dags/pipeline.py took 0.094 seconds
[2026-05-25T11:58:34.042+0000] {processor.py:186} INFO - Started process (PID=195) to work on /opt/airflow/dags/pipeline.py
[2026-05-25T11:58:34.044+0000] {processor.py:914} INFO - Processing file /opt/airflow/dags/pipeline.py for tasks to queue
[2026-05-25T11:58:34.047+0000] {logging_mixin.py:190} INFO - [2026-05-25T11:58:34.047+0000] {dagbag.py:588} INFO - Filling up the DagBag from /opt/airflow/dags/pipeline.py
[2026-05-25T11:58:34.061+0000] {processor.py:925} INFO - DAG(s) 'lastfm_pipeline' retrieved from /opt/airflow/dags/pipeline.py
[2026-05-25T11:58:34.088+0000] {logging_mixin.py:190} INFO - [2026-05-25T11:58:34.088+0000] {dag.py:3239} INFO - Sync 1 DAGs
[2026-05-25T11:58:34.113+0000] {logging_mixin.py:190} INFO - [2026-05-25T11:58:34.112+0000] {dag.py:4180} INFO - Setting next_dagrun for lastfm_pipeline to 2026-05-24 00:00:00+00:00, run_after=2026-05-25 00:00:00+00:00
[2026-05-25T11:58:34.128+0000] {processor.py:208} INFO - Processing /opt/airflow/dags/pipeline.py took 0.092 seconds
[2026-05-25T11:59:04.283+0000] {processor.py:186} INFO - Started process (PID=200) to work on /opt/airflow/dags/pipeline.py
[2026-05-25T11:59:04.284+0000] {processor.py:914} INFO - Processing file /opt/airflow/dags/pipeline.py for tasks to queue
[2026-05-25T11:59:04.286+0000] {logging_mixin.py:190} INFO - [2026-05-25T11:59:04.286+0000] {dagbag.py:588} INFO - Filling up the DagBag from /opt/airflow/dags/pipeline.py
[2026-05-25T11:59:04.300+0000] {processor.py:925} INFO - DAG(s) 'lastfm_pipeline' retrieved from /opt/airflow/dags/pipeline.py
[2026-05-25T11:59:04.330+0000] {logging_mixin.py:190} INFO - [2026-05-25T11:59:04.329+0000] {dag.py:3239} INFO - Sync 1 DAGs
[2026-05-25T11:59:04.353+0000] {logging_mixin.py:190} INFO - [2026-05-25T11:59:04.353+0000] {dag.py:4180} INFO - Setting next_dagrun for lastfm_pipeline to 2026-05-24 00:00:00+00:00, run_after=2026-05-25 00:00:00+00:00
[2026-05-25T11:59:04.368+0000] {processor.py:208} INFO - Processing /opt/airflow/dags/pipeline.py took 0.090 seconds
[2026-05-25T11:59:34.436+0000] {processor.py:186} INFO - Started process (PID=205) to work on /opt/airflow/dags/pipeline.py
[2026-05-25T11:59:34.436+0000] {processor.py:914} INFO - Processing file /opt/airflow/dags/pipeline.py for tasks to queue
[2026-05-25T11:59:34.438+0000] {logging_mixin.py:190} INFO - [2026-05-25T11:59:34.438+0000] {dagbag.py:588} INFO - Filling up the DagBag from /opt/airflow/dags/pipeline.py
[2026-05-25T11:59:34.457+0000] {processor.py:925} INFO - DAG(s) 'lastfm_pipeline' retrieved from /opt/airflow/dags/pipeline.py
[2026-05-25T11:59:34.487+0000] {logging_mixin.py:190} INFO - [2026-05-25T11:59:34.487+0000] {dag.py:3239} INFO - Sync 1 DAGs
[2026-05-25T11:59:34.513+0000] {logging_mixin.py:190} INFO - [2026-05-25T11:59:34.513+0000] {dag.py:4180} INFO - Setting next_dagrun for lastfm_pipeline to 2026-05-24 00:00:00+00:00, run_after=2026-05-25 00:00:00+00:00
[2026-05-25T11:59:34.531+0000] {processor.py:208} INFO - Processing /opt/airflow/dags/pipeline.py took 0.100 seconds
[2026-05-25T12:00:04.669+0000] {processor.py:186} INFO - Started process (PID=210) to work on /opt/airflow/dags/pipeline.py
[2026-05-25T12:00:04.672+0000] {processor.py:914} INFO - Processing file /opt/airflow/dags/pipeline.py for tasks to queue
[2026-05-25T12:00:04.674+0000] {logging_mixin.py:190} INFO - [2026-05-25T12:00:04.674+0000] {dagbag.py:588} INFO - Filling up the DagBag from /opt/airflow/dags/pipeline.py
[2026-05-25T12:00:04.688+0000] {processor.py:925} INFO - DAG(s) 'lastfm_pipeline' retrieved from /opt/airflow/dags/pipeline.py
[2026-05-25T12:00:04.714+0000] {logging_mixin.py:190} INFO - [2026-05-25T12:00:04.714+0000] {dag.py:3239} INFO - Sync 1 DAGs
[2026-05-25T12:00:04.739+0000] {logging_mixin.py:190} INFO - [2026-05-25T12:00:04.738+0000] {dag.py:4180} INFO - Setting next_dagrun for lastfm_pipeline to 2026-05-24 00:00:00+00:00, run_after=2026-05-25 00:00:00+00:00
[2026-05-25T12:00:04.755+0000] {processor.py:208} INFO - Processing /opt/airflow/dags/pipeline.py took 0.091 seconds
[2026-05-25T12:00:34.834+0000] {processor.py:186} INFO - Started process (PID=215) to work on /opt/airflow/dags/pipeline.py
[2026-05-25T12:00:34.834+0000] {processor.py:914} INFO - Processing file /opt/airflow/dags/pipeline.py for tasks to queue
[2026-05-25T12:00:34.836+0000] {logging_mixin.py:190} INFO - [2026-05-25T12:00:34.836+0000] {dagbag.py:588} INFO - Filling up the DagBag from /opt/airflow/dags/pipeline.py
[2026-05-25T12:00:34.851+0000] {processor.py:925} INFO - DAG(s) 'lastfm_pipeline' retrieved from /opt/airflow/dags/pipeline.py
[2026-05-25T12:00:34.880+0000] {logging_mixin.py:190} INFO - [2026-05-25T12:00:34.879+0000] {dag.py:3239} INFO - Sync 1 DAGs
[2026-05-25T12:00:34.902+0000] {logging_mixin.py:190} INFO - [2026-05-25T12:00:34.902+0000] {dag.py:4180} INFO - Setting next_dagrun for lastfm_pipeline to 2026-05-24 00:00:00+00:00, run_after=2026-05-25 00:00:00+00:00
[2026-05-25T12:00:34.919+0000] {processor.py:208} INFO - Processing /opt/airflow/dags/pipeline.py took 0.090 seconds
[2026-05-25T12:01:05.072+0000] {processor.py:186} INFO - Started process (PID=220) to work on /opt/airflow/dags/pipeline.py
[2026-05-25T12:01:05.075+0000] {processor.py:914} INFO - Processing file /opt/airflow/dags/pipeline.py for tasks to queue
[2026-05-25T12:01:05.077+0000] {logging_mixin.py:190} INFO - [2026-05-25T12:01:05.076+0000] {dagbag.py:588} INFO - Filling up the DagBag from /opt/airflow/dags/pipeline.py
[2026-05-25T12:01:05.092+0000] {processor.py:925} INFO - DAG(s) 'lastfm_pipeline' retrieved from /opt/airflow/dags/pipeline.py
[2026-05-25T12:01:05.122+0000] {logging_mixin.py:190} INFO - [2026-05-25T12:01:05.122+0000] {dag.py:3239} INFO - Sync 1 DAGs
[2026-05-25T12:01:05.149+0000] {logging_mixin.py:190} INFO - [2026-05-25T12:01:05.148+0000] {dag.py:4180} INFO - Setting next_dagrun for lastfm_pipeline to 2026-05-24 00:00:00+00:00, run_after=2026-05-25 00:00:00+00:00
[2026-05-25T12:01:05.166+0000] {processor.py:208} INFO - Processing /opt/airflow/dags/pipeline.py took 0.099 seconds
[2026-05-25T12:01:35.251+0000] {processor.py:186} INFO - Started process (PID=225) to work on /opt/airflow/dags/pipeline.py
[2026-05-25T12:01:35.251+0000] {processor.py:914} INFO - Processing file /opt/airflow/dags/pipeline.py for tasks to queue
[2026-05-25T12:01:35.253+0000] {logging_mixin.py:190} INFO - [2026-05-25T12:01:35.253+0000] {dagbag.py:588} INFO - Filling up the DagBag from /opt/airflow/dags/pipeline.py
[2026-05-25T12:01:35.268+0000] {processor.py:925} INFO - DAG(s) 'lastfm_pipeline' retrieved from /opt/airflow/dags/pipeline.py
[2026-05-25T12:01:35.297+0000] {logging_mixin.py:190} INFO - [2026-05-25T12:01:35.296+0000] {dag.py:3239} INFO - Sync 1 DAGs
[2026-05-25T12:01:35.320+0000] {logging_mixin.py:190} INFO - [2026-05-25T12:01:35.320+0000] {dag.py:4180} INFO - Setting next_dagrun for lastfm_pipeline to 2026-05-24 00:00:00+00:00, run_after=2026-05-25 00:00:00+00:00
[2026-05-25T12:01:35.337+0000] {processor.py:208} INFO - Processing /opt/airflow/dags/pipeline.py took 0.092 seconds
[2026-05-25T12:02:05.471+0000] {processor.py:186} INFO - Started process (PID=230) to work on /opt/airflow/dags/pipeline.py
[2026-05-25T12:02:05.474+0000] {processor.py:914} INFO - Processing file /opt/airflow/dags/pipeline.py for tasks to queue
[2026-05-25T12:02:05.478+0000] {logging_mixin.py:190} INFO - [2026-05-25T12:02:05.477+0000] {dagbag.py:588} INFO - Filling up the DagBag from /opt/airflow/dags/pipeline.py
[2026-05-25T12:02:05.492+0000] {processor.py:925} INFO - DAG(s) 'lastfm_pipeline' retrieved from /opt/airflow/dags/pipeline.py
[2026-05-25T12:02:05.519+0000] {logging_mixin.py:190} INFO - [2026-05-25T12:02:05.518+0000] {dag.py:3239} INFO - Sync 1 DAGs
[2026-05-25T12:02:05.542+0000] {logging_mixin.py:190} INFO - [2026-05-25T12:02:05.542+0000] {dag.py:4180} INFO - Setting next_dagrun for lastfm_pipeline to 2026-05-24 00:00:00+00:00, run_after=2026-05-25 00:00:00+00:00
[2026-05-25T12:02:05.558+0000] {processor.py:208} INFO - Processing /opt/airflow/dags/pipeline.py took 0.092 seconds
[2026-05-25T12:02:35.650+0000] {processor.py:186} INFO - Started process (PID=235) to work on /opt/airflow/dags/pipeline.py
[2026-05-25T12:02:35.651+0000] {processor.py:914} INFO - Processing file /opt/airflow/dags/pipeline.py for tasks to queue
[2026-05-25T12:02:35.655+0000] {logging_mixin.py:190} INFO - [2026-05-25T12:02:35.654+0000] {dagbag.py:588} INFO - Filling up the DagBag from /opt/airflow/dags/pipeline.py
[2026-05-25T12:02:35.669+0000] {processor.py:925} INFO - DAG(s) 'lastfm_pipeline' retrieved from /opt/airflow/dags/pipeline.py
[2026-05-25T12:02:35.699+0000] {logging_mixin.py:190} INFO - [2026-05-25T12:02:35.699+0000] {dag.py:3239} INFO - Sync 1 DAGs
[2026-05-25T12:02:35.723+0000] {logging_mixin.py:190} INFO - [2026-05-25T12:02:35.723+0000] {dag.py:4180} INFO - Setting next_dagrun for lastfm_pipeline to 2026-05-24 00:00:00+00:00, run_after=2026-05-25 00:00:00+00:00
[2026-05-25T12:02:35.739+0000] {processor.py:208} INFO - Processing /opt/airflow/dags/pipeline.py took 0.094 seconds
[2026-05-25T12:03:05.872+0000] {processor.py:186} INFO - Started process (PID=240) to work on /opt/airflow/dags/pipeline.py
[2026-05-25T12:03:05.875+0000] {processor.py:914} INFO - Processing file /opt/airflow/dags/pipeline.py for tasks to queue
[2026-05-25T12:03:05.876+0000] {logging_mixin.py:190} INFO - [2026-05-25T12:03:05.876+0000] {dagbag.py:588} INFO - Filling up the DagBag from /opt/airflow/dags/pipeline.py
[2026-05-25T12:03:05.890+0000] {processor.py:925} INFO - DAG(s) 'lastfm_pipeline' retrieved from /opt/airflow/dags/pipeline.py
[2026-05-25T12:03:05.916+0000] {logging_mixin.py:190} INFO - [2026-05-25T12:03:05.916+0000] {dag.py:3239} INFO - Sync 1 DAGs
[2026-05-25T12:03:05.940+0000] {logging_mixin.py:190} INFO - [2026-05-25T12:03:05.940+0000] {dag.py:4180} INFO - Setting next_dagrun for lastfm_pipeline to 2026-05-24 00:00:00+00:00, run_after=2026-05-25 00:00:00+00:00
[2026-05-25T12:03:05.957+0000] {processor.py:208} INFO - Processing /opt/airflow/dags/pipeline.py took 0.090 seconds
[2026-05-25T12:03:36.050+0000] {processor.py:186} INFO - Started process (PID=245) to work on /opt/airflow/dags/pipeline.py
[2026-05-25T12:03:36.051+0000] {processor.py:914} INFO - Processing file /opt/airflow/dags/pipeline.py for tasks to queue
[2026-05-25T12:03:36.052+0000] {logging_mixin.py:190} INFO - [2026-05-25T12:03:36.052+0000] {dagbag.py:588} INFO - Filling up the DagBag from /opt/airflow/dags/pipeline.py
[2026-05-25T12:03:36.068+0000] {processor.py:925} INFO - DAG(s) 'lastfm_pipeline' retrieved from /opt/airflow/dags/pipeline.py
[2026-05-25T12:03:36.096+0000] {logging_mixin.py:190} INFO - [2026-05-25T12:03:36.095+0000] {dag.py:3239} INFO - Sync 1 DAGs
[2026-05-25T12:03:36.119+0000] {logging_mixin.py:190} INFO - [2026-05-25T12:03:36.119+0000] {dag.py:4180} INFO - Setting next_dagrun for lastfm_pipeline to 2026-05-24 00:00:00+00:00, run_after=2026-05-25 00:00:00+00:00
[2026-05-25T12:03:36.136+0000] {processor.py:208} INFO - Processing /opt/airflow/dags/pipeline.py took 0.091 seconds
[2026-05-25T12:04:06.259+0000] {processor.py:186} INFO - Started process (PID=250) to work on /opt/airflow/dags/pipeline.py
[2026-05-25T12:04:06.260+0000] {processor.py:914} INFO - Processing file /opt/airflow/dags/pipeline.py for tasks to queue
[2026-05-25T12:04:06.263+0000] {logging_mixin.py:190} INFO - [2026-05-25T12:04:06.262+0000] {dagbag.py:588} INFO - Filling up the DagBag from /opt/airflow/dags/pipeline.py
[2026-05-25T12:04:06.287+0000] {processor.py:925} INFO - DAG(s) 'lastfm_pipeline' retrieved from /opt/airflow/dags/pipeline.py
[2026-05-25T12:04:06.318+0000] {logging_mixin.py:190} INFO - [2026-05-25T12:04:06.317+0000] {dag.py:3239} INFO - Sync 1 DAGs
[2026-05-25T12:04:06.347+0000] {logging_mixin.py:190} INFO - [2026-05-25T12:04:06.346+0000] {dag.py:4180} INFO - Setting next_dagrun for lastfm_pipeline to 2026-05-24 00:00:00+00:00, run_after=2026-05-25 00:00:00+00:00
[2026-05-25T12:04:06.364+0000] {processor.py:208} INFO - Processing /opt/airflow/dags/pipeline.py took 0.111 seconds
[2026-05-25T12:04:36.433+0000] {processor.py:186} INFO - Started process (PID=255) to work on /opt/airflow/dags/pipeline.py
[2026-05-25T12:04:36.433+0000] {processor.py:914} INFO - Processing file /opt/airflow/dags/pipeline.py for tasks to queue
[2026-05-25T12:04:36.436+0000] {logging_mixin.py:190} INFO - [2026-05-25T12:04:36.435+0000] {dagbag.py:588} INFO - Filling up the DagBag from /opt/airflow/dags/pipeline.py
[2026-05-25T12:04:36.454+0000] {processor.py:925} INFO - DAG(s) 'lastfm_pipeline' retrieved from /opt/airflow/dags/pipeline.py
[2026-05-25T12:04:36.489+0000] {logging_mixin.py:190} INFO - [2026-05-25T12:04:36.488+0000] {dag.py:3239} INFO - Sync 1 DAGs
[2026-05-25T12:04:36.518+0000] {logging_mixin.py:190} INFO - [2026-05-25T12:04:36.518+0000] {dag.py:4180} INFO - Setting next_dagrun for lastfm_pipeline to 2026-05-24 00:00:00+00:00, run_after=2026-05-25 00:00:00+00:00
[2026-05-25T12:04:36.534+0000] {processor.py:208} INFO - Processing /opt/airflow/dags/pipeline.py took 0.107 seconds
[2026-05-25T12:05:06.668+0000] {processor.py:186} INFO - Started process (PID=260) to work on /opt/airflow/dags/pipeline.py
[2026-05-25T12:05:06.668+0000] {processor.py:914} INFO - Processing file /opt/airflow/dags/pipeline.py for tasks to queue
[2026-05-25T12:05:06.671+0000] {logging_mixin.py:190} INFO - [2026-05-25T12:05:06.670+0000] {dagbag.py:588} INFO - Filling up the DagBag from /opt/airflow/dags/pipeline.py
[2026-05-25T12:05:06.688+0000] {processor.py:925} INFO - DAG(s) 'lastfm_pipeline' retrieved from /opt/airflow/dags/pipeline.py
[2026-05-25T12:05:06.717+0000] {logging_mixin.py:190} INFO - [2026-05-25T12:05:06.717+0000] {dag.py:3239} INFO - Sync 1 DAGs
[2026-05-25T12:05:06.741+0000] {logging_mixin.py:190} INFO - [2026-05-25T12:05:06.741+0000] {dag.py:4180} INFO - Setting next_dagrun for lastfm_pipeline to 2026-05-24 00:00:00+00:00, run_after=2026-05-25 00:00:00+00:00
[2026-05-25T12:05:06.756+0000] {processor.py:208} INFO - Processing /opt/airflow/dags/pipeline.py took 0.094 seconds
[2026-05-25T12:05:36.841+0000] {processor.py:186} INFO - Started process (PID=265) to work on /opt/airflow/dags/pipeline.py
[2026-05-25T12:05:36.841+0000] {processor.py:914} INFO - Processing file /opt/airflow/dags/pipeline.py for tasks to queue
[2026-05-25T12:05:36.843+0000] {logging_mixin.py:190} INFO - [2026-05-25T12:05:36.843+0000] {dagbag.py:588} INFO - Filling up the DagBag from /opt/airflow/dags/pipeline.py
[2026-05-25T12:05:36.857+0000] {processor.py:925} INFO - DAG(s) 'lastfm_pipeline' retrieved from /opt/airflow/dags/pipeline.py
[2026-05-25T12:05:36.885+0000] {logging_mixin.py:190} INFO - [2026-05-25T12:05:36.885+0000] {dag.py:3239} INFO - Sync 1 DAGs
[2026-05-25T12:05:36.905+0000] {logging_mixin.py:190} INFO - [2026-05-25T12:05:36.905+0000] {dag.py:4180} INFO - Setting next_dagrun for lastfm_pipeline to 2026-05-24 00:00:00+00:00, run_after=2026-05-25 00:00:00+00:00
[2026-05-25T12:05:36.918+0000] {processor.py:208} INFO - Processing /opt/airflow/dags/pipeline.py took 0.083 seconds
[2026-05-25T12:06:07.055+0000] {processor.py:186} INFO - Started process (PID=270) to work on /opt/airflow/dags/pipeline.py
[2026-05-25T12:06:07.058+0000] {processor.py:914} INFO - Processing file /opt/airflow/dags/pipeline.py for tasks to queue
[2026-05-25T12:06:07.061+0000] {logging_mixin.py:190} INFO - [2026-05-25T12:06:07.060+0000] {dagbag.py:588} INFO - Filling up the DagBag from /opt/airflow/dags/pipeline.py
[2026-05-25T12:06:07.078+0000] {processor.py:925} INFO - DAG(s) 'lastfm_pipeline' retrieved from /opt/airflow/dags/pipeline.py
[2026-05-25T12:06:07.110+0000] {logging_mixin.py:190} INFO - [2026-05-25T12:06:07.110+0000] {dag.py:3239} INFO - Sync 1 DAGs
[2026-05-25T12:06:07.136+0000] {logging_mixin.py:190} INFO - [2026-05-25T12:06:07.135+0000] {dag.py:4180} INFO - Setting next_dagrun for lastfm_pipeline to 2026-05-24 00:00:00+00:00, run_after=2026-05-25 00:00:00+00:00
[2026-05-25T12:06:07.152+0000] {processor.py:208} INFO - Processing /opt/airflow/dags/pipeline.py took 0.102 seconds
[2026-05-25T12:06:37.221+0000] {processor.py:186} INFO - Started process (PID=275) to work on /opt/airflow/dags/pipeline.py
[2026-05-25T12:06:37.222+0000] {processor.py:914} INFO - Processing file /opt/airflow/dags/pipeline.py for tasks to queue
[2026-05-25T12:06:37.225+0000] {logging_mixin.py:190} INFO - [2026-05-25T12:06:37.224+0000] {dagbag.py:588} INFO - Filling up the DagBag from /opt/airflow/dags/pipeline.py
[2026-05-25T12:06:37.240+0000] {processor.py:925} INFO - DAG(s) 'lastfm_pipeline' retrieved from /opt/airflow/dags/pipeline.py
[2026-05-25T12:06:37.269+0000] {logging_mixin.py:190} INFO - [2026-05-25T12:06:37.269+0000] {dag.py:3239} INFO - Sync 1 DAGs
[2026-05-25T12:06:37.293+0000] {logging_mixin.py:190} INFO - [2026-05-25T12:06:37.293+0000] {dag.py:4180} INFO - Setting next_dagrun for lastfm_pipeline to 2026-05-24 00:00:00+00:00, run_after=2026-05-25 00:00:00+00:00
[2026-05-25T12:06:37.315+0000] {processor.py:208} INFO - Processing /opt/airflow/dags/pipeline.py took 0.099 seconds
[2026-05-25T12:07:07.474+0000] {processor.py:186} INFO - Started process (PID=280) to work on /opt/airflow/dags/pipeline.py
[2026-05-25T12:07:07.476+0000] {processor.py:914} INFO - Processing file /opt/airflow/dags/pipeline.py for tasks to queue
[2026-05-25T12:07:07.479+0000] {logging_mixin.py:190} INFO - [2026-05-25T12:07:07.478+0000] {dagbag.py:588} INFO - Filling up the DagBag from /opt/airflow/dags/pipeline.py
[2026-05-25T12:07:07.491+0000] {processor.py:925} INFO - DAG(s) 'lastfm_pipeline' retrieved from /opt/airflow/dags/pipeline.py
[2026-05-25T12:07:07.512+0000] {logging_mixin.py:190} INFO - [2026-05-25T12:07:07.512+0000] {dag.py:3239} INFO - Sync 1 DAGs
[2026-05-25T12:07:07.531+0000] {logging_mixin.py:190} INFO - [2026-05-25T12:07:07.531+0000] {dag.py:4180} INFO - Setting next_dagrun for lastfm_pipeline to 2026-05-24 00:00:00+00:00, run_after=2026-05-25 00:00:00+00:00
[2026-05-25T12:07:07.543+0000] {processor.py:208} INFO - Processing /opt/airflow/dags/pipeline.py took 0.074 seconds
[2026-05-25T12:07:37.626+0000] {processor.py:186} INFO - Started process (PID=285) to work on /opt/airflow/dags/pipeline.py
[2026-05-25T12:07:37.626+0000] {processor.py:914} INFO - Processing file /opt/airflow/dags/pipeline.py for tasks to queue
[2026-05-25T12:07:37.628+0000] {logging_mixin.py:190} INFO - [2026-05-25T12:07:37.628+0000] {dagbag.py:588} INFO - Filling up the DagBag from /opt/airflow/dags/pipeline.py
[2026-05-25T12:07:37.644+0000] {processor.py:925} INFO - DAG(s) 'lastfm_pipeline' retrieved from /opt/airflow/dags/pipeline.py
[2026-05-25T12:07:37.674+0000] {logging_mixin.py:190} INFO - [2026-05-25T12:07:37.673+0000] {dag.py:3239} INFO - Sync 1 DAGs
[2026-05-25T12:07:37.698+0000] {logging_mixin.py:190} INFO - [2026-05-25T12:07:37.697+0000] {dag.py:4180} INFO - Setting next_dagrun for lastfm_pipeline to 2026-05-24 00:00:00+00:00, run_after=2026-05-25 00:00:00+00:00
[2026-05-25T12:07:37.714+0000] {processor.py:208} INFO - Processing /opt/airflow/dags/pipeline.py took 0.094 seconds
[2026-05-25T12:08:07.838+0000] {processor.py:186} INFO - Started process (PID=290) to work on /opt/airflow/dags/pipeline.py
[2026-05-25T12:08:07.839+0000] {processor.py:914} INFO - Processing file /opt/airflow/dags/pipeline.py for tasks to queue
[2026-05-25T12:08:07.841+0000] {logging_mixin.py:190} INFO - [2026-05-25T12:08:07.840+0000] {dagbag.py:588} INFO - Filling up the DagBag from /opt/airflow/dags/pipeline.py
[2026-05-25T12:08:07.856+0000] {processor.py:925} INFO - DAG(s) 'lastfm_pipeline' retrieved from /opt/airflow/dags/pipeline.py
[2026-05-25T12:08:07.884+0000] {logging_mixin.py:190} INFO - [2026-05-25T12:08:07.884+0000] {dag.py:3239} INFO - Sync 1 DAGs
[2026-05-25T12:08:07.908+0000] {logging_mixin.py:190} INFO - [2026-05-25T12:08:07.908+0000] {dag.py:4180} INFO - Setting next_dagrun for lastfm_pipeline to 2026-05-24 00:00:00+00:00, run_after=2026-05-25 00:00:00+00:00
[2026-05-25T12:08:07.924+0000] {processor.py:208} INFO - Processing /opt/airflow/dags/pipeline.py took 0.092 seconds
[2026-05-25T12:08:38.024+0000] {processor.py:186} INFO - Started process (PID=295) to work on /opt/airflow/dags/pipeline.py
[2026-05-25T12:08:38.025+0000] {processor.py:914} INFO - Processing file /opt/airflow/dags/pipeline.py for tasks to queue
[2026-05-25T12:08:38.026+0000] {logging_mixin.py:190} INFO - [2026-05-25T12:08:38.026+0000] {dagbag.py:588} INFO - Filling up the DagBag from /opt/airflow/dags/pipeline.py
[2026-05-25T12:08:38.044+0000] {processor.py:925} INFO - DAG(s) 'lastfm_pipeline' retrieved from /opt/airflow/dags/pipeline.py
[2026-05-25T12:08:38.076+0000] {logging_mixin.py:190} INFO - [2026-05-25T12:08:38.076+0000] {dag.py:3239} INFO - Sync 1 DAGs
[2026-05-25T12:08:38.103+0000] {logging_mixin.py:190} INFO - [2026-05-25T12:08:38.102+0000] {dag.py:4180} INFO - Setting next_dagrun for lastfm_pipeline to 2026-05-24 00:00:00+00:00, run_after=2026-05-25 00:00:00+00:00
[2026-05-25T12:08:38.120+0000] {processor.py:208} INFO - Processing /opt/airflow/dags/pipeline.py took 0.103 seconds
[2026-05-25T12:09:08.233+0000] {processor.py:186} INFO - Started process (PID=300) to work on /opt/airflow/dags/pipeline.py
[2026-05-25T12:09:08.236+0000] {processor.py:914} INFO - Processing file /opt/airflow/dags/pipeline.py for tasks to queue
[2026-05-25T12:09:08.238+0000] {logging_mixin.py:190} INFO - [2026-05-25T12:09:08.238+0000] {dagbag.py:588} INFO - Filling up the DagBag from /opt/airflow/dags/pipeline.py
[2026-05-25T12:09:08.254+0000] {processor.py:925} INFO - DAG(s) 'lastfm_pipeline' retrieved from /opt/airflow/dags/pipeline.py
[2026-05-25T12:09:08.283+0000] {logging_mixin.py:190} INFO - [2026-05-25T12:09:08.283+0000] {dag.py:3239} INFO - Sync 1 DAGs
[2026-05-25T12:09:08.307+0000] {logging_mixin.py:190} INFO - [2026-05-25T12:09:08.307+0000] {dag.py:4180} INFO - Setting next_dagrun for lastfm_pipeline to 2026-05-24 00:00:00+00:00, run_after=2026-05-25 00:00:00+00:00
[2026-05-25T12:09:08.323+0000] {processor.py:208} INFO - Processing /opt/airflow/dags/pipeline.py took 0.096 seconds
[2026-05-25T12:09:38.414+0000] {processor.py:186} INFO - Started process (PID=305) to work on /opt/airflow/dags/pipeline.py
[2026-05-25T12:09:38.415+0000] {processor.py:914} INFO - Processing file /opt/airflow/dags/pipeline.py for tasks to queue
[2026-05-25T12:09:38.417+0000] {logging_mixin.py:190} INFO - [2026-05-25T12:09:38.417+0000] {dagbag.py:588} INFO - Filling up the DagBag from /opt/airflow/dags/pipeline.py
[2026-05-25T12:09:38.432+0000] {processor.py:925} INFO - DAG(s) 'lastfm_pipeline' retrieved from /opt/airflow/dags/pipeline.py
[2026-05-25T12:09:38.460+0000] {logging_mixin.py:190} INFO - [2026-05-25T12:09:38.460+0000] {dag.py:3239} INFO - Sync 1 DAGs
[2026-05-25T12:09:38.485+0000] {logging_mixin.py:190} INFO - [2026-05-25T12:09:38.485+0000] {dag.py:4180} INFO - Setting next_dagrun for lastfm_pipeline to 2026-05-24 00:00:00+00:00, run_after=2026-05-25 00:00:00+00:00
[2026-05-25T12:09:38.501+0000] {processor.py:208} INFO - Processing /opt/airflow/dags/pipeline.py took 0.093 seconds
[2026-05-25T12:10:08.627+0000] {processor.py:186} INFO - Started process (PID=310) to work on /opt/airflow/dags/pipeline.py
[2026-05-25T12:10:08.629+0000] {processor.py:914} INFO - Processing file /opt/airflow/dags/pipeline.py for tasks to queue
[2026-05-25T12:10:08.632+0000] {logging_mixin.py:190} INFO - [2026-05-25T12:10:08.632+0000] {dagbag.py:588} INFO - Filling up the DagBag from /opt/airflow/dags/pipeline.py
[2026-05-25T12:10:08.646+0000] {processor.py:925} INFO - DAG(s) 'lastfm_pipeline' retrieved from /opt/airflow/dags/pipeline.py
[2026-05-25T12:10:08.673+0000] {logging_mixin.py:190} INFO - [2026-05-25T12:10:08.673+0000] {dag.py:3239} INFO - Sync 1 DAGs
[2026-05-25T12:10:08.696+0000] {logging_mixin.py:190} INFO - [2026-05-25T12:10:08.696+0000] {dag.py:4180} INFO - Setting next_dagrun for lastfm_pipeline to 2026-05-24 00:00:00+00:00, run_after=2026-05-25 00:00:00+00:00
[2026-05-25T12:10:08.711+0000] {processor.py:208} INFO - Processing /opt/airflow/dags/pipeline.py took 0.090 seconds
[2026-05-25T12:10:38.808+0000] {processor.py:186} INFO - Started process (PID=315) to work on /opt/airflow/dags/pipeline.py
[2026-05-25T12:10:38.808+0000] {processor.py:914} INFO - Processing file /opt/airflow/dags/pipeline.py for tasks to queue
[2026-05-25T12:10:38.811+0000] {logging_mixin.py:190} INFO - [2026-05-25T12:10:38.811+0000] {dagbag.py:588} INFO - Filling up the DagBag from /opt/airflow/dags/pipeline.py
[2026-05-25T12:10:38.827+0000] {processor.py:925} INFO - DAG(s) 'lastfm_pipeline' retrieved from /opt/airflow/dags/pipeline.py
[2026-05-25T12:10:38.857+0000] {logging_mixin.py:190} INFO - [2026-05-25T12:10:38.856+0000] {dag.py:3239} INFO - Sync 1 DAGs
[2026-05-25T12:10:38.885+0000] {logging_mixin.py:190} INFO - [2026-05-25T12:10:38.885+0000] {dag.py:4180} INFO - Setting next_dagrun for lastfm_pipeline to 2026-05-24 00:00:00+00:00, run_after=2026-05-25 00:00:00+00:00
[2026-05-25T12:10:38.903+0000] {processor.py:208} INFO - Processing /opt/airflow/dags/pipeline.py took 0.101 seconds
[2026-05-25T12:11:09.021+0000] {processor.py:186} INFO - Started process (PID=320) to work on /opt/airflow/dags/pipeline.py
[2026-05-25T12:11:09.023+0000] {processor.py:914} INFO - Processing file /opt/airflow/dags/pipeline.py for tasks to queue
[2026-05-25T12:11:09.026+0000] {logging_mixin.py:190} INFO - [2026-05-25T12:11:09.026+0000] {dagbag.py:588} INFO - Filling up the DagBag from /opt/airflow/dags/pipeline.py
[2026-05-25T12:11:09.042+0000] {processor.py:925} INFO - DAG(s) 'lastfm_pipeline' retrieved from /opt/airflow/dags/pipeline.py
[2026-05-25T12:11:09.069+0000] {logging_mixin.py:190} INFO - [2026-05-25T12:11:09.068+0000] {dag.py:3239} INFO - Sync 1 DAGs
[2026-05-25T12:11:09.093+0000] {logging_mixin.py:190} INFO - [2026-05-25T12:11:09.093+0000] {dag.py:4180} INFO - Setting next_dagrun for lastfm_pipeline to 2026-05-24 00:00:00+00:00, run_after=2026-05-25 00:00:00+00:00
[2026-05-25T12:11:09.110+0000] {processor.py:208} INFO - Processing /opt/airflow/dags/pipeline.py took 0.095 seconds
[2026-05-25T12:11:39.216+0000] {processor.py:186} INFO - Started process (PID=325) to work on /opt/airflow/dags/pipeline.py
[2026-05-25T12:11:39.217+0000] {processor.py:914} INFO - Processing file /opt/airflow/dags/pipeline.py for tasks to queue
[2026-05-25T12:11:39.219+0000] {logging_mixin.py:190} INFO - [2026-05-25T12:11:39.218+0000] {dagbag.py:588} INFO - Filling up the DagBag from /opt/airflow/dags/pipeline.py
[2026-05-25T12:11:39.239+0000] {processor.py:925} INFO - DAG(s) 'lastfm_pipeline' retrieved from /opt/airflow/dags/pipeline.py
[2026-05-25T12:11:39.274+0000] {logging_mixin.py:190} INFO - [2026-05-25T12:11:39.274+0000] {dag.py:3239} INFO - Sync 1 DAGs
[2026-05-25T12:11:39.308+0000] {logging_mixin.py:190} INFO - [2026-05-25T12:11:39.308+0000] {dag.py:4180} INFO - Setting next_dagrun for lastfm_pipeline to 2026-05-24 00:00:00+00:00, run_after=2026-05-25 00:00:00+00:00
[2026-05-25T12:11:39.328+0000] {processor.py:208} INFO - Processing /opt/airflow/dags/pipeline.py took 0.118 seconds
[2026-05-25T12:12:09.413+0000] {processor.py:186} INFO - Started process (PID=330) to work on /opt/airflow/dags/pipeline.py
[2026-05-25T12:12:09.415+0000] {processor.py:914} INFO - Processing file /opt/airflow/dags/pipeline.py for tasks to queue
[2026-05-25T12:12:09.417+0000] {logging_mixin.py:190} INFO - [2026-05-25T12:12:09.417+0000] {dagbag.py:588} INFO - Filling up the DagBag from /opt/airflow/dags/pipeline.py
[2026-05-25T12:12:09.430+0000] {processor.py:925} INFO - DAG(s) 'lastfm_pipeline' retrieved from /opt/airflow/dags/pipeline.py
[2026-05-25T12:12:09.454+0000] {logging_mixin.py:190} INFO - [2026-05-25T12:12:09.454+0000] {dag.py:3239} INFO - Sync 1 DAGs
[2026-05-25T12:12:09.478+0000] {logging_mixin.py:190} INFO - [2026-05-25T12:12:09.478+0000] {dag.py:4180} INFO - Setting next_dagrun for lastfm_pipeline to 2026-05-24 00:00:00+00:00, run_after=2026-05-25 00:00:00+00:00
[2026-05-25T12:12:09.494+0000] {processor.py:208} INFO - Processing /opt/airflow/dags/pipeline.py took 0.085 seconds
[2026-05-25T12:12:39.635+0000] {processor.py:186} INFO - Started process (PID=335) to work on /opt/airflow/dags/pipeline.py
[2026-05-25T12:12:39.636+0000] {processor.py:914} INFO - Processing file /opt/airflow/dags/pipeline.py for tasks to queue
[2026-05-25T12:12:39.637+0000] {logging_mixin.py:190} INFO - [2026-05-25T12:12:39.637+0000] {dagbag.py:588} INFO - Filling up the DagBag from /opt/airflow/dags/pipeline.py
[2026-05-25T12:12:39.652+0000] {processor.py:925} INFO - DAG(s) 'lastfm_pipeline' retrieved from /opt/airflow/dags/pipeline.py
[2026-05-25T12:12:39.680+0000] {logging_mixin.py:190} INFO - [2026-05-25T12:12:39.680+0000] {dag.py:3239} INFO - Sync 1 DAGs
[2026-05-25T12:12:39.706+0000] {logging_mixin.py:190} INFO - [2026-05-25T12:12:39.706+0000] {dag.py:4180} INFO - Setting next_dagrun for lastfm_pipeline to 2026-05-24 00:00:00+00:00, run_after=2026-05-25 00:00:00+00:00
[2026-05-25T12:12:39.721+0000] {processor.py:208} INFO - Processing /opt/airflow/dags/pipeline.py took 0.092 seconds
[2026-05-25T12:13:09.808+0000] {processor.py:186} INFO - Started process (PID=340) to work on /opt/airflow/dags/pipeline.py
[2026-05-25T12:13:09.808+0000] {processor.py:914} INFO - Processing file /opt/airflow/dags/pipeline.py for tasks to queue
[2026-05-25T12:13:09.810+0000] {logging_mixin.py:190} INFO - [2026-05-25T12:13:09.810+0000] {dagbag.py:588} INFO - Filling up the DagBag from /opt/airflow/dags/pipeline.py
[2026-05-25T12:13:09.825+0000] {processor.py:925} INFO - DAG(s) 'lastfm_pipeline' retrieved from /opt/airflow/dags/pipeline.py
[2026-05-25T12:13:09.854+0000] {logging_mixin.py:190} INFO - [2026-05-25T12:13:09.854+0000] {dag.py:3239} INFO - Sync 1 DAGs
[2026-05-25T12:13:09.880+0000] {logging_mixin.py:190} INFO - [2026-05-25T12:13:09.879+0000] {dag.py:4180} INFO - Setting next_dagrun for lastfm_pipeline to 2026-05-24 00:00:00+00:00, run_after=2026-05-25 00:00:00+00:00
[2026-05-25T12:13:09.896+0000] {processor.py:208} INFO - Processing /opt/airflow/dags/pipeline.py took 0.094 seconds
[2026-05-25T12:13:40.033+0000] {processor.py:186} INFO - Started process (PID=345) to work on /opt/airflow/dags/pipeline.py
[2026-05-25T12:13:40.033+0000] {processor.py:914} INFO - Processing file /opt/airflow/dags/pipeline.py for tasks to queue
[2026-05-25T12:13:40.036+0000] {logging_mixin.py:190} INFO - [2026-05-25T12:13:40.035+0000] {dagbag.py:588} INFO - Filling up the DagBag from /opt/airflow/dags/pipeline.py
[2026-05-25T12:13:40.053+0000] {processor.py:925} INFO - DAG(s) 'lastfm_pipeline' retrieved from /opt/airflow/dags/pipeline.py
[2026-05-25T12:13:40.086+0000] {logging_mixin.py:190} INFO - [2026-05-25T12:13:40.085+0000] {dag.py:3239} INFO - Sync 1 DAGs
[2026-05-25T12:13:40.113+0000] {logging_mixin.py:190} INFO - [2026-05-25T12:13:40.113+0000] {dag.py:4180} INFO - Setting next_dagrun for lastfm_pipeline to 2026-05-24 00:00:00+00:00, run_after=2026-05-25 00:00:00+00:00
[2026-05-25T12:13:40.130+0000] {processor.py:208} INFO - Processing /opt/airflow/dags/pipeline.py took 0.102 seconds
[2026-05-25T12:14:10.203+0000] {processor.py:186} INFO - Started process (PID=350) to work on /opt/airflow/dags/pipeline.py
[2026-05-25T12:14:10.206+0000] {processor.py:914} INFO - Processing file /opt/airflow/dags/pipeline.py for tasks to queue
[2026-05-25T12:14:10.209+0000] {logging_mixin.py:190} INFO - [2026-05-25T12:14:10.209+0000] {dagbag.py:588} INFO - Filling up the DagBag from /opt/airflow/dags/pipeline.py
[2026-05-25T12:14:10.224+0000] {processor.py:925} INFO - DAG(s) 'lastfm_pipeline' retrieved from /opt/airflow/dags/pipeline.py
[2026-05-25T12:14:10.255+0000] {logging_mixin.py:190} INFO - [2026-05-25T12:14:10.254+0000] {dag.py:3239} INFO - Sync 1 DAGs
[2026-05-25T12:14:10.280+0000] {logging_mixin.py:190} INFO - [2026-05-25T12:14:10.280+0000] {dag.py:4180} INFO - Setting next_dagrun for lastfm_pipeline to 2026-05-24 00:00:00+00:00, run_after=2026-05-25 00:00:00+00:00
[2026-05-25T12:14:10.296+0000] {processor.py:208} INFO - Processing /opt/airflow/dags/pipeline.py took 0.098 seconds
[2026-05-25T12:14:40.441+0000] {processor.py:186} INFO - Started process (PID=355) to work on /opt/airflow/dags/pipeline.py
[2026-05-25T12:14:40.442+0000] {processor.py:914} INFO - Processing file /opt/airflow/dags/pipeline.py for tasks to queue
[2026-05-25T12:14:40.443+0000] {logging_mixin.py:190} INFO - [2026-05-25T12:14:40.443+0000] {dagbag.py:588} INFO - Filling up the DagBag from /opt/airflow/dags/pipeline.py
[2026-05-25T12:14:40.454+0000] {processor.py:925} INFO - DAG(s) 'lastfm_pipeline' retrieved from /opt/airflow/dags/pipeline.py
[2026-05-25T12:14:40.476+0000] {logging_mixin.py:190} INFO - [2026-05-25T12:14:40.476+0000] {dag.py:3239} INFO - Sync 1 DAGs
[2026-05-25T12:14:40.494+0000] {logging_mixin.py:190} INFO - [2026-05-25T12:14:40.494+0000] {dag.py:4180} INFO - Setting next_dagrun for lastfm_pipeline to 2026-05-24 00:00:00+00:00, run_after=2026-05-25 00:00:00+00:00
[2026-05-25T12:14:40.506+0000] {processor.py:208} INFO - Processing /opt/airflow/dags/pipeline.py took 0.069 seconds
[2026-05-25T12:15:10.605+0000] {processor.py:186} INFO - Started process (PID=360) to work on /opt/airflow/dags/pipeline.py
[2026-05-25T12:15:10.605+0000] {processor.py:914} INFO - Processing file /opt/airflow/dags/pipeline.py for tasks to queue
[2026-05-25T12:15:10.607+0000] {logging_mixin.py:190} INFO - [2026-05-25T12:15:10.607+0000] {dagbag.py:588} INFO - Filling up the DagBag from /opt/airflow/dags/pipeline.py
[2026-05-25T12:15:10.623+0000] {processor.py:925} INFO - DAG(s) 'lastfm_pipeline' retrieved from /opt/airflow/dags/pipeline.py
[2026-05-25T12:15:10.657+0000] {logging_mixin.py:190} INFO - [2026-05-25T12:15:10.657+0000] {dag.py:3239} INFO - Sync 1 DAGs
[2026-05-25T12:15:10.681+0000] {logging_mixin.py:190} INFO - [2026-05-25T12:15:10.681+0000] {dag.py:4180} INFO - Setting next_dagrun for lastfm_pipeline to 2026-05-24 00:00:00+00:00, run_after=2026-05-25 00:00:00+00:00
[2026-05-25T12:15:10.699+0000] {processor.py:208} INFO - Processing /opt/airflow/dags/pipeline.py took 0.102 seconds
[2026-05-25T12:15:40.823+0000] {processor.py:186} INFO - Started process (PID=365) to work on /opt/airflow/dags/pipeline.py
[2026-05-25T12:15:40.825+0000] {processor.py:914} INFO - Processing file /opt/airflow/dags/pipeline.py for tasks to queue
[2026-05-25T12:15:40.828+0000] {logging_mixin.py:190} INFO - [2026-05-25T12:15:40.827+0000] {dagbag.py:588} INFO - Filling up the DagBag from /opt/airflow/dags/pipeline.py
[2026-05-25T12:15:40.843+0000] {processor.py:925} INFO - DAG(s) 'lastfm_pipeline' retrieved from /opt/airflow/dags/pipeline.py
[2026-05-25T12:15:40.871+0000] {logging_mixin.py:190} INFO - [2026-05-25T12:15:40.871+0000] {dag.py:3239} INFO - Sync 1 DAGs
[2026-05-25T12:15:40.896+0000] {logging_mixin.py:190} INFO - [2026-05-25T12:15:40.896+0000] {dag.py:4180} INFO - Setting next_dagrun for lastfm_pipeline to 2026-05-24 00:00:00+00:00, run_after=2026-05-25 00:00:00+00:00
[2026-05-25T12:15:40.911+0000] {processor.py:208} INFO - Processing /opt/airflow/dags/pipeline.py took 0.095 seconds
[2026-05-25T12:16:11.014+0000] {processor.py:186} INFO - Started process (PID=370) to work on /opt/airflow/dags/pipeline.py
[2026-05-25T12:16:11.015+0000] {processor.py:914} INFO - Processing file /opt/airflow/dags/pipeline.py for tasks to queue
[2026-05-25T12:16:11.017+0000] {logging_mixin.py:190} INFO - [2026-05-25T12:16:11.017+0000] {dagbag.py:588} INFO - Filling up the DagBag from /opt/airflow/dags/pipeline.py
[2026-05-25T12:16:11.043+0000] {processor.py:925} INFO - DAG(s) 'lastfm_pipeline' retrieved from /opt/airflow/dags/pipeline.py
[2026-05-25T12:16:11.080+0000] {logging_mixin.py:190} INFO - [2026-05-25T12:16:11.079+0000] {dag.py:3239} INFO - Sync 1 DAGs
[2026-05-25T12:16:11.108+0000] {logging_mixin.py:190} INFO - [2026-05-25T12:16:11.108+0000] {dag.py:4180} INFO - Setting next_dagrun for lastfm_pipeline to 2026-05-24 00:00:00+00:00, run_after=2026-05-25 00:00:00+00:00
[2026-05-25T12:16:11.124+0000] {processor.py:208} INFO - Processing /opt/airflow/dags/pipeline.py took 0.116 seconds
[2026-05-25T12:16:41.236+0000] {processor.py:186} INFO - Started process (PID=375) to work on /opt/airflow/dags/pipeline.py
[2026-05-25T12:16:41.237+0000] {processor.py:914} INFO - Processing file /opt/airflow/dags/pipeline.py for tasks to queue
[2026-05-25T12:16:41.239+0000] {logging_mixin.py:190} INFO - [2026-05-25T12:16:41.238+0000] {dagbag.py:588} INFO - Filling up the DagBag from /opt/airflow/dags/pipeline.py
[2026-05-25T12:16:41.259+0000] {processor.py:925} INFO - DAG(s) 'lastfm_pipeline' retrieved from /opt/airflow/dags/pipeline.py
[2026-05-25T12:16:41.294+0000] {logging_mixin.py:190} INFO - [2026-05-25T12:16:41.294+0000] {dag.py:3239} INFO - Sync 1 DAGs
[2026-05-25T12:16:41.321+0000] {logging_mixin.py:190} INFO - [2026-05-25T12:16:41.320+0000] {dag.py:4180} INFO - Setting next_dagrun for lastfm_pipeline to 2026-05-24 00:00:00+00:00, run_after=2026-05-25 00:00:00+00:00
[2026-05-25T12:16:41.337+0000] {processor.py:208} INFO - Processing /opt/airflow/dags/pipeline.py took 0.106 seconds
[2026-05-25T12:17:11.438+0000] {processor.py:186} INFO - Started process (PID=380) to work on /opt/airflow/dags/pipeline.py
[2026-05-25T12:17:11.438+0000] {processor.py:914} INFO - Processing file /opt/airflow/dags/pipeline.py for tasks to queue
[2026-05-25T12:17:11.441+0000] {logging_mixin.py:190} INFO - [2026-05-25T12:17:11.440+0000] {dagbag.py:588} INFO - Filling up the DagBag from /opt/airflow/dags/pipeline.py
[2026-05-25T12:17:11.457+0000] {processor.py:925} INFO - DAG(s) 'lastfm_pipeline' retrieved from /opt/airflow/dags/pipeline.py
[2026-05-25T12:17:11.487+0000] {logging_mixin.py:190} INFO - [2026-05-25T12:17:11.486+0000] {dag.py:3239} INFO - Sync 1 DAGs
[2026-05-25T12:17:11.512+0000] {logging_mixin.py:190} INFO - [2026-05-25T12:17:11.511+0000] {dag.py:4180} INFO - Setting next_dagrun for lastfm_pipeline to 2026-05-24 00:00:00+00:00, run_after=2026-05-25 00:00:00+00:00
[2026-05-25T12:17:11.528+0000] {processor.py:208} INFO - Processing /opt/airflow/dags/pipeline.py took 0.096 seconds
[2026-05-25T12:17:41.646+0000] {processor.py:186} INFO - Started process (PID=385) to work on /opt/airflow/dags/pipeline.py
[2026-05-25T12:17:41.647+0000] {processor.py:914} INFO - Processing file /opt/airflow/dags/pipeline.py for tasks to queue
[2026-05-25T12:17:41.650+0000] {logging_mixin.py:190} INFO - [2026-05-25T12:17:41.649+0000] {dagbag.py:588} INFO - Filling up the DagBag from /opt/airflow/dags/pipeline.py
[2026-05-25T12:17:41.665+0000] {processor.py:925} INFO - DAG(s) 'lastfm_pipeline' retrieved from /opt/airflow/dags/pipeline.py
[2026-05-25T12:17:41.694+0000] {logging_mixin.py:190} INFO - [2026-05-25T12:17:41.694+0000] {dag.py:3239} INFO - Sync 1 DAGs
[2026-05-25T12:17:41.721+0000] {logging_mixin.py:190} INFO - [2026-05-25T12:17:41.721+0000] {dag.py:4180} INFO - Setting next_dagrun for lastfm_pipeline to 2026-05-24 00:00:00+00:00, run_after=2026-05-25 00:00:00+00:00
[2026-05-25T12:17:41.737+0000] {processor.py:208} INFO - Processing /opt/airflow/dags/pipeline.py took 0.096 seconds
[2026-05-25T12:18:11.846+0000] {processor.py:186} INFO - Started process (PID=390) to work on /opt/airflow/dags/pipeline.py
[2026-05-25T12:18:11.846+0000] {processor.py:914} INFO - Processing file /opt/airflow/dags/pipeline.py for tasks to queue
[2026-05-25T12:18:11.849+0000] {logging_mixin.py:190} INFO - [2026-05-25T12:18:11.849+0000] {dagbag.py:588} INFO - Filling up the DagBag from /opt/airflow/dags/pipeline.py
[2026-05-25T12:18:11.866+0000] {processor.py:925} INFO - DAG(s) 'lastfm_pipeline' retrieved from /opt/airflow/dags/pipeline.py
[2026-05-25T12:18:11.897+0000] {logging_mixin.py:190} INFO - [2026-05-25T12:18:11.897+0000] {dag.py:3239} INFO - Sync 1 DAGs
[2026-05-25T12:18:11.923+0000] {logging_mixin.py:190} INFO - [2026-05-25T12:18:11.923+0000] {dag.py:4180} INFO - Setting next_dagrun for lastfm_pipeline to 2026-05-24 00:00:00+00:00, run_after=2026-05-25 00:00:00+00:00
[2026-05-25T12:18:11.940+0000] {processor.py:208} INFO - Processing /opt/airflow/dags/pipeline.py took 0.105 seconds
[2026-05-25T12:18:42.053+0000] {processor.py:186} INFO - Started process (PID=395) to work on /opt/airflow/dags/pipeline.py
[2026-05-25T12:18:42.054+0000] {processor.py:914} INFO - Processing file /opt/airflow/dags/pipeline.py for tasks to queue
[2026-05-25T12:18:42.058+0000] {logging_mixin.py:190} INFO - [2026-05-25T12:18:42.057+0000] {dagbag.py:588} INFO - Filling up the DagBag from /opt/airflow/dags/pipeline.py
[2026-05-25T12:18:42.080+0000] {processor.py:925} INFO - DAG(s) 'lastfm_pipeline' retrieved from /opt/airflow/dags/pipeline.py
[2026-05-25T12:18:42.112+0000] {logging_mixin.py:190} INFO - [2026-05-25T12:18:42.112+0000] {dag.py:3239} INFO - Sync 1 DAGs
[2026-05-25T12:18:42.145+0000] {logging_mixin.py:190} INFO - [2026-05-25T12:18:42.145+0000] {dag.py:4180} INFO - Setting next_dagrun for lastfm_pipeline to 2026-05-24 00:00:00+00:00, run_after=2026-05-25 00:00:00+00:00
[2026-05-25T12:18:42.164+0000] {processor.py:208} INFO - Processing /opt/airflow/dags/pipeline.py took 0.120 seconds
[2026-05-25T12:19:12.265+0000] {processor.py:186} INFO - Started process (PID=400) to work on /opt/airflow/dags/pipeline.py
[2026-05-25T12:19:12.265+0000] {processor.py:914} INFO - Processing file /opt/airflow/dags/pipeline.py for tasks to queue
[2026-05-25T12:19:12.271+0000] {logging_mixin.py:190} INFO - [2026-05-25T12:19:12.270+0000] {dagbag.py:588} INFO - Filling up the DagBag from /opt/airflow/dags/pipeline.py
[2026-05-25T12:19:12.348+0000] {processor.py:925} INFO - DAG(s) 'lastfm_pipeline' retrieved from /opt/airflow/dags/pipeline.py
[2026-05-25T12:19:12.382+0000] {logging_mixin.py:190} INFO - [2026-05-25T12:19:12.382+0000] {dag.py:3239} INFO - Sync 1 DAGs
[2026-05-25T12:19:12.409+0000] {logging_mixin.py:190} INFO - [2026-05-25T12:19:12.408+0000] {dag.py:4180} INFO - Setting next_dagrun for lastfm_pipeline to 2026-05-24 00:00:00+00:00, run_after=2026-05-25 00:00:00+00:00
[2026-05-25T12:19:12.425+0000] {processor.py:208} INFO - Processing /opt/airflow/dags/pipeline.py took 0.166 seconds
[2026-05-25T12:19:42.489+0000] {processor.py:186} INFO - Started process (PID=405) to work on /opt/airflow/dags/pipeline.py
[2026-05-25T12:19:42.489+0000] {processor.py:914} INFO - Processing file /opt/airflow/dags/pipeline.py for tasks to queue
[2026-05-25T12:19:42.492+0000] {logging_mixin.py:190} INFO - [2026-05-25T12:19:42.492+0000] {dagbag.py:588} INFO - Filling up the DagBag from /opt/airflow/dags/pipeline.py
[2026-05-25T12:19:42.512+0000] {processor.py:925} INFO - DAG(s) 'lastfm_pipeline' retrieved from /opt/airflow/dags/pipeline.py
[2026-05-25T12:19:42.546+0000] {logging_mixin.py:190} INFO - [2026-05-25T12:19:42.545+0000] {dag.py:3239} INFO - Sync 1 DAGs
[2026-05-25T12:19:42.573+0000] {logging_mixin.py:190} INFO - [2026-05-25T12:19:42.573+0000] {dag.py:4180} INFO - Setting next_dagrun for lastfm_pipeline to 2026-05-24 00:00:00+00:00, run_after=2026-05-25 00:00:00+00:00
[2026-05-25T12:19:42.591+0000] {processor.py:208} INFO - Processing /opt/airflow/dags/pipeline.py took 0.108 seconds
[2026-05-25T12:20:12.738+0000] {processor.py:186} INFO - Started process (PID=410) to work on /opt/airflow/dags/pipeline.py
[2026-05-25T12:20:12.740+0000] {processor.py:914} INFO - Processing file /opt/airflow/dags/pipeline.py for tasks to queue
[2026-05-25T12:20:12.742+0000] {logging_mixin.py:190} INFO - [2026-05-25T12:20:12.742+0000] {dagbag.py:588} INFO - Filling up the DagBag from /opt/airflow/dags/pipeline.py
[2026-05-25T12:20:12.754+0000] {processor.py:925} INFO - DAG(s) 'lastfm_pipeline' retrieved from /opt/airflow/dags/pipeline.py
[2026-05-25T12:20:12.780+0000] {logging_mixin.py:190} INFO - [2026-05-25T12:20:12.780+0000] {dag.py:3239} INFO - Sync 1 DAGs
[2026-05-25T12:20:12.801+0000] {logging_mixin.py:190} INFO - [2026-05-25T12:20:12.801+0000] {dag.py:4180} INFO - Setting next_dagrun for lastfm_pipeline to 2026-05-24 00:00:00+00:00, run_after=2026-05-25 00:00:00+00:00
[2026-05-25T12:20:12.815+0000] {processor.py:208} INFO - Processing /opt/airflow/dags/pipeline.py took 0.081 seconds
[2026-05-25T12:20:42.896+0000] {processor.py:186} INFO - Started process (PID=415) to work on /opt/airflow/dags/pipeline.py
[2026-05-25T12:20:42.897+0000] {processor.py:914} INFO - Processing file /opt/airflow/dags/pipeline.py for tasks to queue
[2026-05-25T12:20:42.899+0000] {logging_mixin.py:190} INFO - [2026-05-25T12:20:42.899+0000] {dagbag.py:588} INFO - Filling up the DagBag from /opt/airflow/dags/pipeline.py
[2026-05-25T12:20:42.911+0000] {processor.py:925} INFO - DAG(s) 'lastfm_pipeline' retrieved from /opt/airflow/dags/pipeline.py
[2026-05-25T12:20:42.934+0000] {logging_mixin.py:190} INFO - [2026-05-25T12:20:42.934+0000] {dag.py:3239} INFO - Sync 1 DAGs
[2026-05-25T12:20:42.955+0000] {logging_mixin.py:190} INFO - [2026-05-25T12:20:42.955+0000] {dag.py:4180} INFO - Setting next_dagrun for lastfm_pipeline to 2026-05-24 00:00:00+00:00, run_after=2026-05-25 00:00:00+00:00
[2026-05-25T12:20:42.967+0000] {processor.py:208} INFO - Processing /opt/airflow/dags/pipeline.py took 0.075 seconds
[2026-05-25T12:21:13.122+0000] {processor.py:186} INFO - Started process (PID=420) to work on /opt/airflow/dags/pipeline.py
[2026-05-25T12:21:13.124+0000] {processor.py:914} INFO - Processing file /opt/airflow/dags/pipeline.py for tasks to queue
[2026-05-25T12:21:13.126+0000] {logging_mixin.py:190} INFO - [2026-05-25T12:21:13.126+0000] {dagbag.py:588} INFO - Filling up the DagBag from /opt/airflow/dags/pipeline.py
[2026-05-25T12:21:13.142+0000] {processor.py:925} INFO - DAG(s) 'lastfm_pipeline' retrieved from /opt/airflow/dags/pipeline.py
[2026-05-25T12:21:13.170+0000] {logging_mixin.py:190} INFO - [2026-05-25T12:21:13.170+0000] {dag.py:3239} INFO - Sync 1 DAGs
[2026-05-25T12:21:13.195+0000] {logging_mixin.py:190} INFO - [2026-05-25T12:21:13.194+0000] {dag.py:4180} INFO - Setting next_dagrun for lastfm_pipeline to 2026-05-24 00:00:00+00:00, run_after=2026-05-25 00:00:00+00:00
[2026-05-25T12:21:13.210+0000] {processor.py:208} INFO - Processing /opt/airflow/dags/pipeline.py took 0.095 seconds
[2026-05-25T12:21:43.301+0000] {processor.py:186} INFO - Started process (PID=425) to work on /opt/airflow/dags/pipeline.py
[2026-05-25T12:21:43.302+0000] {processor.py:914} INFO - Processing file /opt/airflow/dags/pipeline.py for tasks to queue
[2026-05-25T12:21:43.304+0000] {logging_mixin.py:190} INFO - [2026-05-25T12:21:43.304+0000] {dagbag.py:588} INFO - Filling up the DagBag from /opt/airflow/dags/pipeline.py
[2026-05-25T12:21:43.320+0000] {processor.py:925} INFO - DAG(s) 'lastfm_pipeline' retrieved from /opt/airflow/dags/pipeline.py
[2026-05-25T12:21:43.349+0000] {logging_mixin.py:190} INFO - [2026-05-25T12:21:43.349+0000] {dag.py:3239} INFO - Sync 1 DAGs
[2026-05-25T12:21:43.373+0000] {logging_mixin.py:190} INFO - [2026-05-25T12:21:43.373+0000] {dag.py:4180} INFO - Setting next_dagrun for lastfm_pipeline to 2026-05-24 00:00:00+00:00, run_after=2026-05-25 00:00:00+00:00
[2026-05-25T12:21:43.389+0000] {processor.py:208} INFO - Processing /opt/airflow/dags/pipeline.py took 0.094 seconds
[2026-05-25T12:22:13.527+0000] {processor.py:186} INFO - Started process (PID=430) to work on /opt/airflow/dags/pipeline.py
[2026-05-25T12:22:13.528+0000] {processor.py:914} INFO - Processing file /opt/airflow/dags/pipeline.py for tasks to queue
[2026-05-25T12:22:13.530+0000] {logging_mixin.py:190} INFO - [2026-05-25T12:22:13.530+0000] {dagbag.py:588} INFO - Filling up the DagBag from /opt/airflow/dags/pipeline.py
[2026-05-25T12:22:13.547+0000] {processor.py:925} INFO - DAG(s) 'lastfm_pipeline' retrieved from /opt/airflow/dags/pipeline.py
[2026-05-25T12:22:13.575+0000] {logging_mixin.py:190} INFO - [2026-05-25T12:22:13.575+0000] {dag.py:3239} INFO - Sync 1 DAGs
[2026-05-25T12:22:13.600+0000] {logging_mixin.py:190} INFO - [2026-05-25T12:22:13.599+0000] {dag.py:4180} INFO - Setting next_dagrun for lastfm_pipeline to 2026-05-24 00:00:00+00:00, run_after=2026-05-25 00:00:00+00:00
[2026-05-25T12:22:13.617+0000] {processor.py:208} INFO - Processing /opt/airflow/dags/pipeline.py took 0.096 seconds
[2026-05-25T12:22:43.706+0000] {processor.py:186} INFO - Started process (PID=435) to work on /opt/airflow/dags/pipeline.py
[2026-05-25T12:22:43.709+0000] {processor.py:914} INFO - Processing file /opt/airflow/dags/pipeline.py for tasks to queue
[2026-05-25T12:22:43.712+0000] {logging_mixin.py:190} INFO - [2026-05-25T12:22:43.711+0000] {dagbag.py:588} INFO - Filling up the DagBag from /opt/airflow/dags/pipeline.py
[2026-05-25T12:22:43.728+0000] {processor.py:925} INFO - DAG(s) 'lastfm_pipeline' retrieved from /opt/airflow/dags/pipeline.py
[2026-05-25T12:22:43.757+0000] {logging_mixin.py:190} INFO - [2026-05-25T12:22:43.757+0000] {dag.py:3239} INFO - Sync 1 DAGs
[2026-05-25T12:22:43.784+0000] {logging_mixin.py:190} INFO - [2026-05-25T12:22:43.783+0000] {dag.py:4180} INFO - Setting next_dagrun for lastfm_pipeline to 2026-05-24 00:00:00+00:00, run_after=2026-05-25 00:00:00+00:00
[2026-05-25T12:22:43.801+0000] {processor.py:208} INFO - Processing /opt/airflow/dags/pipeline.py took 0.100 seconds
[2026-05-25T12:23:13.939+0000] {processor.py:186} INFO - Started process (PID=440) to work on /opt/airflow/dags/pipeline.py
[2026-05-25T12:23:13.940+0000] {processor.py:914} INFO - Processing file /opt/airflow/dags/pipeline.py for tasks to queue
[2026-05-25T12:23:13.943+0000] {logging_mixin.py:190} INFO - [2026-05-25T12:23:13.942+0000] {dagbag.py:588} INFO - Filling up the DagBag from /opt/airflow/dags/pipeline.py
[2026-05-25T12:23:13.963+0000] {processor.py:925} INFO - DAG(s) 'lastfm_pipeline' retrieved from /opt/airflow/dags/pipeline.py
[2026-05-25T12:23:13.998+0000] {logging_mixin.py:190} INFO - [2026-05-25T12:23:13.997+0000] {dag.py:3239} INFO - Sync 1 DAGs
[2026-05-25T12:23:14.028+0000] {logging_mixin.py:190} INFO - [2026-05-25T12:23:14.028+0000] {dag.py:4180} INFO - Setting next_dagrun for lastfm_pipeline to 2026-05-24 00:00:00+00:00, run_after=2026-05-25 00:00:00+00:00
[2026-05-25T12:23:14.049+0000] {processor.py:208} INFO - Processing /opt/airflow/dags/pipeline.py took 0.118 seconds
[2026-05-25T12:23:44.109+0000] {processor.py:186} INFO - Started process (PID=445) to work on /opt/airflow/dags/pipeline.py
[2026-05-25T12:23:44.111+0000] {processor.py:914} INFO - Processing file /opt/airflow/dags/pipeline.py for tasks to queue
[2026-05-25T12:23:44.114+0000] {logging_mixin.py:190} INFO - [2026-05-25T12:23:44.114+0000] {dagbag.py:588} INFO - Filling up the DagBag from /opt/airflow/dags/pipeline.py
[2026-05-25T12:23:44.132+0000] {processor.py:925} INFO - DAG(s) 'lastfm_pipeline' retrieved from /opt/airflow/dags/pipeline.py
[2026-05-25T12:23:44.164+0000] {logging_mixin.py:190} INFO - [2026-05-25T12:23:44.164+0000] {dag.py:3239} INFO - Sync 1 DAGs
[2026-05-25T12:23:44.190+0000] {logging_mixin.py:190} INFO - [2026-05-25T12:23:44.190+0000] {dag.py:4180} INFO - Setting next_dagrun for lastfm_pipeline to 2026-05-24 00:00:00+00:00, run_after=2026-05-25 00:00:00+00:00
[2026-05-25T12:23:44.207+0000] {processor.py:208} INFO - Processing /opt/airflow/dags/pipeline.py took 0.106 seconds
[2026-05-25T12:24:14.365+0000] {processor.py:186} INFO - Started process (PID=450) to work on /opt/airflow/dags/pipeline.py
[2026-05-25T12:24:14.366+0000] {processor.py:914} INFO - Processing file /opt/airflow/dags/pipeline.py for tasks to queue
[2026-05-25T12:24:14.368+0000] {logging_mixin.py:190} INFO - [2026-05-25T12:24:14.367+0000] {dagbag.py:588} INFO - Filling up the DagBag from /opt/airflow/dags/pipeline.py
[2026-05-25T12:24:14.383+0000] {processor.py:925} INFO - DAG(s) 'lastfm_pipeline' retrieved from /opt/airflow/dags/pipeline.py
[2026-05-25T12:24:14.412+0000] {logging_mixin.py:190} INFO - [2026-05-25T12:24:14.412+0000] {dag.py:3239} INFO - Sync 1 DAGs
[2026-05-25T12:24:14.439+0000] {logging_mixin.py:190} INFO - [2026-05-25T12:24:14.439+0000] {dag.py:4180} INFO - Setting next_dagrun for lastfm_pipeline to 2026-05-24 00:00:00+00:00, run_after=2026-05-25 00:00:00+00:00
[2026-05-25T12:24:14.454+0000] {processor.py:208} INFO - Processing /opt/airflow/dags/pipeline.py took 0.095 seconds
[2026-05-25T12:24:44.528+0000] {processor.py:186} INFO - Started process (PID=455) to work on /opt/airflow/dags/pipeline.py
[2026-05-25T12:24:44.531+0000] {processor.py:914} INFO - Processing file /opt/airflow/dags/pipeline.py for tasks to queue
[2026-05-25T12:24:44.534+0000] {logging_mixin.py:190} INFO - [2026-05-25T12:24:44.534+0000] {dagbag.py:588} INFO - Filling up the DagBag from /opt/airflow/dags/pipeline.py
[2026-05-25T12:24:44.551+0000] {processor.py:925} INFO - DAG(s) 'lastfm_pipeline' retrieved from /opt/airflow/dags/pipeline.py
[2026-05-25T12:24:44.584+0000] {logging_mixin.py:190} INFO - [2026-05-25T12:24:44.584+0000] {dag.py:3239} INFO - Sync 1 DAGs
[2026-05-25T12:24:44.609+0000] {logging_mixin.py:190} INFO - [2026-05-25T12:24:44.609+0000] {dag.py:4180} INFO - Setting next_dagrun for lastfm_pipeline to 2026-05-24 00:00:00+00:00, run_after=2026-05-25 00:00:00+00:00
[2026-05-25T12:24:44.626+0000] {processor.py:208} INFO - Processing /opt/airflow/dags/pipeline.py took 0.103 seconds
[2026-05-25T12:25:14.764+0000] {processor.py:186} INFO - Started process (PID=460) to work on /opt/airflow/dags/pipeline.py
[2026-05-25T12:25:14.765+0000] {processor.py:914} INFO - Processing file /opt/airflow/dags/pipeline.py for tasks to queue
[2026-05-25T12:25:14.767+0000] {logging_mixin.py:190} INFO - [2026-05-25T12:25:14.766+0000] {dagbag.py:588} INFO - Filling up the DagBag from /opt/airflow/dags/pipeline.py
[2026-05-25T12:25:14.780+0000] {processor.py:925} INFO - DAG(s) 'lastfm_pipeline' retrieved from /opt/airflow/dags/pipeline.py
[2026-05-25T12:25:14.803+0000] {logging_mixin.py:190} INFO - [2026-05-25T12:25:14.803+0000] {dag.py:3239} INFO - Sync 1 DAGs
[2026-05-25T12:25:14.822+0000] {logging_mixin.py:190} INFO - [2026-05-25T12:25:14.822+0000] {dag.py:4180} INFO - Setting next_dagrun for lastfm_pipeline to 2026-05-24 00:00:00+00:00, run_after=2026-05-25 00:00:00+00:00
[2026-05-25T12:25:14.840+0000] {processor.py:208} INFO - Processing /opt/airflow/dags/pipeline.py took 0.082 seconds
[2026-05-25T12:25:44.931+0000] {processor.py:186} INFO - Started process (PID=465) to work on /opt/airflow/dags/pipeline.py
[2026-05-25T12:25:44.934+0000] {processor.py:914} INFO - Processing file /opt/airflow/dags/pipeline.py for tasks to queue
[2026-05-25T12:25:44.936+0000] {logging_mixin.py:190} INFO - [2026-05-25T12:25:44.936+0000] {dagbag.py:588} INFO - Filling up the DagBag from /opt/airflow/dags/pipeline.py
[2026-05-25T12:25:44.954+0000] {processor.py:925} INFO - DAG(s) 'lastfm_pipeline' retrieved from /opt/airflow/dags/pipeline.py
[2026-05-25T12:25:44.983+0000] {logging_mixin.py:190} INFO - [2026-05-25T12:25:44.983+0000] {dag.py:3239} INFO - Sync 1 DAGs
[2026-05-25T12:25:45.010+0000] {logging_mixin.py:190} INFO - [2026-05-25T12:25:45.009+0000] {dag.py:4180} INFO - Setting next_dagrun for lastfm_pipeline to 2026-05-24 00:00:00+00:00, run_after=2026-05-25 00:00:00+00:00
[2026-05-25T12:25:45.026+0000] {processor.py:208} INFO - Processing /opt/airflow/dags/pipeline.py took 0.102 seconds
[2026-05-25T12:26:15.151+0000] {processor.py:186} INFO - Started process (PID=470) to work on /opt/airflow/dags/pipeline.py
[2026-05-25T12:26:15.152+0000] {processor.py:914} INFO - Processing file /opt/airflow/dags/pipeline.py for tasks to queue
[2026-05-25T12:26:15.156+0000] {logging_mixin.py:190} INFO - [2026-05-25T12:26:15.155+0000] {dagbag.py:588} INFO - Filling up the DagBag from /opt/airflow/dags/pipeline.py
[2026-05-25T12:26:15.184+0000] {processor.py:925} INFO - DAG(s) 'lastfm_pipeline' retrieved from /opt/airflow/dags/pipeline.py
[2026-05-25T12:26:15.222+0000] {logging_mixin.py:190} INFO - [2026-05-25T12:26:15.222+0000] {dag.py:3239} INFO - Sync 1 DAGs
[2026-05-25T12:26:15.260+0000] {logging_mixin.py:190} INFO - [2026-05-25T12:26:15.259+0000] {dag.py:4180} INFO - Setting next_dagrun for lastfm_pipeline to 2026-05-24 00:00:00+00:00, run_after=2026-05-25 00:00:00+00:00
[2026-05-25T12:26:15.279+0000] {processor.py:208} INFO - Processing /opt/airflow/dags/pipeline.py took 0.135 seconds
[2026-05-25T12:26:45.372+0000] {processor.py:186} INFO - Started process (PID=475) to work on /opt/airflow/dags/pipeline.py
[2026-05-25T12:26:45.374+0000] {processor.py:914} INFO - Processing file /opt/airflow/dags/pipeline.py for tasks to queue
[2026-05-25T12:26:45.378+0000] {logging_mixin.py:190} INFO - [2026-05-25T12:26:45.377+0000] {dagbag.py:588} INFO - Filling up the DagBag from /opt/airflow/dags/pipeline.py
[2026-05-25T12:26:45.394+0000] {processor.py:925} INFO - DAG(s) 'lastfm_pipeline' retrieved from /opt/airflow/dags/pipeline.py
[2026-05-25T12:26:45.426+0000] {logging_mixin.py:190} INFO - [2026-05-25T12:26:45.426+0000] {dag.py:3239} INFO - Sync 1 DAGs
[2026-05-25T12:26:45.452+0000] {logging_mixin.py:190} INFO - [2026-05-25T12:26:45.451+0000] {dag.py:4180} INFO - Setting next_dagrun for lastfm_pipeline to 2026-05-24 00:00:00+00:00, run_after=2026-05-25 00:00:00+00:00
[2026-05-25T12:26:45.468+0000] {processor.py:208} INFO - Processing /opt/airflow/dags/pipeline.py took 0.103 seconds
[2026-05-25T12:27:15.600+0000] {processor.py:186} INFO - Started process (PID=480) to work on /opt/airflow/dags/pipeline.py
[2026-05-25T12:27:15.600+0000] {processor.py:914} INFO - Processing file /opt/airflow/dags/pipeline.py for tasks to queue
[2026-05-25T12:27:15.604+0000] {logging_mixin.py:190} INFO - [2026-05-25T12:27:15.603+0000] {dagbag.py:588} INFO - Filling up the DagBag from /opt/airflow/dags/pipeline.py
[2026-05-25T12:27:15.626+0000] {processor.py:925} INFO - DAG(s) 'lastfm_pipeline' retrieved from /opt/airflow/dags/pipeline.py
[2026-05-25T12:27:15.664+0000] {logging_mixin.py:190} INFO - [2026-05-25T12:27:15.663+0000] {dag.py:3239} INFO - Sync 1 DAGs
[2026-05-25T12:27:15.692+0000] {logging_mixin.py:190} INFO - [2026-05-25T12:27:15.692+0000] {dag.py:4180} INFO - Setting next_dagrun for lastfm_pipeline to 2026-05-24 00:00:00+00:00, run_after=2026-05-25 00:00:00+00:00
[2026-05-25T12:27:15.710+0000] {processor.py:208} INFO - Processing /opt/airflow/dags/pipeline.py took 0.118 seconds
[2026-05-25T12:27:45.792+0000] {processor.py:186} INFO - Started process (PID=485) to work on /opt/airflow/dags/pipeline.py
[2026-05-25T12:27:45.794+0000] {processor.py:914} INFO - Processing file /opt/airflow/dags/pipeline.py for tasks to queue
[2026-05-25T12:27:45.797+0000] {logging_mixin.py:190} INFO - [2026-05-25T12:27:45.796+0000] {dagbag.py:588} INFO - Filling up the DagBag from /opt/airflow/dags/pipeline.py
[2026-05-25T12:27:45.813+0000] {processor.py:925} INFO - DAG(s) 'lastfm_pipeline' retrieved from /opt/airflow/dags/pipeline.py
[2026-05-25T12:27:45.845+0000] {logging_mixin.py:190} INFO - [2026-05-25T12:27:45.845+0000] {dag.py:3239} INFO - Sync 1 DAGs
[2026-05-25T12:27:45.870+0000] {logging_mixin.py:190} INFO - [2026-05-25T12:27:45.869+0000] {dag.py:4180} INFO - Setting next_dagrun for lastfm_pipeline to 2026-05-24 00:00:00+00:00, run_after=2026-05-25 00:00:00+00:00
[2026-05-25T12:27:45.887+0000] {processor.py:208} INFO - Processing /opt/airflow/dags/pipeline.py took 0.102 seconds
[2026-05-25T12:28:16.034+0000] {processor.py:186} INFO - Started process (PID=490) to work on /opt/airflow/dags/pipeline.py
[2026-05-25T12:28:16.034+0000] {processor.py:914} INFO - Processing file /opt/airflow/dags/pipeline.py for tasks to queue
[2026-05-25T12:28:16.036+0000] {logging_mixin.py:190} INFO - [2026-05-25T12:28:16.036+0000] {dagbag.py:588} INFO - Filling up the DagBag from /opt/airflow/dags/pipeline.py
[2026-05-25T12:28:16.052+0000] {processor.py:925} INFO - DAG(s) 'lastfm_pipeline' retrieved from /opt/airflow/dags/pipeline.py
[2026-05-25T12:28:16.081+0000] {logging_mixin.py:190} INFO - [2026-05-25T12:28:16.081+0000] {dag.py:3239} INFO - Sync 1 DAGs
[2026-05-25T12:28:16.107+0000] {logging_mixin.py:190} INFO - [2026-05-25T12:28:16.106+0000] {dag.py:4180} INFO - Setting next_dagrun for lastfm_pipeline to 2026-05-24 00:00:00+00:00, run_after=2026-05-25 00:00:00+00:00
[2026-05-25T12:28:16.123+0000] {processor.py:208} INFO - Processing /opt/airflow/dags/pipeline.py took 0.095 seconds
[2026-05-25T12:28:46.197+0000] {processor.py:186} INFO - Started process (PID=495) to work on /opt/airflow/dags/pipeline.py
[2026-05-25T12:28:46.197+0000] {processor.py:914} INFO - Processing file /opt/airflow/dags/pipeline.py for tasks to queue
[2026-05-25T12:28:46.199+0000] {logging_mixin.py:190} INFO - [2026-05-25T12:28:46.199+0000] {dagbag.py:588} INFO - Filling up the DagBag from /opt/airflow/dags/pipeline.py
[2026-05-25T12:28:46.216+0000] {processor.py:925} INFO - DAG(s) 'lastfm_pipeline' retrieved from /opt/airflow/dags/pipeline.py
[2026-05-25T12:28:46.246+0000] {logging_mixin.py:190} INFO - [2026-05-25T12:28:46.246+0000] {dag.py:3239} INFO - Sync 1 DAGs
[2026-05-25T12:28:46.271+0000] {logging_mixin.py:190} INFO - [2026-05-25T12:28:46.271+0000] {dag.py:4180} INFO - Setting next_dagrun for lastfm_pipeline to 2026-05-24 00:00:00+00:00, run_after=2026-05-25 00:00:00+00:00
[2026-05-25T12:28:46.292+0000] {processor.py:208} INFO - Processing /opt/airflow/dags/pipeline.py took 0.101 seconds
[2026-05-25T12:29:16.428+0000] {processor.py:186} INFO - Started process (PID=500) to work on /opt/airflow/dags/pipeline.py
[2026-05-25T12:29:16.429+0000] {processor.py:914} INFO - Processing file /opt/airflow/dags/pipeline.py for tasks to queue
[2026-05-25T12:29:16.431+0000] {logging_mixin.py:190} INFO - [2026-05-25T12:29:16.431+0000] {dagbag.py:588} INFO - Filling up the DagBag from /opt/airflow/dags/pipeline.py
[2026-05-25T12:29:16.451+0000] {processor.py:925} INFO - DAG(s) 'lastfm_pipeline' retrieved from /opt/airflow/dags/pipeline.py
[2026-05-25T12:29:16.486+0000] {logging_mixin.py:190} INFO - [2026-05-25T12:29:16.486+0000] {dag.py:3239} INFO - Sync 1 DAGs
[2026-05-25T12:29:16.512+0000] {logging_mixin.py:190} INFO - [2026-05-25T12:29:16.511+0000] {dag.py:4180} INFO - Setting next_dagrun for lastfm_pipeline to 2026-05-24 00:00:00+00:00, run_after=2026-05-25 00:00:00+00:00
[2026-05-25T12:29:16.530+0000] {processor.py:208} INFO - Processing /opt/airflow/dags/pipeline.py took 0.110 seconds
[2026-05-25T12:29:46.590+0000] {processor.py:186} INFO - Started process (PID=505) to work on /opt/airflow/dags/pipeline.py
[2026-05-25T12:29:46.590+0000] {processor.py:914} INFO - Processing file /opt/airflow/dags/pipeline.py for tasks to queue
[2026-05-25T12:29:46.592+0000] {logging_mixin.py:190} INFO - [2026-05-25T12:29:46.591+0000] {dagbag.py:588} INFO - Filling up the DagBag from /opt/airflow/dags/pipeline.py
[2026-05-25T12:29:46.604+0000] {processor.py:925} INFO - DAG(s) 'lastfm_pipeline' retrieved from /opt/airflow/dags/pipeline.py
[2026-05-25T12:29:46.625+0000] {logging_mixin.py:190} INFO - [2026-05-25T12:29:46.625+0000] {dag.py:3239} INFO - Sync 1 DAGs
[2026-05-25T12:29:46.646+0000] {logging_mixin.py:190} INFO - [2026-05-25T12:29:46.646+0000] {dag.py:4180} INFO - Setting next_dagrun for lastfm_pipeline to 2026-05-24 00:00:00+00:00, run_after=2026-05-25 00:00:00+00:00
[2026-05-25T12:29:46.657+0000] {processor.py:208} INFO - Processing /opt/airflow/dags/pipeline.py took 0.072 seconds
[2026-05-25T12:30:16.750+0000] {processor.py:186} INFO - Started process (PID=510) to work on /opt/airflow/dags/pipeline.py
[2026-05-25T12:30:16.753+0000] {processor.py:914} INFO - Processing file /opt/airflow/dags/pipeline.py for tasks to queue
[2026-05-25T12:30:16.755+0000] {logging_mixin.py:190} INFO - [2026-05-25T12:30:16.755+0000] {dagbag.py:588} INFO - Filling up the DagBag from /opt/airflow/dags/pipeline.py
[2026-05-25T12:30:16.771+0000] {processor.py:925} INFO - DAG(s) 'lastfm_pipeline' retrieved from /opt/airflow/dags/pipeline.py
[2026-05-25T12:30:16.803+0000] {logging_mixin.py:190} INFO - [2026-05-25T12:30:16.803+0000] {dag.py:3239} INFO - Sync 1 DAGs
[2026-05-25T12:30:16.829+0000] {logging_mixin.py:190} INFO - [2026-05-25T12:30:16.828+0000] {dag.py:4180} INFO - Setting next_dagrun for lastfm_pipeline to 2026-05-24 00:00:00+00:00, run_after=2026-05-25 00:00:00+00:00
[2026-05-25T12:30:16.844+0000] {processor.py:208} INFO - Processing /opt/airflow/dags/pipeline.py took 0.101 seconds
[2026-05-25T12:30:46.967+0000] {processor.py:186} INFO - Started process (PID=515) to work on /opt/airflow/dags/pipeline.py
[2026-05-25T12:30:46.968+0000] {processor.py:914} INFO - Processing file /opt/airflow/dags/pipeline.py for tasks to queue
[2026-05-25T12:30:46.970+0000] {logging_mixin.py:190} INFO - [2026-05-25T12:30:46.970+0000] {dagbag.py:588} INFO - Filling up the DagBag from /opt/airflow/dags/pipeline.py
[2026-05-25T12:30:46.987+0000] {processor.py:925} INFO - DAG(s) 'lastfm_pipeline' retrieved from /opt/airflow/dags/pipeline.py
[2026-05-25T12:30:47.018+0000] {logging_mixin.py:190} INFO - [2026-05-25T12:30:47.017+0000] {dag.py:3239} INFO - Sync 1 DAGs
[2026-05-25T12:30:47.042+0000] {logging_mixin.py:190} INFO - [2026-05-25T12:30:47.041+0000] {dag.py:4180} INFO - Setting next_dagrun for lastfm_pipeline to 2026-05-24 00:00:00+00:00, run_after=2026-05-25 00:00:00+00:00
[2026-05-25T12:30:47.058+0000] {processor.py:208} INFO - Processing /opt/airflow/dags/pipeline.py took 0.097 seconds
[2026-05-25T12:31:17.161+0000] {processor.py:186} INFO - Started process (PID=520) to work on /opt/airflow/dags/pipeline.py
[2026-05-25T12:31:17.162+0000] {processor.py:914} INFO - Processing file /opt/airflow/dags/pipeline.py for tasks to queue
[2026-05-25T12:31:17.164+0000] {logging_mixin.py:190} INFO - [2026-05-25T12:31:17.164+0000] {dagbag.py:588} INFO - Filling up the DagBag from /opt/airflow/dags/pipeline.py
[2026-05-25T12:31:17.182+0000] {processor.py:925} INFO - DAG(s) 'lastfm_pipeline' retrieved from /opt/airflow/dags/pipeline.py
[2026-05-25T12:31:17.214+0000] {logging_mixin.py:190} INFO - [2026-05-25T12:31:17.214+0000] {dag.py:3239} INFO - Sync 1 DAGs
[2026-05-25T12:31:17.239+0000] {logging_mixin.py:190} INFO - [2026-05-25T12:31:17.239+0000] {dag.py:4180} INFO - Setting next_dagrun for lastfm_pipeline to 2026-05-24 00:00:00+00:00, run_after=2026-05-25 00:00:00+00:00
[2026-05-25T12:31:17.255+0000] {processor.py:208} INFO - Processing /opt/airflow/dags/pipeline.py took 0.100 seconds
[2026-05-25T12:31:47.394+0000] {processor.py:186} INFO - Started process (PID=525) to work on /opt/airflow/dags/pipeline.py
[2026-05-25T12:31:47.397+0000] {processor.py:914} INFO - Processing file /opt/airflow/dags/pipeline.py for tasks to queue
[2026-05-25T12:31:47.399+0000] {logging_mixin.py:190} INFO - [2026-05-25T12:31:47.399+0000] {dagbag.py:588} INFO - Filling up the DagBag from /opt/airflow/dags/pipeline.py
[2026-05-25T12:31:47.415+0000] {processor.py:925} INFO - DAG(s) 'lastfm_pipeline' retrieved from /opt/airflow/dags/pipeline.py
[2026-05-25T12:31:47.446+0000] {logging_mixin.py:190} INFO - [2026-05-25T12:31:47.445+0000] {dag.py:3239} INFO - Sync 1 DAGs
[2026-05-25T12:31:47.471+0000] {logging_mixin.py:190} INFO - [2026-05-25T12:31:47.471+0000] {dag.py:4180} INFO - Setting next_dagrun for lastfm_pipeline to 2026-05-24 00:00:00+00:00, run_after=2026-05-25 00:00:00+00:00
[2026-05-25T12:31:47.487+0000] {processor.py:208} INFO - Processing /opt/airflow/dags/pipeline.py took 0.101 seconds
[2026-05-25T12:32:17.565+0000] {processor.py:186} INFO - Started process (PID=530) to work on /opt/airflow/dags/pipeline.py
[2026-05-25T12:32:17.566+0000] {processor.py:914} INFO - Processing file /opt/airflow/dags/pipeline.py for tasks to queue
[2026-05-25T12:32:17.568+0000] {logging_mixin.py:190} INFO - [2026-05-25T12:32:17.568+0000] {dagbag.py:588} INFO - Filling up the DagBag from /opt/airflow/dags/pipeline.py
[2026-05-25T12:32:17.585+0000] {processor.py:925} INFO - DAG(s) 'lastfm_pipeline' retrieved from /opt/airflow/dags/pipeline.py
[2026-05-25T12:32:17.613+0000] {logging_mixin.py:190} INFO - [2026-05-25T12:32:17.613+0000] {dag.py:3239} INFO - Sync 1 DAGs
[2026-05-25T12:32:17.637+0000] {logging_mixin.py:190} INFO - [2026-05-25T12:32:17.637+0000] {dag.py:4180} INFO - Setting next_dagrun for lastfm_pipeline to 2026-05-24 00:00:00+00:00, run_after=2026-05-25 00:00:00+00:00
[2026-05-25T12:32:17.654+0000] {processor.py:208} INFO - Processing /opt/airflow/dags/pipeline.py took 0.095 seconds
[2026-05-25T12:32:47.815+0000] {processor.py:186} INFO - Started process (PID=535) to work on /opt/airflow/dags/pipeline.py
[2026-05-25T12:32:47.818+0000] {processor.py:914} INFO - Processing file /opt/airflow/dags/pipeline.py for tasks to queue
[2026-05-25T12:32:47.821+0000] {logging_mixin.py:190} INFO - [2026-05-25T12:32:47.820+0000] {dagbag.py:588} INFO - Filling up the DagBag from /opt/airflow/dags/pipeline.py
[2026-05-25T12:32:47.836+0000] {processor.py:925} INFO - DAG(s) 'lastfm_pipeline' retrieved from /opt/airflow/dags/pipeline.py
[2026-05-25T12:32:47.867+0000] {logging_mixin.py:190} INFO - [2026-05-25T12:32:47.867+0000] {dag.py:3239} INFO - Sync 1 DAGs
[2026-05-25T12:32:47.892+0000] {logging_mixin.py:190} INFO - [2026-05-25T12:32:47.892+0000] {dag.py:4180} INFO - Setting next_dagrun for lastfm_pipeline to 2026-05-24 00:00:00+00:00, run_after=2026-05-25 00:00:00+00:00
[2026-05-25T12:32:47.908+0000] {processor.py:208} INFO - Processing /opt/airflow/dags/pipeline.py took 0.099 seconds
[2026-05-25T12:33:17.989+0000] {processor.py:186} INFO - Started process (PID=540) to work on /opt/airflow/dags/pipeline.py
[2026-05-25T12:33:17.990+0000] {processor.py:914} INFO - Processing file /opt/airflow/dags/pipeline.py for tasks to queue
[2026-05-25T12:33:17.992+0000] {logging_mixin.py:190} INFO - [2026-05-25T12:33:17.992+0000] {dagbag.py:588} INFO - Filling up the DagBag from /opt/airflow/dags/pipeline.py
[2026-05-25T12:33:18.009+0000] {processor.py:925} INFO - DAG(s) 'lastfm_pipeline' retrieved from /opt/airflow/dags/pipeline.py
[2026-05-25T12:33:18.040+0000] {logging_mixin.py:190} INFO - [2026-05-25T12:33:18.040+0000] {dag.py:3239} INFO - Sync 1 DAGs
[2026-05-25T12:33:18.065+0000] {logging_mixin.py:190} INFO - [2026-05-25T12:33:18.064+0000] {dag.py:4180} INFO - Setting next_dagrun for lastfm_pipeline to 2026-05-24 00:00:00+00:00, run_after=2026-05-25 00:00:00+00:00
[2026-05-25T12:33:18.081+0000] {processor.py:208} INFO - Processing /opt/airflow/dags/pipeline.py took 0.098 seconds
[2026-05-25T12:33:48.230+0000] {processor.py:186} INFO - Started process (PID=545) to work on /opt/airflow/dags/pipeline.py
[2026-05-25T12:33:48.231+0000] {processor.py:914} INFO - Processing file /opt/airflow/dags/pipeline.py for tasks to queue
[2026-05-25T12:33:48.233+0000] {logging_mixin.py:190} INFO - [2026-05-25T12:33:48.233+0000] {dagbag.py:588} INFO - Filling up the DagBag from /opt/airflow/dags/pipeline.py
[2026-05-25T12:33:48.251+0000] {processor.py:925} INFO - DAG(s) 'lastfm_pipeline' retrieved from /opt/airflow/dags/pipeline.py
[2026-05-25T12:33:48.284+0000] {logging_mixin.py:190} INFO - [2026-05-25T12:33:48.284+0000] {dag.py:3239} INFO - Sync 1 DAGs
[2026-05-25T12:33:48.313+0000] {logging_mixin.py:190} INFO - [2026-05-25T12:33:48.313+0000] {dag.py:4180} INFO - Setting next_dagrun for lastfm_pipeline to 2026-05-24 00:00:00+00:00, run_after=2026-05-25 00:00:00+00:00
[2026-05-25T12:33:48.334+0000] {processor.py:208} INFO - Processing /opt/airflow/dags/pipeline.py took 0.111 seconds
[2026-05-25T12:34:18.394+0000] {processor.py:186} INFO - Started process (PID=550) to work on /opt/airflow/dags/pipeline.py
[2026-05-25T12:34:18.395+0000] {processor.py:914} INFO - Processing file /opt/airflow/dags/pipeline.py for tasks to queue
[2026-05-25T12:34:18.397+0000] {logging_mixin.py:190} INFO - [2026-05-25T12:34:18.396+0000] {dagbag.py:588} INFO - Filling up the DagBag from /opt/airflow/dags/pipeline.py
[2026-05-25T12:34:18.414+0000] {processor.py:925} INFO - DAG(s) 'lastfm_pipeline' retrieved from /opt/airflow/dags/pipeline.py
[2026-05-25T12:34:18.445+0000] {logging_mixin.py:190} INFO - [2026-05-25T12:34:18.445+0000] {dag.py:3239} INFO - Sync 1 DAGs
[2026-05-25T12:34:18.470+0000] {logging_mixin.py:190} INFO - [2026-05-25T12:34:18.470+0000] {dag.py:4180} INFO - Setting next_dagrun for lastfm_pipeline to 2026-05-24 00:00:00+00:00, run_after=2026-05-25 00:00:00+00:00
[2026-05-25T12:34:18.486+0000] {processor.py:208} INFO - Processing /opt/airflow/dags/pipeline.py took 0.099 seconds
[2026-05-25T12:34:48.656+0000] {processor.py:186} INFO - Started process (PID=555) to work on /opt/airflow/dags/pipeline.py
[2026-05-25T12:34:48.659+0000] {processor.py:914} INFO - Processing file /opt/airflow/dags/pipeline.py for tasks to queue
[2026-05-25T12:34:48.662+0000] {logging_mixin.py:190} INFO - [2026-05-25T12:34:48.662+0000] {dagbag.py:588} INFO - Filling up the DagBag from /opt/airflow/dags/pipeline.py
[2026-05-25T12:34:48.679+0000] {processor.py:925} INFO - DAG(s) 'lastfm_pipeline' retrieved from /opt/airflow/dags/pipeline.py
[2026-05-25T12:34:48.708+0000] {logging_mixin.py:190} INFO - [2026-05-25T12:34:48.707+0000] {dag.py:3239} INFO - Sync 1 DAGs
[2026-05-25T12:34:48.734+0000] {logging_mixin.py:190} INFO - [2026-05-25T12:34:48.734+0000] {dag.py:4180} INFO - Setting next_dagrun for lastfm_pipeline to 2026-05-24 00:00:00+00:00, run_after=2026-05-25 00:00:00+00:00
[2026-05-25T12:34:48.752+0000] {processor.py:208} INFO - Processing /opt/airflow/dags/pipeline.py took 0.102 seconds
[2026-05-25T12:35:18.821+0000] {processor.py:186} INFO - Started process (PID=560) to work on /opt/airflow/dags/pipeline.py
[2026-05-25T12:35:18.823+0000] {processor.py:914} INFO - Processing file /opt/airflow/dags/pipeline.py for tasks to queue
[2026-05-25T12:35:18.826+0000] {logging_mixin.py:190} INFO - [2026-05-25T12:35:18.825+0000] {dagbag.py:588} INFO - Filling up the DagBag from /opt/airflow/dags/pipeline.py
[2026-05-25T12:35:18.837+0000] {processor.py:925} INFO - DAG(s) 'lastfm_pipeline' retrieved from /opt/airflow/dags/pipeline.py
[2026-05-25T12:35:18.858+0000] {logging_mixin.py:190} INFO - [2026-05-25T12:35:18.858+0000] {dag.py:3239} INFO - Sync 1 DAGs
[2026-05-25T12:35:18.877+0000] {logging_mixin.py:190} INFO - [2026-05-25T12:35:18.876+0000] {dag.py:4180} INFO - Setting next_dagrun for lastfm_pipeline to 2026-05-24 00:00:00+00:00, run_after=2026-05-25 00:00:00+00:00
[2026-05-25T12:35:18.889+0000] {processor.py:208} INFO - Processing /opt/airflow/dags/pipeline.py took 0.072 seconds
[2026-05-25T12:35:48.982+0000] {processor.py:186} INFO - Started process (PID=565) to work on /opt/airflow/dags/pipeline.py
[2026-05-25T12:35:48.983+0000] {processor.py:914} INFO - Processing file /opt/airflow/dags/pipeline.py for tasks to queue
[2026-05-25T12:35:48.986+0000] {logging_mixin.py:190} INFO - [2026-05-25T12:35:48.985+0000] {dagbag.py:588} INFO - Filling up the DagBag from /opt/airflow/dags/pipeline.py
[2026-05-25T12:35:49.003+0000] {processor.py:925} INFO - DAG(s) 'lastfm_pipeline' retrieved from /opt/airflow/dags/pipeline.py
[2026-05-25T12:35:49.036+0000] {logging_mixin.py:190} INFO - [2026-05-25T12:35:49.036+0000] {dag.py:3239} INFO - Sync 1 DAGs
[2026-05-25T12:35:49.063+0000] {logging_mixin.py:190} INFO - [2026-05-25T12:35:49.063+0000] {dag.py:4180} INFO - Setting next_dagrun for lastfm_pipeline to 2026-05-24 00:00:00+00:00, run_after=2026-05-25 00:00:00+00:00
[2026-05-25T12:35:49.080+0000] {processor.py:208} INFO - Processing /opt/airflow/dags/pipeline.py took 0.104 seconds
[2026-05-25T12:36:19.191+0000] {processor.py:186} INFO - Started process (PID=570) to work on /opt/airflow/dags/pipeline.py
[2026-05-25T12:36:19.191+0000] {processor.py:914} INFO - Processing file /opt/airflow/dags/pipeline.py for tasks to queue
[2026-05-25T12:36:19.193+0000] {logging_mixin.py:190} INFO - [2026-05-25T12:36:19.193+0000] {dagbag.py:588} INFO - Filling up the DagBag from /opt/airflow/dags/pipeline.py
[2026-05-25T12:36:19.208+0000] {processor.py:925} INFO - DAG(s) 'lastfm_pipeline' retrieved from /opt/airflow/dags/pipeline.py
[2026-05-25T12:36:19.235+0000] {logging_mixin.py:190} INFO - [2026-05-25T12:36:19.235+0000] {dag.py:3239} INFO - Sync 1 DAGs
[2026-05-25T12:36:19.258+0000] {logging_mixin.py:190} INFO - [2026-05-25T12:36:19.258+0000] {dag.py:4180} INFO - Setting next_dagrun for lastfm_pipeline to 2026-05-24 00:00:00+00:00, run_after=2026-05-25 00:00:00+00:00
[2026-05-25T12:36:19.271+0000] {processor.py:208} INFO - Processing /opt/airflow/dags/pipeline.py took 0.087 seconds
[2026-05-25T12:36:49.375+0000] {processor.py:186} INFO - Started process (PID=575) to work on /opt/airflow/dags/pipeline.py
[2026-05-25T12:36:49.376+0000] {processor.py:914} INFO - Processing file /opt/airflow/dags/pipeline.py for tasks to queue
[2026-05-25T12:36:49.377+0000] {logging_mixin.py:190} INFO - [2026-05-25T12:36:49.377+0000] {dagbag.py:588} INFO - Filling up the DagBag from /opt/airflow/dags/pipeline.py
[2026-05-25T12:36:49.390+0000] {processor.py:925} INFO - DAG(s) 'lastfm_pipeline' retrieved from /opt/airflow/dags/pipeline.py
[2026-05-25T12:36:49.411+0000] {logging_mixin.py:190} INFO - [2026-05-25T12:36:49.411+0000] {dag.py:3239} INFO - Sync 1 DAGs
[2026-05-25T12:36:49.429+0000] {logging_mixin.py:190} INFO - [2026-05-25T12:36:49.429+0000] {dag.py:4180} INFO - Setting next_dagrun for lastfm_pipeline to 2026-05-24 00:00:00+00:00, run_after=2026-05-25 00:00:00+00:00
[2026-05-25T12:36:49.441+0000] {processor.py:208} INFO - Processing /opt/airflow/dags/pipeline.py took 0.070 seconds
[2026-05-25T12:37:19.579+0000] {processor.py:186} INFO - Started process (PID=580) to work on /opt/airflow/dags/pipeline.py
[2026-05-25T12:37:19.580+0000] {processor.py:914} INFO - Processing file /opt/airflow/dags/pipeline.py for tasks to queue
[2026-05-25T12:37:19.582+0000] {logging_mixin.py:190} INFO - [2026-05-25T12:37:19.582+0000] {dagbag.py:588} INFO - Filling up the DagBag from /opt/airflow/dags/pipeline.py
[2026-05-25T12:37:19.600+0000] {processor.py:925} INFO - DAG(s) 'lastfm_pipeline' retrieved from /opt/airflow/dags/pipeline.py
[2026-05-25T12:37:19.630+0000] {logging_mixin.py:190} INFO - [2026-05-25T12:37:19.630+0000] {dag.py:3239} INFO - Sync 1 DAGs
[2026-05-25T12:37:19.655+0000] {logging_mixin.py:190} INFO - [2026-05-25T12:37:19.655+0000] {dag.py:4180} INFO - Setting next_dagrun for lastfm_pipeline to 2026-05-24 00:00:00+00:00, run_after=2026-05-25 00:00:00+00:00
[2026-05-25T12:37:19.672+0000] {processor.py:208} INFO - Processing /opt/airflow/dags/pipeline.py took 0.099 seconds
[2026-05-25T12:37:49.750+0000] {processor.py:186} INFO - Started process (PID=585) to work on /opt/airflow/dags/pipeline.py
[2026-05-25T12:37:49.750+0000] {processor.py:914} INFO - Processing file /opt/airflow/dags/pipeline.py for tasks to queue
[2026-05-25T12:37:49.752+0000] {logging_mixin.py:190} INFO - [2026-05-25T12:37:49.752+0000] {dagbag.py:588} INFO - Filling up the DagBag from /opt/airflow/dags/pipeline.py
[2026-05-25T12:37:49.764+0000] {processor.py:925} INFO - DAG(s) 'lastfm_pipeline' retrieved from /opt/airflow/dags/pipeline.py
[2026-05-25T12:37:49.789+0000] {logging_mixin.py:190} INFO - [2026-05-25T12:37:49.788+0000] {dag.py:3239} INFO - Sync 1 DAGs
[2026-05-25T12:37:49.809+0000] {logging_mixin.py:190} INFO - [2026-05-25T12:37:49.808+0000] {dag.py:4180} INFO - Setting next_dagrun for lastfm_pipeline to 2026-05-24 00:00:00+00:00, run_after=2026-05-25 00:00:00+00:00
[2026-05-25T12:37:49.822+0000] {processor.py:208} INFO - Processing /opt/airflow/dags/pipeline.py took 0.078 seconds
[2026-05-25T12:38:19.983+0000] {processor.py:186} INFO - Started process (PID=590) to work on /opt/airflow/dags/pipeline.py
[2026-05-25T12:38:19.983+0000] {processor.py:914} INFO - Processing file /opt/airflow/dags/pipeline.py for tasks to queue
[2026-05-25T12:38:19.986+0000] {logging_mixin.py:190} INFO - [2026-05-25T12:38:19.986+0000] {dagbag.py:588} INFO - Filling up the DagBag from /opt/airflow/dags/pipeline.py
[2026-05-25T12:38:20.007+0000] {processor.py:925} INFO - DAG(s) 'lastfm_pipeline' retrieved from /opt/airflow/dags/pipeline.py
[2026-05-25T12:38:20.044+0000] {logging_mixin.py:190} INFO - [2026-05-25T12:38:20.044+0000] {dag.py:3239} INFO - Sync 1 DAGs
[2026-05-25T12:38:20.077+0000] {logging_mixin.py:190} INFO - [2026-05-25T12:38:20.077+0000] {dag.py:4180} INFO - Setting next_dagrun for lastfm_pipeline to 2026-05-24 00:00:00+00:00, run_after=2026-05-25 00:00:00+00:00
[2026-05-25T12:38:20.095+0000] {processor.py:208} INFO - Processing /opt/airflow/dags/pipeline.py took 0.118 seconds
[2026-05-25T12:38:50.144+0000] {processor.py:186} INFO - Started process (PID=595) to work on /opt/airflow/dags/pipeline.py
[2026-05-25T12:38:50.145+0000] {processor.py:914} INFO - Processing file /opt/airflow/dags/pipeline.py for tasks to queue
[2026-05-25T12:38:50.147+0000] {logging_mixin.py:190} INFO - [2026-05-25T12:38:50.147+0000] {dagbag.py:588} INFO - Filling up the DagBag from /opt/airflow/dags/pipeline.py
[2026-05-25T12:38:50.166+0000] {processor.py:925} INFO - DAG(s) 'lastfm_pipeline' retrieved from /opt/airflow/dags/pipeline.py
[2026-05-25T12:38:50.200+0000] {logging_mixin.py:190} INFO - [2026-05-25T12:38:50.200+0000] {dag.py:3239} INFO - Sync 1 DAGs
[2026-05-25T12:38:50.231+0000] {logging_mixin.py:190} INFO - [2026-05-25T12:38:50.230+0000] {dag.py:4180} INFO - Setting next_dagrun for lastfm_pipeline to 2026-05-24 00:00:00+00:00, run_after=2026-05-25 00:00:00+00:00
[2026-05-25T12:38:50.253+0000] {processor.py:208} INFO - Processing /opt/airflow/dags/pipeline.py took 0.116 seconds
[2026-05-25T12:39:20.397+0000] {processor.py:186} INFO - Started process (PID=600) to work on /opt/airflow/dags/pipeline.py
[2026-05-25T12:39:20.398+0000] {processor.py:914} INFO - Processing file /opt/airflow/dags/pipeline.py for tasks to queue
[2026-05-25T12:39:20.401+0000] {logging_mixin.py:190} INFO - [2026-05-25T12:39:20.401+0000] {dagbag.py:588} INFO - Filling up the DagBag from /opt/airflow/dags/pipeline.py
[2026-05-25T12:39:20.419+0000] {processor.py:925} INFO - DAG(s) 'lastfm_pipeline' retrieved from /opt/airflow/dags/pipeline.py
[2026-05-25T12:39:20.450+0000] {logging_mixin.py:190} INFO - [2026-05-25T12:39:20.450+0000] {dag.py:3239} INFO - Sync 1 DAGs
[2026-05-25T12:39:20.475+0000] {logging_mixin.py:190} INFO - [2026-05-25T12:39:20.475+0000] {dag.py:4180} INFO - Setting next_dagrun for lastfm_pipeline to 2026-05-24 00:00:00+00:00, run_after=2026-05-25 00:00:00+00:00
[2026-05-25T12:39:20.491+0000] {processor.py:208} INFO - Processing /opt/airflow/dags/pipeline.py took 0.100 seconds
[2026-05-25T12:39:50.547+0000] {processor.py:186} INFO - Started process (PID=605) to work on /opt/airflow/dags/pipeline.py
[2026-05-25T12:39:50.547+0000] {processor.py:914} INFO - Processing file /opt/airflow/dags/pipeline.py for tasks to queue
[2026-05-25T12:39:50.549+0000] {logging_mixin.py:190} INFO - [2026-05-25T12:39:50.549+0000] {dagbag.py:588} INFO - Filling up the DagBag from /opt/airflow/dags/pipeline.py
[2026-05-25T12:39:50.562+0000] {processor.py:925} INFO - DAG(s) 'lastfm_pipeline' retrieved from /opt/airflow/dags/pipeline.py
[2026-05-25T12:39:50.587+0000] {logging_mixin.py:190} INFO - [2026-05-25T12:39:50.586+0000] {dag.py:3239} INFO - Sync 1 DAGs
[2026-05-25T12:39:50.606+0000] {logging_mixin.py:190} INFO - [2026-05-25T12:39:50.606+0000] {dag.py:4180} INFO - Setting next_dagrun for lastfm_pipeline to 2026-05-24 00:00:00+00:00, run_after=2026-05-25 00:00:00+00:00
[2026-05-25T12:39:50.617+0000] {processor.py:208} INFO - Processing /opt/airflow/dags/pipeline.py took 0.075 seconds
[2026-05-25T12:40:20.700+0000] {processor.py:186} INFO - Started process (PID=610) to work on /opt/airflow/dags/pipeline.py
[2026-05-25T12:40:20.701+0000] {processor.py:914} INFO - Processing file /opt/airflow/dags/pipeline.py for tasks to queue
[2026-05-25T12:40:20.703+0000] {logging_mixin.py:190} INFO - [2026-05-25T12:40:20.702+0000] {dagbag.py:588} INFO - Filling up the DagBag from /opt/airflow/dags/pipeline.py
[2026-05-25T12:40:20.716+0000] {processor.py:925} INFO - DAG(s) 'lastfm_pipeline' retrieved from /opt/airflow/dags/pipeline.py
[2026-05-25T12:40:20.741+0000] {logging_mixin.py:190} INFO - [2026-05-25T12:40:20.740+0000] {dag.py:3239} INFO - Sync 1 DAGs
[2026-05-25T12:40:20.761+0000] {logging_mixin.py:190} INFO - [2026-05-25T12:40:20.761+0000] {dag.py:4180} INFO - Setting next_dagrun for lastfm_pipeline to 2026-05-24 00:00:00+00:00, run_after=2026-05-25 00:00:00+00:00
[2026-05-25T12:40:20.776+0000] {processor.py:208} INFO - Processing /opt/airflow/dags/pipeline.py took 0.083 seconds
[2026-05-25T12:40:50.921+0000] {processor.py:186} INFO - Started process (PID=615) to work on /opt/airflow/dags/pipeline.py
[2026-05-25T12:40:50.921+0000] {processor.py:914} INFO - Processing file /opt/airflow/dags/pipeline.py for tasks to queue
[2026-05-25T12:40:50.924+0000] {logging_mixin.py:190} INFO - [2026-05-25T12:40:50.924+0000] {dagbag.py:588} INFO - Filling up the DagBag from /opt/airflow/dags/pipeline.py
[2026-05-25T12:40:50.942+0000] {processor.py:925} INFO - DAG(s) 'lastfm_pipeline' retrieved from /opt/airflow/dags/pipeline.py
[2026-05-25T12:40:50.974+0000] {logging_mixin.py:190} INFO - [2026-05-25T12:40:50.974+0000] {dag.py:3239} INFO - Sync 1 DAGs
[2026-05-25T12:40:51.001+0000] {logging_mixin.py:190} INFO - [2026-05-25T12:40:51.001+0000] {dag.py:4180} INFO - Setting next_dagrun for lastfm_pipeline to 2026-05-24 00:00:00+00:00, run_after=2026-05-25 00:00:00+00:00
[2026-05-25T12:40:51.020+0000] {processor.py:208} INFO - Processing /opt/airflow/dags/pipeline.py took 0.106 seconds
[2026-05-25T12:41:21.079+0000] {processor.py:186} INFO - Started process (PID=620) to work on /opt/airflow/dags/pipeline.py
[2026-05-25T12:41:21.079+0000] {processor.py:914} INFO - Processing file /opt/airflow/dags/pipeline.py for tasks to queue
[2026-05-25T12:41:21.081+0000] {logging_mixin.py:190} INFO - [2026-05-25T12:41:21.081+0000] {dagbag.py:588} INFO - Filling up the DagBag from /opt/airflow/dags/pipeline.py
[2026-05-25T12:41:21.096+0000] {processor.py:925} INFO - DAG(s) 'lastfm_pipeline' retrieved from /opt/airflow/dags/pipeline.py
[2026-05-25T12:41:21.126+0000] {logging_mixin.py:190} INFO - [2026-05-25T12:41:21.126+0000] {dag.py:3239} INFO - Sync 1 DAGs
[2026-05-25T12:41:21.157+0000] {logging_mixin.py:190} INFO - [2026-05-25T12:41:21.156+0000] {dag.py:4180} INFO - Setting next_dagrun for lastfm_pipeline to 2026-05-24 00:00:00+00:00, run_after=2026-05-25 00:00:00+00:00
[2026-05-25T12:41:21.182+0000] {processor.py:208} INFO - Processing /opt/airflow/dags/pipeline.py took 0.109 seconds
[2026-05-25T12:41:51.330+0000] {processor.py:186} INFO - Started process (PID=625) to work on /opt/airflow/dags/pipeline.py
[2026-05-25T12:41:51.333+0000] {processor.py:914} INFO - Processing file /opt/airflow/dags/pipeline.py for tasks to queue
[2026-05-25T12:41:51.335+0000] {logging_mixin.py:190} INFO - [2026-05-25T12:41:51.335+0000] {dagbag.py:588} INFO - Filling up the DagBag from /opt/airflow/dags/pipeline.py
[2026-05-25T12:41:51.354+0000] {processor.py:925} INFO - DAG(s) 'lastfm_pipeline' retrieved from /opt/airflow/dags/pipeline.py
[2026-05-25T12:41:51.382+0000] {logging_mixin.py:190} INFO - [2026-05-25T12:41:51.382+0000] {dag.py:3239} INFO - Sync 1 DAGs
[2026-05-25T12:41:51.408+0000] {logging_mixin.py:190} INFO - [2026-05-25T12:41:51.408+0000] {dag.py:4180} INFO - Setting next_dagrun for lastfm_pipeline to 2026-05-24 00:00:00+00:00, run_after=2026-05-25 00:00:00+00:00
[2026-05-25T12:41:51.425+0000] {processor.py:208} INFO - Processing /opt/airflow/dags/pipeline.py took 0.099 seconds
[2026-05-25T12:42:21.491+0000] {processor.py:186} INFO - Started process (PID=630) to work on /opt/airflow/dags/pipeline.py
[2026-05-25T12:42:21.494+0000] {processor.py:914} INFO - Processing file /opt/airflow/dags/pipeline.py for tasks to queue
[2026-05-25T12:42:21.496+0000] {logging_mixin.py:190} INFO - [2026-05-25T12:42:21.496+0000] {dagbag.py:588} INFO - Filling up the DagBag from /opt/airflow/dags/pipeline.py
[2026-05-25T12:42:21.513+0000] {processor.py:925} INFO - DAG(s) 'lastfm_pipeline' retrieved from /opt/airflow/dags/pipeline.py
[2026-05-25T12:42:21.543+0000] {logging_mixin.py:190} INFO - [2026-05-25T12:42:21.543+0000] {dag.py:3239} INFO - Sync 1 DAGs
[2026-05-25T12:42:21.571+0000] {logging_mixin.py:190} INFO - [2026-05-25T12:42:21.570+0000] {dag.py:4180} INFO - Setting next_dagrun for lastfm_pipeline to 2026-05-24 00:00:00+00:00, run_after=2026-05-25 00:00:00+00:00
[2026-05-25T12:42:21.587+0000] {processor.py:208} INFO - Processing /opt/airflow/dags/pipeline.py took 0.103 seconds
[2026-05-25T12:42:51.757+0000] {processor.py:186} INFO - Started process (PID=635) to work on /opt/airflow/dags/pipeline.py
[2026-05-25T12:42:51.757+0000] {processor.py:914} INFO - Processing file /opt/airflow/dags/pipeline.py for tasks to queue
[2026-05-25T12:42:51.760+0000] {logging_mixin.py:190} INFO - [2026-05-25T12:42:51.759+0000] {dagbag.py:588} INFO - Filling up the DagBag from /opt/airflow/dags/pipeline.py
[2026-05-25T12:42:51.793+0000] {processor.py:925} INFO - DAG(s) 'lastfm_pipeline' retrieved from /opt/airflow/dags/pipeline.py
[2026-05-25T12:42:51.825+0000] {logging_mixin.py:190} INFO - [2026-05-25T12:42:51.825+0000] {dag.py:3239} INFO - Sync 1 DAGs
[2026-05-25T12:42:51.848+0000] {logging_mixin.py:190} INFO - [2026-05-25T12:42:51.848+0000] {dag.py:4180} INFO - Setting next_dagrun for lastfm_pipeline to 2026-05-24 00:00:00+00:00, run_after=2026-05-25 00:00:00+00:00
[2026-05-25T12:42:51.868+0000] {processor.py:208} INFO - Processing /opt/airflow/dags/pipeline.py took 0.125 seconds
[2026-05-25T12:43:21.901+0000] {processor.py:186} INFO - Started process (PID=640) to work on /opt/airflow/dags/pipeline.py
[2026-05-25T12:43:21.903+0000] {processor.py:914} INFO - Processing file /opt/airflow/dags/pipeline.py for tasks to queue
[2026-05-25T12:43:21.904+0000] {logging_mixin.py:190} INFO - [2026-05-25T12:43:21.904+0000] {dagbag.py:588} INFO - Filling up the DagBag from /opt/airflow/dags/pipeline.py
[2026-05-25T12:43:21.917+0000] {processor.py:925} INFO - DAG(s) 'lastfm_pipeline' retrieved from /opt/airflow/dags/pipeline.py
[2026-05-25T12:43:21.943+0000] {logging_mixin.py:190} INFO - [2026-05-25T12:43:21.942+0000] {dag.py:3239} INFO - Sync 1 DAGs
[2026-05-25T12:43:21.964+0000] {logging_mixin.py:190} INFO - [2026-05-25T12:43:21.964+0000] {dag.py:4180} INFO - Setting next_dagrun for lastfm_pipeline to 2026-05-24 00:00:00+00:00, run_after=2026-05-25 00:00:00+00:00
[2026-05-25T12:43:21.977+0000] {processor.py:208} INFO - Processing /opt/airflow/dags/pipeline.py took 0.080 seconds
[2026-05-25T12:43:52.056+0000] {processor.py:186} INFO - Started process (PID=645) to work on /opt/airflow/dags/pipeline.py
[2026-05-25T12:43:52.057+0000] {processor.py:914} INFO - Processing file /opt/airflow/dags/pipeline.py for tasks to queue
[2026-05-25T12:43:52.059+0000] {logging_mixin.py:190} INFO - [2026-05-25T12:43:52.058+0000] {dagbag.py:588} INFO - Filling up the DagBag from /opt/airflow/dags/pipeline.py
[2026-05-25T12:43:52.077+0000] {processor.py:925} INFO - DAG(s) 'lastfm_pipeline' retrieved from /opt/airflow/dags/pipeline.py
[2026-05-25T12:43:52.109+0000] {logging_mixin.py:190} INFO - [2026-05-25T12:43:52.108+0000] {dag.py:3239} INFO - Sync 1 DAGs
[2026-05-25T12:43:52.137+0000] {logging_mixin.py:190} INFO - [2026-05-25T12:43:52.137+0000] {dag.py:4180} INFO - Setting next_dagrun for lastfm_pipeline to 2026-05-24 00:00:00+00:00, run_after=2026-05-25 00:00:00+00:00
[2026-05-25T12:43:52.162+0000] {processor.py:208} INFO - Processing /opt/airflow/dags/pipeline.py took 0.112 seconds
[2026-05-25T12:44:22.287+0000] {processor.py:186} INFO - Started process (PID=650) to work on /opt/airflow/dags/pipeline.py
[2026-05-25T12:44:22.307+0000] {processor.py:914} INFO - Processing file /opt/airflow/dags/pipeline.py for tasks to queue
[2026-05-25T12:44:22.311+0000] {logging_mixin.py:190} INFO - [2026-05-25T12:44:22.310+0000] {dagbag.py:588} INFO - Filling up the DagBag from /opt/airflow/dags/pipeline.py
[2026-05-25T12:44:22.327+0000] {processor.py:925} INFO - DAG(s) 'lastfm_pipeline' retrieved from /opt/airflow/dags/pipeline.py
[2026-05-25T12:44:22.356+0000] {logging_mixin.py:190} INFO - [2026-05-25T12:44:22.355+0000] {dag.py:3239} INFO - Sync 1 DAGs
[2026-05-25T12:44:22.382+0000] {logging_mixin.py:190} INFO - [2026-05-25T12:44:22.382+0000] {dag.py:4180} INFO - Setting next_dagrun for lastfm_pipeline to 2026-05-24 00:00:00+00:00, run_after=2026-05-25 00:00:00+00:00
[2026-05-25T12:44:22.404+0000] {processor.py:208} INFO - Processing /opt/airflow/dags/pipeline.py took 0.123 seconds
[2026-05-25T12:44:52.471+0000] {processor.py:186} INFO - Started process (PID=655) to work on /opt/airflow/dags/pipeline.py
[2026-05-25T12:44:52.472+0000] {processor.py:914} INFO - Processing file /opt/airflow/dags/pipeline.py for tasks to queue
[2026-05-25T12:44:52.475+0000] {logging_mixin.py:190} INFO - [2026-05-25T12:44:52.474+0000] {dagbag.py:588} INFO - Filling up the DagBag from /opt/airflow/dags/pipeline.py
[2026-05-25T12:44:52.489+0000] {processor.py:925} INFO - DAG(s) 'lastfm_pipeline' retrieved from /opt/airflow/dags/pipeline.py
[2026-05-25T12:44:52.516+0000] {logging_mixin.py:190} INFO - [2026-05-25T12:44:52.516+0000] {dag.py:3239} INFO - Sync 1 DAGs
[2026-05-25T12:44:52.536+0000] {logging_mixin.py:190} INFO - [2026-05-25T12:44:52.536+0000] {dag.py:4180} INFO - Setting next_dagrun for lastfm_pipeline to 2026-05-24 00:00:00+00:00, run_after=2026-05-25 00:00:00+00:00
[2026-05-25T12:44:52.550+0000] {processor.py:208} INFO - Processing /opt/airflow/dags/pipeline.py took 0.085 seconds
[2026-05-25T12:45:22.722+0000] {processor.py:186} INFO - Started process (PID=660) to work on /opt/airflow/dags/pipeline.py
[2026-05-25T12:45:22.725+0000] {processor.py:914} INFO - Processing file /opt/airflow/dags/pipeline.py for tasks to queue
[2026-05-25T12:45:22.728+0000] {logging_mixin.py:190} INFO - [2026-05-25T12:45:22.727+0000] {dagbag.py:588} INFO - Filling up the DagBag from /opt/airflow/dags/pipeline.py
[2026-05-25T12:45:22.745+0000] {processor.py:925} INFO - DAG(s) 'lastfm_pipeline' retrieved from /opt/airflow/dags/pipeline.py
[2026-05-25T12:45:22.774+0000] {logging_mixin.py:190} INFO - [2026-05-25T12:45:22.774+0000] {dag.py:3239} INFO - Sync 1 DAGs
[2026-05-25T12:45:22.800+0000] {logging_mixin.py:190} INFO - [2026-05-25T12:45:22.800+0000] {dag.py:4180} INFO - Setting next_dagrun for lastfm_pipeline to 2026-05-24 00:00:00+00:00, run_after=2026-05-25 00:00:00+00:00
[2026-05-25T12:45:22.818+0000] {processor.py:208} INFO - Processing /opt/airflow/dags/pipeline.py took 0.101 seconds
[2026-05-25T12:45:52.882+0000] {processor.py:186} INFO - Started process (PID=665) to work on /opt/airflow/dags/pipeline.py
[2026-05-25T12:45:52.882+0000] {processor.py:914} INFO - Processing file /opt/airflow/dags/pipeline.py for tasks to queue
[2026-05-25T12:45:52.884+0000] {logging_mixin.py:190} INFO - [2026-05-25T12:45:52.884+0000] {dagbag.py:588} INFO - Filling up the DagBag from /opt/airflow/dags/pipeline.py
[2026-05-25T12:45:52.901+0000] {processor.py:925} INFO - DAG(s) 'lastfm_pipeline' retrieved from /opt/airflow/dags/pipeline.py
[2026-05-25T12:45:52.933+0000] {logging_mixin.py:190} INFO - [2026-05-25T12:45:52.933+0000] {dag.py:3239} INFO - Sync 1 DAGs
[2026-05-25T12:45:52.960+0000] {logging_mixin.py:190} INFO - [2026-05-25T12:45:52.960+0000] {dag.py:4180} INFO - Setting next_dagrun for lastfm_pipeline to 2026-05-24 00:00:00+00:00, run_after=2026-05-25 00:00:00+00:00
[2026-05-25T12:45:52.976+0000] {processor.py:208} INFO - Processing /opt/airflow/dags/pipeline.py took 0.101 seconds
[2026-05-25T12:46:23.116+0000] {processor.py:186} INFO - Started process (PID=670) to work on /opt/airflow/dags/pipeline.py
[2026-05-25T12:46:23.118+0000] {processor.py:914} INFO - Processing file /opt/airflow/dags/pipeline.py for tasks to queue
[2026-05-25T12:46:23.121+0000] {logging_mixin.py:190} INFO - [2026-05-25T12:46:23.120+0000] {dagbag.py:588} INFO - Filling up the DagBag from /opt/airflow/dags/pipeline.py
[2026-05-25T12:46:23.138+0000] {processor.py:925} INFO - DAG(s) 'lastfm_pipeline' retrieved from /opt/airflow/dags/pipeline.py
[2026-05-25T12:46:23.168+0000] {logging_mixin.py:190} INFO - [2026-05-25T12:46:23.168+0000] {dag.py:3239} INFO - Sync 1 DAGs
[2026-05-25T12:46:23.195+0000] {logging_mixin.py:190} INFO - [2026-05-25T12:46:23.195+0000] {dag.py:4180} INFO - Setting next_dagrun for lastfm_pipeline to 2026-05-24 00:00:00+00:00, run_after=2026-05-25 00:00:00+00:00
[2026-05-25T12:46:23.213+0000] {processor.py:208} INFO - Processing /opt/airflow/dags/pipeline.py took 0.104 seconds
[2026-05-25T12:46:53.270+0000] {processor.py:186} INFO - Started process (PID=675) to work on /opt/airflow/dags/pipeline.py
[2026-05-25T12:46:53.270+0000] {processor.py:914} INFO - Processing file /opt/airflow/dags/pipeline.py for tasks to queue
[2026-05-25T12:46:53.272+0000] {logging_mixin.py:190} INFO - [2026-05-25T12:46:53.272+0000] {dagbag.py:588} INFO - Filling up the DagBag from /opt/airflow/dags/pipeline.py
[2026-05-25T12:46:53.286+0000] {processor.py:925} INFO - DAG(s) 'lastfm_pipeline' retrieved from /opt/airflow/dags/pipeline.py
[2026-05-25T12:46:53.309+0000] {logging_mixin.py:190} INFO - [2026-05-25T12:46:53.309+0000] {dag.py:3239} INFO - Sync 1 DAGs
[2026-05-25T12:46:53.330+0000] {logging_mixin.py:190} INFO - [2026-05-25T12:46:53.329+0000] {dag.py:4180} INFO - Setting next_dagrun for lastfm_pipeline to 2026-05-24 00:00:00+00:00, run_after=2026-05-25 00:00:00+00:00
[2026-05-25T12:46:53.343+0000] {processor.py:208} INFO - Processing /opt/airflow/dags/pipeline.py took 0.078 seconds
[2026-05-25T12:47:23.430+0000] {processor.py:186} INFO - Started process (PID=680) to work on /opt/airflow/dags/pipeline.py
[2026-05-25T12:47:23.432+0000] {processor.py:914} INFO - Processing file /opt/airflow/dags/pipeline.py for tasks to queue
[2026-05-25T12:47:23.435+0000] {logging_mixin.py:190} INFO - [2026-05-25T12:47:23.434+0000] {dagbag.py:588} INFO - Filling up the DagBag from /opt/airflow/dags/pipeline.py
[2026-05-25T12:47:23.453+0000] {processor.py:925} INFO - DAG(s) 'lastfm_pipeline' retrieved from /opt/airflow/dags/pipeline.py
[2026-05-25T12:47:23.489+0000] {logging_mixin.py:190} INFO - [2026-05-25T12:47:23.488+0000] {dag.py:3239} INFO - Sync 1 DAGs
[2026-05-25T12:47:23.516+0000] {logging_mixin.py:190} INFO - [2026-05-25T12:47:23.516+0000] {dag.py:4180} INFO - Setting next_dagrun for lastfm_pipeline to 2026-05-24 00:00:00+00:00, run_after=2026-05-25 00:00:00+00:00
[2026-05-25T12:47:23.533+0000] {processor.py:208} INFO - Processing /opt/airflow/dags/pipeline.py took 0.111 seconds
[2026-05-25T12:47:53.662+0000] {processor.py:186} INFO - Started process (PID=685) to work on /opt/airflow/dags/pipeline.py
[2026-05-25T12:47:53.663+0000] {processor.py:914} INFO - Processing file /opt/airflow/dags/pipeline.py for tasks to queue
[2026-05-25T12:47:53.665+0000] {logging_mixin.py:190} INFO - [2026-05-25T12:47:53.665+0000] {dagbag.py:588} INFO - Filling up the DagBag from /opt/airflow/dags/pipeline.py
[2026-05-25T12:47:53.681+0000] {processor.py:925} INFO - DAG(s) 'lastfm_pipeline' retrieved from /opt/airflow/dags/pipeline.py
[2026-05-25T12:47:53.712+0000] {logging_mixin.py:190} INFO - [2026-05-25T12:47:53.712+0000] {dag.py:3239} INFO - Sync 1 DAGs
[2026-05-25T12:47:53.739+0000] {logging_mixin.py:190} INFO - [2026-05-25T12:47:53.739+0000] {dag.py:4180} INFO - Setting next_dagrun for lastfm_pipeline to 2026-05-24 00:00:00+00:00, run_after=2026-05-25 00:00:00+00:00
[2026-05-25T12:47:53.764+0000] {processor.py:208} INFO - Processing /opt/airflow/dags/pipeline.py took 0.107 seconds
[2026-05-25T12:48:23.862+0000] {processor.py:186} INFO - Started process (PID=690) to work on /opt/airflow/dags/pipeline.py
[2026-05-25T12:48:23.865+0000] {processor.py:914} INFO - Processing file /opt/airflow/dags/pipeline.py for tasks to queue
[2026-05-25T12:48:23.868+0000] {logging_mixin.py:190} INFO - [2026-05-25T12:48:23.868+0000] {dagbag.py:588} INFO - Filling up the DagBag from /opt/airflow/dags/pipeline.py
[2026-05-25T12:48:23.884+0000] {processor.py:925} INFO - DAG(s) 'lastfm_pipeline' retrieved from /opt/airflow/dags/pipeline.py
[2026-05-25T12:48:23.915+0000] {logging_mixin.py:190} INFO - [2026-05-25T12:48:23.915+0000] {dag.py:3239} INFO - Sync 1 DAGs
[2026-05-25T12:48:23.940+0000] {logging_mixin.py:190} INFO - [2026-05-25T12:48:23.940+0000] {dag.py:4180} INFO - Setting next_dagrun for lastfm_pipeline to 2026-05-24 00:00:00+00:00, run_after=2026-05-25 00:00:00+00:00
[2026-05-25T12:48:23.968+0000] {processor.py:208} INFO - Processing /opt/airflow/dags/pipeline.py took 0.112 seconds
[2026-05-25T12:48:54.085+0000] {processor.py:186} INFO - Started process (PID=695) to work on /opt/airflow/dags/pipeline.py
[2026-05-25T12:48:54.085+0000] {processor.py:914} INFO - Processing file /opt/airflow/dags/pipeline.py for tasks to queue
[2026-05-25T12:48:54.088+0000] {logging_mixin.py:190} INFO - [2026-05-25T12:48:54.088+0000] {dagbag.py:588} INFO - Filling up the DagBag from /opt/airflow/dags/pipeline.py
[2026-05-25T12:48:54.104+0000] {processor.py:925} INFO - DAG(s) 'lastfm_pipeline' retrieved from /opt/airflow/dags/pipeline.py
[2026-05-25T12:48:54.132+0000] {logging_mixin.py:190} INFO - [2026-05-25T12:48:54.132+0000] {dag.py:3239} INFO - Sync 1 DAGs
[2026-05-25T12:48:54.158+0000] {logging_mixin.py:190} INFO - [2026-05-25T12:48:54.157+0000] {dag.py:4180} INFO - Setting next_dagrun for lastfm_pipeline to 2026-05-24 00:00:00+00:00, run_after=2026-05-25 00:00:00+00:00
[2026-05-25T12:48:54.175+0000] {processor.py:208} INFO - Processing /opt/airflow/dags/pipeline.py took 0.096 seconds
[2026-05-25T12:49:24.287+0000] {processor.py:186} INFO - Started process (PID=700) to work on /opt/airflow/dags/pipeline.py
[2026-05-25T12:49:24.288+0000] {processor.py:914} INFO - Processing file /opt/airflow/dags/pipeline.py for tasks to queue
[2026-05-25T12:49:24.291+0000] {logging_mixin.py:190} INFO - [2026-05-25T12:49:24.290+0000] {dagbag.py:588} INFO - Filling up the DagBag from /opt/airflow/dags/pipeline.py
[2026-05-25T12:49:24.307+0000] {processor.py:925} INFO - DAG(s) 'lastfm_pipeline' retrieved from /opt/airflow/dags/pipeline.py
[2026-05-25T12:49:24.336+0000] {logging_mixin.py:190} INFO - [2026-05-25T12:49:24.336+0000] {dag.py:3239} INFO - Sync 1 DAGs
[2026-05-25T12:49:24.360+0000] {logging_mixin.py:190} INFO - [2026-05-25T12:49:24.360+0000] {dag.py:4180} INFO - Setting next_dagrun for lastfm_pipeline to 2026-05-24 00:00:00+00:00, run_after=2026-05-25 00:00:00+00:00
[2026-05-25T12:49:24.376+0000] {processor.py:208} INFO - Processing /opt/airflow/dags/pipeline.py took 0.096 seconds
[2026-05-25T12:49:54.486+0000] {processor.py:186} INFO - Started process (PID=705) to work on /opt/airflow/dags/pipeline.py
[2026-05-25T12:49:54.487+0000] {processor.py:914} INFO - Processing file /opt/airflow/dags/pipeline.py for tasks to queue
[2026-05-25T12:49:54.489+0000] {logging_mixin.py:190} INFO - [2026-05-25T12:49:54.489+0000] {dagbag.py:588} INFO - Filling up the DagBag from /opt/airflow/dags/pipeline.py
[2026-05-25T12:49:54.505+0000] {processor.py:925} INFO - DAG(s) 'lastfm_pipeline' retrieved from /opt/airflow/dags/pipeline.py
[2026-05-25T12:49:54.535+0000] {logging_mixin.py:190} INFO - [2026-05-25T12:49:54.534+0000] {dag.py:3239} INFO - Sync 1 DAGs
[2026-05-25T12:49:54.561+0000] {logging_mixin.py:190} INFO - [2026-05-25T12:49:54.561+0000] {dag.py:4180} INFO - Setting next_dagrun for lastfm_pipeline to 2026-05-24 00:00:00+00:00, run_after=2026-05-25 00:00:00+00:00
[2026-05-25T12:49:54.578+0000] {processor.py:208} INFO - Processing /opt/airflow/dags/pipeline.py took 0.097 seconds
[2026-05-25T12:50:24.689+0000] {processor.py:186} INFO - Started process (PID=710) to work on /opt/airflow/dags/pipeline.py
[2026-05-25T12:50:24.691+0000] {processor.py:914} INFO - Processing file /opt/airflow/dags/pipeline.py for tasks to queue
[2026-05-25T12:50:24.694+0000] {logging_mixin.py:190} INFO - [2026-05-25T12:50:24.693+0000] {dagbag.py:588} INFO - Filling up the DagBag from /opt/airflow/dags/pipeline.py
[2026-05-25T12:50:24.711+0000] {processor.py:925} INFO - DAG(s) 'lastfm_pipeline' retrieved from /opt/airflow/dags/pipeline.py
[2026-05-25T12:50:24.741+0000] {logging_mixin.py:190} INFO - [2026-05-25T12:50:24.740+0000] {dag.py:3239} INFO - Sync 1 DAGs
[2026-05-25T12:50:24.767+0000] {logging_mixin.py:190} INFO - [2026-05-25T12:50:24.767+0000] {dag.py:4180} INFO - Setting next_dagrun for lastfm_pipeline to 2026-05-24 00:00:00+00:00, run_after=2026-05-25 00:00:00+00:00
[2026-05-25T12:50:24.784+0000] {processor.py:208} INFO - Processing /opt/airflow/dags/pipeline.py took 0.103 seconds
[2026-05-25T12:50:54.908+0000] {processor.py:186} INFO - Started process (PID=715) to work on /opt/airflow/dags/pipeline.py
[2026-05-25T12:50:54.909+0000] {processor.py:914} INFO - Processing file /opt/airflow/dags/pipeline.py for tasks to queue
[2026-05-25T12:50:54.911+0000] {logging_mixin.py:190} INFO - [2026-05-25T12:50:54.911+0000] {dagbag.py:588} INFO - Filling up the DagBag from /opt/airflow/dags/pipeline.py
[2026-05-25T12:50:54.927+0000] {processor.py:925} INFO - DAG(s) 'lastfm_pipeline' retrieved from /opt/airflow/dags/pipeline.py
[2026-05-25T12:50:54.957+0000] {logging_mixin.py:190} INFO - [2026-05-25T12:50:54.956+0000] {dag.py:3239} INFO - Sync 1 DAGs
[2026-05-25T12:50:54.982+0000] {logging_mixin.py:190} INFO - [2026-05-25T12:50:54.981+0000] {dag.py:4180} INFO - Setting next_dagrun for lastfm_pipeline to 2026-05-24 00:00:00+00:00, run_after=2026-05-25 00:00:00+00:00
[2026-05-25T12:50:55.000+0000] {processor.py:208} INFO - Processing /opt/airflow/dags/pipeline.py took 0.098 seconds
[2026-05-25T12:51:25.122+0000] {processor.py:186} INFO - Started process (PID=720) to work on /opt/airflow/dags/pipeline.py
[2026-05-25T12:51:25.125+0000] {processor.py:914} INFO - Processing file /opt/airflow/dags/pipeline.py for tasks to queue
[2026-05-25T12:51:25.127+0000] {logging_mixin.py:190} INFO - [2026-05-25T12:51:25.127+0000] {dagbag.py:588} INFO - Filling up the DagBag from /opt/airflow/dags/pipeline.py
[2026-05-25T12:51:25.143+0000] {processor.py:925} INFO - DAG(s) 'lastfm_pipeline' retrieved from /opt/airflow/dags/pipeline.py
[2026-05-25T12:51:25.174+0000] {logging_mixin.py:190} INFO - [2026-05-25T12:51:25.174+0000] {dag.py:3239} INFO - Sync 1 DAGs
[2026-05-25T12:51:25.199+0000] {logging_mixin.py:190} INFO - [2026-05-25T12:51:25.199+0000] {dag.py:4180} INFO - Setting next_dagrun for lastfm_pipeline to 2026-05-24 00:00:00+00:00, run_after=2026-05-25 00:00:00+00:00
[2026-05-25T12:51:25.218+0000] {processor.py:208} INFO - Processing /opt/airflow/dags/pipeline.py took 0.102 seconds
[2026-05-25T12:51:55.335+0000] {processor.py:186} INFO - Started process (PID=725) to work on /opt/airflow/dags/pipeline.py
[2026-05-25T12:51:55.335+0000] {processor.py:914} INFO - Processing file /opt/airflow/dags/pipeline.py for tasks to queue
[2026-05-25T12:51:55.338+0000] {logging_mixin.py:190} INFO - [2026-05-25T12:51:55.337+0000] {dagbag.py:588} INFO - Filling up the DagBag from /opt/airflow/dags/pipeline.py
[2026-05-25T12:51:55.354+0000] {processor.py:925} INFO - DAG(s) 'lastfm_pipeline' retrieved from /opt/airflow/dags/pipeline.py
[2026-05-25T12:51:55.384+0000] {logging_mixin.py:190} INFO - [2026-05-25T12:51:55.384+0000] {dag.py:3239} INFO - Sync 1 DAGs
[2026-05-25T12:51:55.409+0000] {logging_mixin.py:190} INFO - [2026-05-25T12:51:55.408+0000] {dag.py:4180} INFO - Setting next_dagrun for lastfm_pipeline to 2026-05-24 00:00:00+00:00, run_after=2026-05-25 00:00:00+00:00
[2026-05-25T12:51:55.424+0000] {processor.py:208} INFO - Processing /opt/airflow/dags/pipeline.py took 0.095 seconds
[2026-05-25T12:52:25.559+0000] {processor.py:186} INFO - Started process (PID=730) to work on /opt/airflow/dags/pipeline.py
[2026-05-25T12:52:25.562+0000] {processor.py:914} INFO - Processing file /opt/airflow/dags/pipeline.py for tasks to queue
[2026-05-25T12:52:25.565+0000] {logging_mixin.py:190} INFO - [2026-05-25T12:52:25.565+0000] {dagbag.py:588} INFO - Filling up the DagBag from /opt/airflow/dags/pipeline.py
[2026-05-25T12:52:25.582+0000] {processor.py:925} INFO - DAG(s) 'lastfm_pipeline' retrieved from /opt/airflow/dags/pipeline.py
[2026-05-25T12:52:25.611+0000] {logging_mixin.py:190} INFO - [2026-05-25T12:52:25.610+0000] {dag.py:3239} INFO - Sync 1 DAGs
[2026-05-25T12:52:25.639+0000] {logging_mixin.py:190} INFO - [2026-05-25T12:52:25.639+0000] {dag.py:4180} INFO - Setting next_dagrun for lastfm_pipeline to 2026-05-24 00:00:00+00:00, run_after=2026-05-25 00:00:00+00:00
[2026-05-25T12:52:25.656+0000] {processor.py:208} INFO - Processing /opt/airflow/dags/pipeline.py took 0.103 seconds
[2026-05-25T12:52:55.750+0000] {processor.py:186} INFO - Started process (PID=735) to work on /opt/airflow/dags/pipeline.py
[2026-05-25T12:52:55.750+0000] {processor.py:914} INFO - Processing file /opt/airflow/dags/pipeline.py for tasks to queue
[2026-05-25T12:52:55.753+0000] {logging_mixin.py:190} INFO - [2026-05-25T12:52:55.752+0000] {dagbag.py:588} INFO - Filling up the DagBag from /opt/airflow/dags/pipeline.py
[2026-05-25T12:52:55.769+0000] {processor.py:925} INFO - DAG(s) 'lastfm_pipeline' retrieved from /opt/airflow/dags/pipeline.py
[2026-05-25T12:52:55.798+0000] {logging_mixin.py:190} INFO - [2026-05-25T12:52:55.797+0000] {dag.py:3239} INFO - Sync 1 DAGs
[2026-05-25T12:52:55.822+0000] {logging_mixin.py:190} INFO - [2026-05-25T12:52:55.822+0000] {dag.py:4180} INFO - Setting next_dagrun for lastfm_pipeline to 2026-05-24 00:00:00+00:00, run_after=2026-05-25 00:00:00+00:00
[2026-05-25T12:52:55.837+0000] {processor.py:208} INFO - Processing /opt/airflow/dags/pipeline.py took 0.093 seconds
[2026-05-25T12:53:25.991+0000] {processor.py:186} INFO - Started process (PID=740) to work on /opt/airflow/dags/pipeline.py
[2026-05-25T12:53:25.993+0000] {processor.py:914} INFO - Processing file /opt/airflow/dags/pipeline.py for tasks to queue
[2026-05-25T12:53:25.996+0000] {logging_mixin.py:190} INFO - [2026-05-25T12:53:25.996+0000] {dagbag.py:588} INFO - Filling up the DagBag from /opt/airflow/dags/pipeline.py
[2026-05-25T12:53:26.012+0000] {processor.py:925} INFO - DAG(s) 'lastfm_pipeline' retrieved from /opt/airflow/dags/pipeline.py
[2026-05-25T12:53:26.043+0000] {logging_mixin.py:190} INFO - [2026-05-25T12:53:26.043+0000] {dag.py:3239} INFO - Sync 1 DAGs
[2026-05-25T12:53:26.066+0000] {logging_mixin.py:190} INFO - [2026-05-25T12:53:26.066+0000] {dag.py:4180} INFO - Setting next_dagrun for lastfm_pipeline to 2026-05-24 00:00:00+00:00, run_after=2026-05-25 00:00:00+00:00
[2026-05-25T12:53:26.083+0000] {processor.py:208} INFO - Processing /opt/airflow/dags/pipeline.py took 0.098 seconds
[2026-05-25T12:53:56.165+0000] {processor.py:186} INFO - Started process (PID=745) to work on /opt/airflow/dags/pipeline.py
[2026-05-25T12:53:56.165+0000] {processor.py:914} INFO - Processing file /opt/airflow/dags/pipeline.py for tasks to queue
[2026-05-25T12:53:56.168+0000] {logging_mixin.py:190} INFO - [2026-05-25T12:53:56.168+0000] {dagbag.py:588} INFO - Filling up the DagBag from /opt/airflow/dags/pipeline.py
[2026-05-25T12:53:56.184+0000] {processor.py:925} INFO - DAG(s) 'lastfm_pipeline' retrieved from /opt/airflow/dags/pipeline.py
[2026-05-25T12:53:56.217+0000] {logging_mixin.py:190} INFO - [2026-05-25T12:53:56.217+0000] {dag.py:3239} INFO - Sync 1 DAGs
[2026-05-25T12:53:56.241+0000] {logging_mixin.py:190} INFO - [2026-05-25T12:53:56.241+0000] {dag.py:4180} INFO - Setting next_dagrun for lastfm_pipeline to 2026-05-24 00:00:00+00:00, run_after=2026-05-25 00:00:00+00:00
[2026-05-25T12:53:56.259+0000] {processor.py:208} INFO - Processing /opt/airflow/dags/pipeline.py took 0.100 seconds
[2026-05-25T12:54:26.412+0000] {processor.py:186} INFO - Started process (PID=750) to work on /opt/airflow/dags/pipeline.py
[2026-05-25T12:54:26.414+0000] {processor.py:914} INFO - Processing file /opt/airflow/dags/pipeline.py for tasks to queue
[2026-05-25T12:54:26.417+0000] {logging_mixin.py:190} INFO - [2026-05-25T12:54:26.416+0000] {dagbag.py:588} INFO - Filling up the DagBag from /opt/airflow/dags/pipeline.py
[2026-05-25T12:54:26.433+0000] {processor.py:925} INFO - DAG(s) 'lastfm_pipeline' retrieved from /opt/airflow/dags/pipeline.py
[2026-05-25T12:54:26.464+0000] {logging_mixin.py:190} INFO - [2026-05-25T12:54:26.464+0000] {dag.py:3239} INFO - Sync 1 DAGs
[2026-05-25T12:54:26.488+0000] {logging_mixin.py:190} INFO - [2026-05-25T12:54:26.487+0000] {dag.py:4180} INFO - Setting next_dagrun for lastfm_pipeline to 2026-05-24 00:00:00+00:00, run_after=2026-05-25 00:00:00+00:00
[2026-05-25T12:54:26.504+0000] {processor.py:208} INFO - Processing /opt/airflow/dags/pipeline.py took 0.098 seconds
[2026-05-25T12:54:56.586+0000] {processor.py:186} INFO - Started process (PID=755) to work on /opt/airflow/dags/pipeline.py
[2026-05-25T12:54:56.587+0000] {processor.py:914} INFO - Processing file /opt/airflow/dags/pipeline.py for tasks to queue
[2026-05-25T12:54:56.589+0000] {logging_mixin.py:190} INFO - [2026-05-25T12:54:56.588+0000] {dagbag.py:588} INFO - Filling up the DagBag from /opt/airflow/dags/pipeline.py
[2026-05-25T12:54:56.605+0000] {processor.py:925} INFO - DAG(s) 'lastfm_pipeline' retrieved from /opt/airflow/dags/pipeline.py
[2026-05-25T12:54:56.638+0000] {logging_mixin.py:190} INFO - [2026-05-25T12:54:56.637+0000] {dag.py:3239} INFO - Sync 1 DAGs
[2026-05-25T12:54:56.664+0000] {logging_mixin.py:190} INFO - [2026-05-25T12:54:56.663+0000] {dag.py:4180} INFO - Setting next_dagrun for lastfm_pipeline to 2026-05-24 00:00:00+00:00, run_after=2026-05-25 00:00:00+00:00
[2026-05-25T12:54:56.680+0000] {processor.py:208} INFO - Processing /opt/airflow/dags/pipeline.py took 0.100 seconds
[2026-05-25T12:55:26.843+0000] {processor.py:186} INFO - Started process (PID=760) to work on /opt/airflow/dags/pipeline.py
[2026-05-25T12:55:26.846+0000] {processor.py:914} INFO - Processing file /opt/airflow/dags/pipeline.py for tasks to queue
[2026-05-25T12:55:26.849+0000] {logging_mixin.py:190} INFO - [2026-05-25T12:55:26.848+0000] {dagbag.py:588} INFO - Filling up the DagBag from /opt/airflow/dags/pipeline.py
[2026-05-25T12:55:26.865+0000] {processor.py:925} INFO - DAG(s) 'lastfm_pipeline' retrieved from /opt/airflow/dags/pipeline.py
[2026-05-25T12:55:26.895+0000] {logging_mixin.py:190} INFO - [2026-05-25T12:55:26.894+0000] {dag.py:3239} INFO - Sync 1 DAGs
[2026-05-25T12:55:26.922+0000] {logging_mixin.py:190} INFO - [2026-05-25T12:55:26.922+0000] {dag.py:4180} INFO - Setting next_dagrun for lastfm_pipeline to 2026-05-24 00:00:00+00:00, run_after=2026-05-25 00:00:00+00:00
[2026-05-25T12:55:26.939+0000] {processor.py:208} INFO - Processing /opt/airflow/dags/pipeline.py took 0.101 seconds
[2026-05-25T12:55:57.008+0000] {processor.py:186} INFO - Started process (PID=765) to work on /opt/airflow/dags/pipeline.py
[2026-05-25T12:55:57.008+0000] {processor.py:914} INFO - Processing file /opt/airflow/dags/pipeline.py for tasks to queue
[2026-05-25T12:55:57.011+0000] {logging_mixin.py:190} INFO - [2026-05-25T12:55:57.010+0000] {dagbag.py:588} INFO - Filling up the DagBag from /opt/airflow/dags/pipeline.py
[2026-05-25T12:55:57.028+0000] {processor.py:925} INFO - DAG(s) 'lastfm_pipeline' retrieved from /opt/airflow/dags/pipeline.py
[2026-05-25T12:55:57.059+0000] {logging_mixin.py:190} INFO - [2026-05-25T12:55:57.058+0000] {dag.py:3239} INFO - Sync 1 DAGs
[2026-05-25T12:55:57.085+0000] {logging_mixin.py:190} INFO - [2026-05-25T12:55:57.085+0000] {dag.py:4180} INFO - Setting next_dagrun for lastfm_pipeline to 2026-05-24 00:00:00+00:00, run_after=2026-05-25 00:00:00+00:00
[2026-05-25T12:55:57.102+0000] {processor.py:208} INFO - Processing /opt/airflow/dags/pipeline.py took 0.100 seconds
[2026-05-25T12:56:27.271+0000] {processor.py:186} INFO - Started process (PID=770) to work on /opt/airflow/dags/pipeline.py
[2026-05-25T12:56:27.273+0000] {processor.py:914} INFO - Processing file /opt/airflow/dags/pipeline.py for tasks to queue
[2026-05-25T12:56:27.276+0000] {logging_mixin.py:190} INFO - [2026-05-25T12:56:27.276+0000] {dagbag.py:588} INFO - Filling up the DagBag from /opt/airflow/dags/pipeline.py
[2026-05-25T12:56:27.293+0000] {processor.py:925} INFO - DAG(s) 'lastfm_pipeline' retrieved from /opt/airflow/dags/pipeline.py
[2026-05-25T12:56:27.322+0000] {logging_mixin.py:190} INFO - [2026-05-25T12:56:27.321+0000] {dag.py:3239} INFO - Sync 1 DAGs
[2026-05-25T12:56:27.346+0000] {logging_mixin.py:190} INFO - [2026-05-25T12:56:27.346+0000] {dag.py:4180} INFO - Setting next_dagrun for lastfm_pipeline to 2026-05-24 00:00:00+00:00, run_after=2026-05-25 00:00:00+00:00
[2026-05-25T12:56:27.361+0000] {processor.py:208} INFO - Processing /opt/airflow/dags/pipeline.py took 0.097 seconds
[2026-05-25T12:56:57.463+0000] {processor.py:186} INFO - Started process (PID=775) to work on /opt/airflow/dags/pipeline.py
[2026-05-25T12:56:57.464+0000] {processor.py:914} INFO - Processing file /opt/airflow/dags/pipeline.py for tasks to queue
[2026-05-25T12:56:57.466+0000] {logging_mixin.py:190} INFO - [2026-05-25T12:56:57.466+0000] {dagbag.py:588} INFO - Filling up the DagBag from /opt/airflow/dags/pipeline.py
[2026-05-25T12:56:57.483+0000] {processor.py:925} INFO - DAG(s) 'lastfm_pipeline' retrieved from /opt/airflow/dags/pipeline.py
[2026-05-25T12:56:57.513+0000] {logging_mixin.py:190} INFO - [2026-05-25T12:56:57.513+0000] {dag.py:3239} INFO - Sync 1 DAGs
[2026-05-25T12:56:57.539+0000] {logging_mixin.py:190} INFO - [2026-05-25T12:56:57.538+0000] {dag.py:4180} INFO - Setting next_dagrun for lastfm_pipeline to 2026-05-24 00:00:00+00:00, run_after=2026-05-25 00:00:00+00:00
[2026-05-25T12:56:57.554+0000] {processor.py:208} INFO - Processing /opt/airflow/dags/pipeline.py took 0.098 seconds
[2026-05-25T12:57:27.692+0000] {processor.py:186} INFO - Started process (PID=780) to work on /opt/airflow/dags/pipeline.py
[2026-05-25T12:57:27.695+0000] {processor.py:914} INFO - Processing file /opt/airflow/dags/pipeline.py for tasks to queue
[2026-05-25T12:57:27.698+0000] {logging_mixin.py:190} INFO - [2026-05-25T12:57:27.697+0000] {dagbag.py:588} INFO - Filling up the DagBag from /opt/airflow/dags/pipeline.py
[2026-05-25T12:57:27.715+0000] {processor.py:925} INFO - DAG(s) 'lastfm_pipeline' retrieved from /opt/airflow/dags/pipeline.py
[2026-05-25T12:57:27.743+0000] {logging_mixin.py:190} INFO - [2026-05-25T12:57:27.743+0000] {dag.py:3239} INFO - Sync 1 DAGs
[2026-05-25T12:57:27.762+0000] {logging_mixin.py:190} INFO - [2026-05-25T12:57:27.762+0000] {dag.py:4180} INFO - Setting next_dagrun for lastfm_pipeline to 2026-05-24 00:00:00+00:00, run_after=2026-05-25 00:00:00+00:00
[2026-05-25T12:57:27.775+0000] {processor.py:208} INFO - Processing /opt/airflow/dags/pipeline.py took 0.089 seconds
[2026-05-25T12:57:57.865+0000] {processor.py:186} INFO - Started process (PID=785) to work on /opt/airflow/dags/pipeline.py
[2026-05-25T12:57:57.865+0000] {processor.py:914} INFO - Processing file /opt/airflow/dags/pipeline.py for tasks to queue
[2026-05-25T12:57:57.868+0000] {logging_mixin.py:190} INFO - [2026-05-25T12:57:57.867+0000] {dagbag.py:588} INFO - Filling up the DagBag from /opt/airflow/dags/pipeline.py
[2026-05-25T12:57:57.883+0000] {processor.py:925} INFO - DAG(s) 'lastfm_pipeline' retrieved from /opt/airflow/dags/pipeline.py
[2026-05-25T12:57:57.906+0000] {logging_mixin.py:190} INFO - [2026-05-25T12:57:57.906+0000] {dag.py:3239} INFO - Sync 1 DAGs
[2026-05-25T12:57:57.924+0000] {logging_mixin.py:190} INFO - [2026-05-25T12:57:57.924+0000] {dag.py:4180} INFO - Setting next_dagrun for lastfm_pipeline to 2026-05-24 00:00:00+00:00, run_after=2026-05-25 00:00:00+00:00
[2026-05-25T12:57:57.937+0000] {processor.py:208} INFO - Processing /opt/airflow/dags/pipeline.py took 0.077 seconds
[2026-05-25T12:58:28.065+0000] {processor.py:186} INFO - Started process (PID=790) to work on /opt/airflow/dags/pipeline.py
[2026-05-25T12:58:28.067+0000] {processor.py:914} INFO - Processing file /opt/airflow/dags/pipeline.py for tasks to queue
[2026-05-25T12:58:28.070+0000] {logging_mixin.py:190} INFO - [2026-05-25T12:58:28.070+0000] {dagbag.py:588} INFO - Filling up the DagBag from /opt/airflow/dags/pipeline.py
[2026-05-25T12:58:28.081+0000] {processor.py:925} INFO - DAG(s) 'lastfm_pipeline' retrieved from /opt/airflow/dags/pipeline.py
[2026-05-25T12:58:28.103+0000] {logging_mixin.py:190} INFO - [2026-05-25T12:58:28.103+0000] {dag.py:3239} INFO - Sync 1 DAGs
[2026-05-25T12:58:28.120+0000] {logging_mixin.py:190} INFO - [2026-05-25T12:58:28.120+0000] {dag.py:4180} INFO - Setting next_dagrun for lastfm_pipeline to 2026-05-24 00:00:00+00:00, run_after=2026-05-25 00:00:00+00:00
[2026-05-25T12:58:28.132+0000] {processor.py:208} INFO - Processing /opt/airflow/dags/pipeline.py took 0.071 seconds
[2026-05-25T12:58:58.244+0000] {processor.py:186} INFO - Started process (PID=795) to work on /opt/airflow/dags/pipeline.py
[2026-05-25T12:58:58.244+0000] {processor.py:914} INFO - Processing file /opt/airflow/dags/pipeline.py for tasks to queue
[2026-05-25T12:58:58.246+0000] {logging_mixin.py:190} INFO - [2026-05-25T12:58:58.246+0000] {dagbag.py:588} INFO - Filling up the DagBag from /opt/airflow/dags/pipeline.py
[2026-05-25T12:58:58.262+0000] {processor.py:925} INFO - DAG(s) 'lastfm_pipeline' retrieved from /opt/airflow/dags/pipeline.py
[2026-05-25T12:58:58.293+0000] {logging_mixin.py:190} INFO - [2026-05-25T12:58:58.293+0000] {dag.py:3239} INFO - Sync 1 DAGs
[2026-05-25T12:58:58.318+0000] {logging_mixin.py:190} INFO - [2026-05-25T12:58:58.318+0000] {dag.py:4180} INFO - Setting next_dagrun for lastfm_pipeline to 2026-05-24 00:00:00+00:00, run_after=2026-05-25 00:00:00+00:00
[2026-05-25T12:58:58.334+0000] {processor.py:208} INFO - Processing /opt/airflow/dags/pipeline.py took 0.097 seconds
[2026-05-25T12:59:28.444+0000] {processor.py:186} INFO - Started process (PID=800) to work on /opt/airflow/dags/pipeline.py
[2026-05-25T12:59:28.447+0000] {processor.py:914} INFO - Processing file /opt/airflow/dags/pipeline.py for tasks to queue
[2026-05-25T12:59:28.449+0000] {logging_mixin.py:190} INFO - [2026-05-25T12:59:28.449+0000] {dagbag.py:588} INFO - Filling up the DagBag from /opt/airflow/dags/pipeline.py
[2026-05-25T12:59:28.466+0000] {processor.py:925} INFO - DAG(s) 'lastfm_pipeline' retrieved from /opt/airflow/dags/pipeline.py
[2026-05-25T12:59:28.497+0000] {logging_mixin.py:190} INFO - [2026-05-25T12:59:28.497+0000] {dag.py:3239} INFO - Sync 1 DAGs
[2026-05-25T12:59:28.524+0000] {logging_mixin.py:190} INFO - [2026-05-25T12:59:28.523+0000] {dag.py:4180} INFO - Setting next_dagrun for lastfm_pipeline to 2026-05-24 00:00:00+00:00, run_after=2026-05-25 00:00:00+00:00
[2026-05-25T12:59:28.541+0000] {processor.py:208} INFO - Processing /opt/airflow/dags/pipeline.py took 0.103 seconds
[2026-05-25T12:59:58.658+0000] {processor.py:186} INFO - Started process (PID=805) to work on /opt/airflow/dags/pipeline.py
[2026-05-25T12:59:58.659+0000] {processor.py:914} INFO - Processing file /opt/airflow/dags/pipeline.py for tasks to queue
[2026-05-25T12:59:58.661+0000] {logging_mixin.py:190} INFO - [2026-05-25T12:59:58.660+0000] {dagbag.py:588} INFO - Filling up the DagBag from /opt/airflow/dags/pipeline.py
[2026-05-25T12:59:58.678+0000] {processor.py:925} INFO - DAG(s) 'lastfm_pipeline' retrieved from /opt/airflow/dags/pipeline.py
[2026-05-25T12:59:58.709+0000] {logging_mixin.py:190} INFO - [2026-05-25T12:59:58.709+0000] {dag.py:3239} INFO - Sync 1 DAGs
[2026-05-25T12:59:58.735+0000] {logging_mixin.py:190} INFO - [2026-05-25T12:59:58.735+0000] {dag.py:4180} INFO - Setting next_dagrun for lastfm_pipeline to 2026-05-24 00:00:00+00:00, run_after=2026-05-25 00:00:00+00:00
[2026-05-25T12:59:58.751+0000] {processor.py:208} INFO - Processing /opt/airflow/dags/pipeline.py took 0.099 seconds
[2026-05-25T13:00:28.874+0000] {processor.py:186} INFO - Started process (PID=810) to work on /opt/airflow/dags/pipeline.py
[2026-05-25T13:00:28.877+0000] {processor.py:914} INFO - Processing file /opt/airflow/dags/pipeline.py for tasks to queue
[2026-05-25T13:00:28.879+0000] {logging_mixin.py:190} INFO - [2026-05-25T13:00:28.879+0000] {dagbag.py:588} INFO - Filling up the DagBag from /opt/airflow/dags/pipeline.py
[2026-05-25T13:00:28.897+0000] {processor.py:925} INFO - DAG(s) 'lastfm_pipeline' retrieved from /opt/airflow/dags/pipeline.py
[2026-05-25T13:00:28.926+0000] {logging_mixin.py:190} INFO - [2026-05-25T13:00:28.926+0000] {dag.py:3239} INFO - Sync 1 DAGs
[2026-05-25T13:00:28.950+0000] {logging_mixin.py:190} INFO - [2026-05-25T13:00:28.950+0000] {dag.py:4180} INFO - Setting next_dagrun for lastfm_pipeline to 2026-05-24 00:00:00+00:00, run_after=2026-05-25 00:00:00+00:00
[2026-05-25T13:00:28.965+0000] {processor.py:208} INFO - Processing /opt/airflow/dags/pipeline.py took 0.097 seconds
[2026-05-25T13:00:59.069+0000] {processor.py:186} INFO - Started process (PID=815) to work on /opt/airflow/dags/pipeline.py
[2026-05-25T13:00:59.069+0000] {processor.py:914} INFO - Processing file /opt/airflow/dags/pipeline.py for tasks to queue
[2026-05-25T13:00:59.071+0000] {logging_mixin.py:190} INFO - [2026-05-25T13:00:59.071+0000] {dagbag.py:588} INFO - Filling up the DagBag from /opt/airflow/dags/pipeline.py
[2026-05-25T13:00:59.088+0000] {processor.py:925} INFO - DAG(s) 'lastfm_pipeline' retrieved from /opt/airflow/dags/pipeline.py
[2026-05-25T13:00:59.120+0000] {logging_mixin.py:190} INFO - [2026-05-25T13:00:59.120+0000] {dag.py:3239} INFO - Sync 1 DAGs
[2026-05-25T13:00:59.146+0000] {logging_mixin.py:190} INFO - [2026-05-25T13:00:59.146+0000] {dag.py:4180} INFO - Setting next_dagrun for lastfm_pipeline to 2026-05-24 00:00:00+00:00, run_after=2026-05-25 00:00:00+00:00
[2026-05-25T13:00:59.162+0000] {processor.py:208} INFO - Processing /opt/airflow/dags/pipeline.py took 0.100 seconds
[2026-05-25T13:01:29.275+0000] {processor.py:186} INFO - Started process (PID=820) to work on /opt/airflow/dags/pipeline.py
[2026-05-25T13:01:29.277+0000] {processor.py:914} INFO - Processing file /opt/airflow/dags/pipeline.py for tasks to queue
[2026-05-25T13:01:29.279+0000] {logging_mixin.py:190} INFO - [2026-05-25T13:01:29.279+0000] {dagbag.py:588} INFO - Filling up the DagBag from /opt/airflow/dags/pipeline.py
[2026-05-25T13:01:29.293+0000] {processor.py:925} INFO - DAG(s) 'lastfm_pipeline' retrieved from /opt/airflow/dags/pipeline.py
[2026-05-25T13:01:29.317+0000] {logging_mixin.py:190} INFO - [2026-05-25T13:01:29.316+0000] {dag.py:3239} INFO - Sync 1 DAGs
[2026-05-25T13:01:29.337+0000] {logging_mixin.py:190} INFO - [2026-05-25T13:01:29.337+0000] {dag.py:4180} INFO - Setting next_dagrun for lastfm_pipeline to 2026-05-24 00:00:00+00:00, run_after=2026-05-25 00:00:00+00:00
[2026-05-25T13:01:29.355+0000] {processor.py:208} INFO - Processing /opt/airflow/dags/pipeline.py took 0.086 seconds
[2026-05-25T13:01:59.468+0000] {processor.py:186} INFO - Started process (PID=825) to work on /opt/airflow/dags/pipeline.py
[2026-05-25T13:01:59.469+0000] {processor.py:914} INFO - Processing file /opt/airflow/dags/pipeline.py for tasks to queue
[2026-05-25T13:01:59.472+0000] {logging_mixin.py:190} INFO - [2026-05-25T13:01:59.471+0000] {dagbag.py:588} INFO - Filling up the DagBag from /opt/airflow/dags/pipeline.py
[2026-05-25T13:01:59.489+0000] {processor.py:925} INFO - DAG(s) 'lastfm_pipeline' retrieved from /opt/airflow/dags/pipeline.py
[2026-05-25T13:01:59.518+0000] {logging_mixin.py:190} INFO - [2026-05-25T13:01:59.518+0000] {dag.py:3239} INFO - Sync 1 DAGs
[2026-05-25T13:01:59.544+0000] {logging_mixin.py:190} INFO - [2026-05-25T13:01:59.544+0000] {dag.py:4180} INFO - Setting next_dagrun for lastfm_pipeline to 2026-05-24 00:00:00+00:00, run_after=2026-05-25 00:00:00+00:00
[2026-05-25T13:01:59.561+0000] {processor.py:208} INFO - Processing /opt/airflow/dags/pipeline.py took 0.099 seconds
[2026-05-25T13:02:29.658+0000] {processor.py:186} INFO - Started process (PID=830) to work on /opt/airflow/dags/pipeline.py
[2026-05-25T13:02:29.661+0000] {processor.py:914} INFO - Processing file /opt/airflow/dags/pipeline.py for tasks to queue
[2026-05-25T13:02:29.664+0000] {logging_mixin.py:190} INFO - [2026-05-25T13:02:29.664+0000] {dagbag.py:588} INFO - Filling up the DagBag from /opt/airflow/dags/pipeline.py
[2026-05-25T13:02:29.681+0000] {processor.py:925} INFO - DAG(s) 'lastfm_pipeline' retrieved from /opt/airflow/dags/pipeline.py
[2026-05-25T13:02:29.713+0000] {logging_mixin.py:190} INFO - [2026-05-25T13:02:29.713+0000] {dag.py:3239} INFO - Sync 1 DAGs
[2026-05-25T13:02:29.741+0000] {logging_mixin.py:190} INFO - [2026-05-25T13:02:29.741+0000] {dag.py:4180} INFO - Setting next_dagrun for lastfm_pipeline to 2026-05-24 00:00:00+00:00, run_after=2026-05-25 00:00:00+00:00
[2026-05-25T13:02:29.761+0000] {processor.py:208} INFO - Processing /opt/airflow/dags/pipeline.py took 0.111 seconds
[2026-05-25T13:02:59.886+0000] {processor.py:186} INFO - Started process (PID=835) to work on /opt/airflow/dags/pipeline.py
[2026-05-25T13:02:59.886+0000] {processor.py:914} INFO - Processing file /opt/airflow/dags/pipeline.py for tasks to queue
[2026-05-25T13:02:59.888+0000] {logging_mixin.py:190} INFO - [2026-05-25T13:02:59.888+0000] {dagbag.py:588} INFO - Filling up the DagBag from /opt/airflow/dags/pipeline.py
[2026-05-25T13:02:59.905+0000] {processor.py:925} INFO - DAG(s) 'lastfm_pipeline' retrieved from /opt/airflow/dags/pipeline.py
[2026-05-25T13:02:59.934+0000] {logging_mixin.py:190} INFO - [2026-05-25T13:02:59.934+0000] {dag.py:3239} INFO - Sync 1 DAGs
[2026-05-25T13:02:59.958+0000] {logging_mixin.py:190} INFO - [2026-05-25T13:02:59.957+0000] {dag.py:4180} INFO - Setting next_dagrun for lastfm_pipeline to 2026-05-24 00:00:00+00:00, run_after=2026-05-25 00:00:00+00:00
[2026-05-25T13:02:59.974+0000] {processor.py:208} INFO - Processing /opt/airflow/dags/pipeline.py took 0.096 seconds
[2026-05-25T13:03:30.086+0000] {processor.py:186} INFO - Started process (PID=840) to work on /opt/airflow/dags/pipeline.py
[2026-05-25T13:03:30.087+0000] {processor.py:914} INFO - Processing file /opt/airflow/dags/pipeline.py for tasks to queue
[2026-05-25T13:03:30.089+0000] {logging_mixin.py:190} INFO - [2026-05-25T13:03:30.089+0000] {dagbag.py:588} INFO - Filling up the DagBag from /opt/airflow/dags/pipeline.py
[2026-05-25T13:03:30.105+0000] {processor.py:925} INFO - DAG(s) 'lastfm_pipeline' retrieved from /opt/airflow/dags/pipeline.py
[2026-05-25T13:03:30.137+0000] {logging_mixin.py:190} INFO - [2026-05-25T13:03:30.136+0000] {dag.py:3239} INFO - Sync 1 DAGs
[2026-05-25T13:03:30.162+0000] {logging_mixin.py:190} INFO - [2026-05-25T13:03:30.161+0000] {dag.py:4180} INFO - Setting next_dagrun for lastfm_pipeline to 2026-05-24 00:00:00+00:00, run_after=2026-05-25 00:00:00+00:00
[2026-05-25T13:03:30.182+0000] {processor.py:208} INFO - Processing /opt/airflow/dags/pipeline.py took 0.102 seconds
[2026-05-25T13:04:00.304+0000] {processor.py:186} INFO - Started process (PID=845) to work on /opt/airflow/dags/pipeline.py
[2026-05-25T13:04:00.305+0000] {processor.py:914} INFO - Processing file /opt/airflow/dags/pipeline.py for tasks to queue
[2026-05-25T13:04:00.307+0000] {logging_mixin.py:190} INFO - [2026-05-25T13:04:00.307+0000] {dagbag.py:588} INFO - Filling up the DagBag from /opt/airflow/dags/pipeline.py
[2026-05-25T13:04:00.324+0000] {processor.py:925} INFO - DAG(s) 'lastfm_pipeline' retrieved from /opt/airflow/dags/pipeline.py
[2026-05-25T13:04:00.354+0000] {logging_mixin.py:190} INFO - [2026-05-25T13:04:00.354+0000] {dag.py:3239} INFO - Sync 1 DAGs
[2026-05-25T13:04:00.380+0000] {logging_mixin.py:190} INFO - [2026-05-25T13:04:00.380+0000] {dag.py:4180} INFO - Setting next_dagrun for lastfm_pipeline to 2026-05-24 00:00:00+00:00, run_after=2026-05-25 00:00:00+00:00
[2026-05-25T13:04:00.398+0000] {processor.py:208} INFO - Processing /opt/airflow/dags/pipeline.py took 0.099 seconds
[2026-05-25T13:04:30.504+0000] {processor.py:186} INFO - Started process (PID=850) to work on /opt/airflow/dags/pipeline.py
[2026-05-25T13:04:30.505+0000] {processor.py:914} INFO - Processing file /opt/airflow/dags/pipeline.py for tasks to queue
[2026-05-25T13:04:30.507+0000] {logging_mixin.py:190} INFO - [2026-05-25T13:04:30.507+0000] {dagbag.py:588} INFO - Filling up the DagBag from /opt/airflow/dags/pipeline.py
[2026-05-25T13:04:30.524+0000] {processor.py:925} INFO - DAG(s) 'lastfm_pipeline' retrieved from /opt/airflow/dags/pipeline.py
[2026-05-25T13:04:30.556+0000] {logging_mixin.py:190} INFO - [2026-05-25T13:04:30.556+0000] {dag.py:3239} INFO - Sync 1 DAGs
[2026-05-25T13:04:30.582+0000] {logging_mixin.py:190} INFO - [2026-05-25T13:04:30.582+0000] {dag.py:4180} INFO - Setting next_dagrun for lastfm_pipeline to 2026-05-24 00:00:00+00:00, run_after=2026-05-25 00:00:00+00:00
[2026-05-25T13:04:30.599+0000] {processor.py:208} INFO - Processing /opt/airflow/dags/pipeline.py took 0.101 seconds
[2026-05-25T13:05:00.730+0000] {processor.py:186} INFO - Started process (PID=855) to work on /opt/airflow/dags/pipeline.py
[2026-05-25T13:05:00.732+0000] {processor.py:914} INFO - Processing file /opt/airflow/dags/pipeline.py for tasks to queue
[2026-05-25T13:05:00.734+0000] {logging_mixin.py:190} INFO - [2026-05-25T13:05:00.734+0000] {dagbag.py:588} INFO - Filling up the DagBag from /opt/airflow/dags/pipeline.py
[2026-05-25T13:05:00.751+0000] {processor.py:925} INFO - DAG(s) 'lastfm_pipeline' retrieved from /opt/airflow/dags/pipeline.py
[2026-05-25T13:05:00.779+0000] {logging_mixin.py:190} INFO - [2026-05-25T13:05:00.779+0000] {dag.py:3239} INFO - Sync 1 DAGs
[2026-05-25T13:05:00.805+0000] {logging_mixin.py:190} INFO - [2026-05-25T13:05:00.805+0000] {dag.py:4180} INFO - Setting next_dagrun for lastfm_pipeline to 2026-05-24 00:00:00+00:00, run_after=2026-05-25 00:00:00+00:00
[2026-05-25T13:05:00.822+0000] {processor.py:208} INFO - Processing /opt/airflow/dags/pipeline.py took 0.098 seconds
[2026-05-25T13:05:30.934+0000] {processor.py:186} INFO - Started process (PID=860) to work on /opt/airflow/dags/pipeline.py
[2026-05-25T13:05:30.935+0000] {processor.py:914} INFO - Processing file /opt/airflow/dags/pipeline.py for tasks to queue
[2026-05-25T13:05:30.937+0000] {logging_mixin.py:190} INFO - [2026-05-25T13:05:30.937+0000] {dagbag.py:588} INFO - Filling up the DagBag from /opt/airflow/dags/pipeline.py
[2026-05-25T13:05:30.953+0000] {processor.py:925} INFO - DAG(s) 'lastfm_pipeline' retrieved from /opt/airflow/dags/pipeline.py
[2026-05-25T13:05:30.984+0000] {logging_mixin.py:190} INFO - [2026-05-25T13:05:30.984+0000] {dag.py:3239} INFO - Sync 1 DAGs
[2026-05-25T13:05:31.010+0000] {logging_mixin.py:190} INFO - [2026-05-25T13:05:31.010+0000] {dag.py:4180} INFO - Setting next_dagrun for lastfm_pipeline to 2026-05-24 00:00:00+00:00, run_after=2026-05-25 00:00:00+00:00
[2026-05-25T13:05:31.026+0000] {processor.py:208} INFO - Processing /opt/airflow/dags/pipeline.py took 0.099 seconds
[2026-05-25T13:06:01.154+0000] {processor.py:186} INFO - Started process (PID=865) to work on /opt/airflow/dags/pipeline.py
[2026-05-25T13:06:01.157+0000] {processor.py:914} INFO - Processing file /opt/airflow/dags/pipeline.py for tasks to queue
[2026-05-25T13:06:01.160+0000] {logging_mixin.py:190} INFO - [2026-05-25T13:06:01.160+0000] {dagbag.py:588} INFO - Filling up the DagBag from /opt/airflow/dags/pipeline.py
[2026-05-25T13:06:01.176+0000] {processor.py:925} INFO - DAG(s) 'lastfm_pipeline' retrieved from /opt/airflow/dags/pipeline.py
[2026-05-25T13:06:01.206+0000] {logging_mixin.py:190} INFO - [2026-05-25T13:06:01.206+0000] {dag.py:3239} INFO - Sync 1 DAGs
[2026-05-25T13:06:01.231+0000] {logging_mixin.py:190} INFO - [2026-05-25T13:06:01.231+0000] {dag.py:4180} INFO - Setting next_dagrun for lastfm_pipeline to 2026-05-24 00:00:00+00:00, run_after=2026-05-25 00:00:00+00:00
[2026-05-25T13:06:01.247+0000] {processor.py:208} INFO - Processing /opt/airflow/dags/pipeline.py took 0.098 seconds
[2026-05-25T13:06:31.358+0000] {processor.py:186} INFO - Started process (PID=870) to work on /opt/airflow/dags/pipeline.py
[2026-05-25T13:06:31.359+0000] {processor.py:914} INFO - Processing file /opt/airflow/dags/pipeline.py for tasks to queue
[2026-05-25T13:06:31.361+0000] {logging_mixin.py:190} INFO - [2026-05-25T13:06:31.361+0000] {dagbag.py:588} INFO - Filling up the DagBag from /opt/airflow/dags/pipeline.py
[2026-05-25T13:06:31.379+0000] {processor.py:925} INFO - DAG(s) 'lastfm_pipeline' retrieved from /opt/airflow/dags/pipeline.py
[2026-05-25T13:06:31.410+0000] {logging_mixin.py:190} INFO - [2026-05-25T13:06:31.409+0000] {dag.py:3239} INFO - Sync 1 DAGs
[2026-05-25T13:06:31.437+0000] {logging_mixin.py:190} INFO - [2026-05-25T13:06:31.436+0000] {dag.py:4180} INFO - Setting next_dagrun for lastfm_pipeline to 2026-05-24 00:00:00+00:00, run_after=2026-05-25 00:00:00+00:00
[2026-05-25T13:06:31.454+0000] {processor.py:208} INFO - Processing /opt/airflow/dags/pipeline.py took 0.103 seconds
[2026-05-25T13:07:01.581+0000] {processor.py:186} INFO - Started process (PID=875) to work on /opt/airflow/dags/pipeline.py
[2026-05-25T13:07:01.581+0000] {processor.py:914} INFO - Processing file /opt/airflow/dags/pipeline.py for tasks to queue
[2026-05-25T13:07:01.584+0000] {logging_mixin.py:190} INFO - [2026-05-25T13:07:01.584+0000] {dagbag.py:588} INFO - Filling up the DagBag from /opt/airflow/dags/pipeline.py
[2026-05-25T13:07:01.600+0000] {processor.py:925} INFO - DAG(s) 'lastfm_pipeline' retrieved from /opt/airflow/dags/pipeline.py
[2026-05-25T13:07:01.628+0000] {logging_mixin.py:190} INFO - [2026-05-25T13:07:01.628+0000] {dag.py:3239} INFO - Sync 1 DAGs
[2026-05-25T13:07:01.658+0000] {logging_mixin.py:190} INFO - [2026-05-25T13:07:01.658+0000] {dag.py:4180} INFO - Setting next_dagrun for lastfm_pipeline to 2026-05-24 00:00:00+00:00, run_after=2026-05-25 00:00:00+00:00
[2026-05-25T13:07:01.676+0000] {processor.py:208} INFO - Processing /opt/airflow/dags/pipeline.py took 0.102 seconds
[2026-05-25T13:07:31.776+0000] {processor.py:186} INFO - Started process (PID=880) to work on /opt/airflow/dags/pipeline.py
[2026-05-25T13:07:31.776+0000] {processor.py:914} INFO - Processing file /opt/airflow/dags/pipeline.py for tasks to queue
[2026-05-25T13:07:31.778+0000] {logging_mixin.py:190} INFO - [2026-05-25T13:07:31.778+0000] {dagbag.py:588} INFO - Filling up the DagBag from /opt/airflow/dags/pipeline.py
[2026-05-25T13:07:31.795+0000] {processor.py:925} INFO - DAG(s) 'lastfm_pipeline' retrieved from /opt/airflow/dags/pipeline.py
[2026-05-25T13:07:31.826+0000] {logging_mixin.py:190} INFO - [2026-05-25T13:07:31.826+0000] {dag.py:3239} INFO - Sync 1 DAGs
[2026-05-25T13:07:31.852+0000] {logging_mixin.py:190} INFO - [2026-05-25T13:07:31.852+0000] {dag.py:4180} INFO - Setting next_dagrun for lastfm_pipeline to 2026-05-24 00:00:00+00:00, run_after=2026-05-25 00:00:00+00:00
[2026-05-25T13:07:31.870+0000] {processor.py:208} INFO - Processing /opt/airflow/dags/pipeline.py took 0.100 seconds
[2026-05-25T13:08:01.999+0000] {processor.py:186} INFO - Started process (PID=885) to work on /opt/airflow/dags/pipeline.py
[2026-05-25T13:08:02.002+0000] {processor.py:914} INFO - Processing file /opt/airflow/dags/pipeline.py for tasks to queue
[2026-05-25T13:08:02.006+0000] {logging_mixin.py:190} INFO - [2026-05-25T13:08:02.006+0000] {dagbag.py:588} INFO - Filling up the DagBag from /opt/airflow/dags/pipeline.py
[2026-05-25T13:08:02.035+0000] {processor.py:925} INFO - DAG(s) 'lastfm_pipeline' retrieved from /opt/airflow/dags/pipeline.py
[2026-05-25T13:08:02.075+0000] {logging_mixin.py:190} INFO - [2026-05-25T13:08:02.075+0000] {dag.py:3239} INFO - Sync 1 DAGs
[2026-05-25T13:08:02.113+0000] {logging_mixin.py:190} INFO - [2026-05-25T13:08:02.112+0000] {dag.py:4180} INFO - Setting next_dagrun for lastfm_pipeline to 2026-05-24 00:00:00+00:00, run_after=2026-05-25 00:00:00+00:00
[2026-05-25T13:08:02.137+0000] {processor.py:208} INFO - Processing /opt/airflow/dags/pipeline.py took 0.147 seconds
[2026-05-25T13:08:32.190+0000] {processor.py:186} INFO - Started process (PID=890) to work on /opt/airflow/dags/pipeline.py
[2026-05-25T13:08:32.191+0000] {processor.py:914} INFO - Processing file /opt/airflow/dags/pipeline.py for tasks to queue
[2026-05-25T13:08:32.192+0000] {logging_mixin.py:190} INFO - [2026-05-25T13:08:32.192+0000] {dagbag.py:588} INFO - Filling up the DagBag from /opt/airflow/dags/pipeline.py
[2026-05-25T13:08:32.210+0000] {processor.py:925} INFO - DAG(s) 'lastfm_pipeline' retrieved from /opt/airflow/dags/pipeline.py
[2026-05-25T13:08:32.239+0000] {logging_mixin.py:190} INFO - [2026-05-25T13:08:32.239+0000] {dag.py:3239} INFO - Sync 1 DAGs
[2026-05-25T13:08:32.263+0000] {logging_mixin.py:190} INFO - [2026-05-25T13:08:32.263+0000] {dag.py:4180} INFO - Setting next_dagrun for lastfm_pipeline to 2026-05-24 00:00:00+00:00, run_after=2026-05-25 00:00:00+00:00
[2026-05-25T13:08:32.281+0000] {processor.py:208} INFO - Processing /opt/airflow/dags/pipeline.py took 0.096 seconds
[2026-05-25T13:09:02.462+0000] {processor.py:186} INFO - Started process (PID=895) to work on /opt/airflow/dags/pipeline.py
[2026-05-25T13:09:02.462+0000] {processor.py:914} INFO - Processing file /opt/airflow/dags/pipeline.py for tasks to queue
[2026-05-25T13:09:02.465+0000] {logging_mixin.py:190} INFO - [2026-05-25T13:09:02.464+0000] {dagbag.py:588} INFO - Filling up the DagBag from /opt/airflow/dags/pipeline.py
[2026-05-25T13:09:02.483+0000] {processor.py:925} INFO - DAG(s) 'lastfm_pipeline' retrieved from /opt/airflow/dags/pipeline.py
[2026-05-25T13:09:02.513+0000] {logging_mixin.py:190} INFO - [2026-05-25T13:09:02.512+0000] {dag.py:3239} INFO - Sync 1 DAGs
[2026-05-25T13:09:02.537+0000] {logging_mixin.py:190} INFO - [2026-05-25T13:09:02.537+0000] {dag.py:4180} INFO - Setting next_dagrun for lastfm_pipeline to 2026-05-24 00:00:00+00:00, run_after=2026-05-25 00:00:00+00:00
[2026-05-25T13:09:02.554+0000] {processor.py:208} INFO - Processing /opt/airflow/dags/pipeline.py took 0.097 seconds
[2026-05-25T13:09:32.635+0000] {processor.py:186} INFO - Started process (PID=900) to work on /opt/airflow/dags/pipeline.py
[2026-05-25T13:09:32.636+0000] {processor.py:914} INFO - Processing file /opt/airflow/dags/pipeline.py for tasks to queue
[2026-05-25T13:09:32.638+0000] {logging_mixin.py:190} INFO - [2026-05-25T13:09:32.637+0000] {dagbag.py:588} INFO - Filling up the DagBag from /opt/airflow/dags/pipeline.py
[2026-05-25T13:09:32.654+0000] {processor.py:925} INFO - DAG(s) 'lastfm_pipeline' retrieved from /opt/airflow/dags/pipeline.py
[2026-05-25T13:09:32.686+0000] {logging_mixin.py:190} INFO - [2026-05-25T13:09:32.686+0000] {dag.py:3239} INFO - Sync 1 DAGs
[2026-05-25T13:09:32.712+0000] {logging_mixin.py:190} INFO - [2026-05-25T13:09:32.712+0000] {dag.py:4180} INFO - Setting next_dagrun for lastfm_pipeline to 2026-05-24 00:00:00+00:00, run_after=2026-05-25 00:00:00+00:00
[2026-05-25T13:09:32.728+0000] {processor.py:208} INFO - Processing /opt/airflow/dags/pipeline.py took 0.099 seconds
[2026-05-25T13:10:02.864+0000] {processor.py:186} INFO - Started process (PID=905) to work on /opt/airflow/dags/pipeline.py
[2026-05-25T13:10:02.864+0000] {processor.py:914} INFO - Processing file /opt/airflow/dags/pipeline.py for tasks to queue
[2026-05-25T13:10:02.866+0000] {logging_mixin.py:190} INFO - [2026-05-25T13:10:02.866+0000] {dagbag.py:588} INFO - Filling up the DagBag from /opt/airflow/dags/pipeline.py
[2026-05-25T13:10:02.880+0000] {processor.py:925} INFO - DAG(s) 'lastfm_pipeline' retrieved from /opt/airflow/dags/pipeline.py
[2026-05-25T13:10:02.901+0000] {logging_mixin.py:190} INFO - [2026-05-25T13:10:02.901+0000] {dag.py:3239} INFO - Sync 1 DAGs
[2026-05-25T13:10:02.923+0000] {logging_mixin.py:190} INFO - [2026-05-25T13:10:02.923+0000] {dag.py:4180} INFO - Setting next_dagrun for lastfm_pipeline to 2026-05-24 00:00:00+00:00, run_after=2026-05-25 00:00:00+00:00
[2026-05-25T13:10:02.945+0000] {processor.py:208} INFO - Processing /opt/airflow/dags/pipeline.py took 0.087 seconds
[2026-05-25T13:10:33.033+0000] {processor.py:186} INFO - Started process (PID=910) to work on /opt/airflow/dags/pipeline.py
[2026-05-25T13:10:33.034+0000] {processor.py:914} INFO - Processing file /opt/airflow/dags/pipeline.py for tasks to queue
[2026-05-25T13:10:33.036+0000] {logging_mixin.py:190} INFO - [2026-05-25T13:10:33.036+0000] {dagbag.py:588} INFO - Filling up the DagBag from /opt/airflow/dags/pipeline.py
[2026-05-25T13:10:33.054+0000] {processor.py:925} INFO - DAG(s) 'lastfm_pipeline' retrieved from /opt/airflow/dags/pipeline.py
[2026-05-25T13:10:33.085+0000] {logging_mixin.py:190} INFO - [2026-05-25T13:10:33.085+0000] {dag.py:3239} INFO - Sync 1 DAGs
[2026-05-25T13:10:33.110+0000] {logging_mixin.py:190} INFO - [2026-05-25T13:10:33.110+0000] {dag.py:4180} INFO - Setting next_dagrun for lastfm_pipeline to 2026-05-24 00:00:00+00:00, run_after=2026-05-25 00:00:00+00:00
[2026-05-25T13:10:33.126+0000] {processor.py:208} INFO - Processing /opt/airflow/dags/pipeline.py took 0.100 seconds
[2026-05-25T13:11:03.250+0000] {processor.py:186} INFO - Started process (PID=915) to work on /opt/airflow/dags/pipeline.py
[2026-05-25T13:11:03.252+0000] {processor.py:914} INFO - Processing file /opt/airflow/dags/pipeline.py for tasks to queue
[2026-05-25T13:11:03.254+0000] {logging_mixin.py:190} INFO - [2026-05-25T13:11:03.254+0000] {dagbag.py:588} INFO - Filling up the DagBag from /opt/airflow/dags/pipeline.py
[2026-05-25T13:11:03.267+0000] {processor.py:925} INFO - DAG(s) 'lastfm_pipeline' retrieved from /opt/airflow/dags/pipeline.py
[2026-05-25T13:11:03.288+0000] {logging_mixin.py:190} INFO - [2026-05-25T13:11:03.287+0000] {dag.py:3239} INFO - Sync 1 DAGs
[2026-05-25T13:11:03.306+0000] {logging_mixin.py:190} INFO - [2026-05-25T13:11:03.305+0000] {dag.py:4180} INFO - Setting next_dagrun for lastfm_pipeline to 2026-05-24 00:00:00+00:00, run_after=2026-05-25 00:00:00+00:00
[2026-05-25T13:11:03.317+0000] {processor.py:208} INFO - Processing /opt/airflow/dags/pipeline.py took 0.072 seconds
[2026-05-25T13:11:33.428+0000] {processor.py:186} INFO - Started process (PID=920) to work on /opt/airflow/dags/pipeline.py
[2026-05-25T13:11:33.428+0000] {processor.py:914} INFO - Processing file /opt/airflow/dags/pipeline.py for tasks to queue
[2026-05-25T13:11:33.432+0000] {logging_mixin.py:190} INFO - [2026-05-25T13:11:33.431+0000] {dagbag.py:588} INFO - Filling up the DagBag from /opt/airflow/dags/pipeline.py
[2026-05-25T13:11:33.453+0000] {processor.py:925} INFO - DAG(s) 'lastfm_pipeline' retrieved from /opt/airflow/dags/pipeline.py
[2026-05-25T13:11:33.486+0000] {logging_mixin.py:190} INFO - [2026-05-25T13:11:33.486+0000] {dag.py:3239} INFO - Sync 1 DAGs
[2026-05-25T13:11:33.514+0000] {logging_mixin.py:190} INFO - [2026-05-25T13:11:33.514+0000] {dag.py:4180} INFO - Setting next_dagrun for lastfm_pipeline to 2026-05-24 00:00:00+00:00, run_after=2026-05-25 00:00:00+00:00
[2026-05-25T13:11:33.533+0000] {processor.py:208} INFO - Processing /opt/airflow/dags/pipeline.py took 0.112 seconds
[2026-05-25T13:12:03.641+0000] {processor.py:186} INFO - Started process (PID=925) to work on /opt/airflow/dags/pipeline.py
[2026-05-25T13:12:03.643+0000] {processor.py:914} INFO - Processing file /opt/airflow/dags/pipeline.py for tasks to queue
[2026-05-25T13:12:03.646+0000] {logging_mixin.py:190} INFO - [2026-05-25T13:12:03.645+0000] {dagbag.py:588} INFO - Filling up the DagBag from /opt/airflow/dags/pipeline.py
[2026-05-25T13:12:03.663+0000] {processor.py:925} INFO - DAG(s) 'lastfm_pipeline' retrieved from /opt/airflow/dags/pipeline.py
[2026-05-25T13:12:03.695+0000] {logging_mixin.py:190} INFO - [2026-05-25T13:12:03.695+0000] {dag.py:3239} INFO - Sync 1 DAGs
[2026-05-25T13:12:03.721+0000] {logging_mixin.py:190} INFO - [2026-05-25T13:12:03.721+0000] {dag.py:4180} INFO - Setting next_dagrun for lastfm_pipeline to 2026-05-24 00:00:00+00:00, run_after=2026-05-25 00:00:00+00:00
[2026-05-25T13:12:03.737+0000] {processor.py:208} INFO - Processing /opt/airflow/dags/pipeline.py took 0.102 seconds
[2026-05-25T13:12:33.859+0000] {processor.py:186} INFO - Started process (PID=930) to work on /opt/airflow/dags/pipeline.py
[2026-05-25T13:12:33.860+0000] {processor.py:914} INFO - Processing file /opt/airflow/dags/pipeline.py for tasks to queue
[2026-05-25T13:12:33.862+0000] {logging_mixin.py:190} INFO - [2026-05-25T13:12:33.861+0000] {dagbag.py:588} INFO - Filling up the DagBag from /opt/airflow/dags/pipeline.py
[2026-05-25T13:12:33.880+0000] {processor.py:925} INFO - DAG(s) 'lastfm_pipeline' retrieved from /opt/airflow/dags/pipeline.py
[2026-05-25T13:12:33.911+0000] {logging_mixin.py:190} INFO - [2026-05-25T13:12:33.911+0000] {dag.py:3239} INFO - Sync 1 DAGs
[2026-05-25T13:12:33.942+0000] {logging_mixin.py:190} INFO - [2026-05-25T13:12:33.942+0000] {dag.py:4180} INFO - Setting next_dagrun for lastfm_pipeline to 2026-05-24 00:00:00+00:00, run_after=2026-05-25 00:00:00+00:00
[2026-05-25T13:12:33.958+0000] {processor.py:208} INFO - Processing /opt/airflow/dags/pipeline.py took 0.104 seconds
[2026-05-25T13:13:04.046+0000] {processor.py:186} INFO - Started process (PID=935) to work on /opt/airflow/dags/pipeline.py
[2026-05-25T13:13:04.049+0000] {processor.py:914} INFO - Processing file /opt/airflow/dags/pipeline.py for tasks to queue
[2026-05-25T13:13:04.051+0000] {logging_mixin.py:190} INFO - [2026-05-25T13:13:04.051+0000] {dagbag.py:588} INFO - Filling up the DagBag from /opt/airflow/dags/pipeline.py
[2026-05-25T13:13:04.063+0000] {processor.py:925} INFO - DAG(s) 'lastfm_pipeline' retrieved from /opt/airflow/dags/pipeline.py
[2026-05-25T13:13:04.086+0000] {logging_mixin.py:190} INFO - [2026-05-25T13:13:04.086+0000] {dag.py:3239} INFO - Sync 1 DAGs
[2026-05-25T13:13:04.106+0000] {logging_mixin.py:190} INFO - [2026-05-25T13:13:04.106+0000] {dag.py:4180} INFO - Setting next_dagrun for lastfm_pipeline to 2026-05-24 00:00:00+00:00, run_after=2026-05-25 00:00:00+00:00
[2026-05-25T13:13:04.120+0000] {processor.py:208} INFO - Processing /opt/airflow/dags/pipeline.py took 0.078 seconds
[2026-05-25T13:13:34.261+0000] {processor.py:186} INFO - Started process (PID=940) to work on /opt/airflow/dags/pipeline.py
[2026-05-25T13:13:34.262+0000] {processor.py:914} INFO - Processing file /opt/airflow/dags/pipeline.py for tasks to queue
[2026-05-25T13:13:34.264+0000] {logging_mixin.py:190} INFO - [2026-05-25T13:13:34.263+0000] {dagbag.py:588} INFO - Filling up the DagBag from /opt/airflow/dags/pipeline.py
[2026-05-25T13:13:34.281+0000] {processor.py:925} INFO - DAG(s) 'lastfm_pipeline' retrieved from /opt/airflow/dags/pipeline.py
[2026-05-25T13:13:34.313+0000] {logging_mixin.py:190} INFO - [2026-05-25T13:13:34.313+0000] {dag.py:3239} INFO - Sync 1 DAGs
[2026-05-25T13:13:34.339+0000] {logging_mixin.py:190} INFO - [2026-05-25T13:13:34.339+0000] {dag.py:4180} INFO - Setting next_dagrun for lastfm_pipeline to 2026-05-24 00:00:00+00:00, run_after=2026-05-25 00:00:00+00:00
[2026-05-25T13:13:34.355+0000] {processor.py:208} INFO - Processing /opt/airflow/dags/pipeline.py took 0.099 seconds
[2026-05-25T13:14:04.426+0000] {processor.py:186} INFO - Started process (PID=945) to work on /opt/airflow/dags/pipeline.py
[2026-05-25T13:14:04.429+0000] {processor.py:914} INFO - Processing file /opt/airflow/dags/pipeline.py for tasks to queue
[2026-05-25T13:14:04.431+0000] {logging_mixin.py:190} INFO - [2026-05-25T13:14:04.431+0000] {dagbag.py:588} INFO - Filling up the DagBag from /opt/airflow/dags/pipeline.py
[2026-05-25T13:14:04.448+0000] {processor.py:925} INFO - DAG(s) 'lastfm_pipeline' retrieved from /opt/airflow/dags/pipeline.py
[2026-05-25T13:14:04.480+0000] {logging_mixin.py:190} INFO - [2026-05-25T13:14:04.480+0000] {dag.py:3239} INFO - Sync 1 DAGs
[2026-05-25T13:14:04.507+0000] {logging_mixin.py:190} INFO - [2026-05-25T13:14:04.507+0000] {dag.py:4180} INFO - Setting next_dagrun for lastfm_pipeline to 2026-05-24 00:00:00+00:00, run_after=2026-05-25 00:00:00+00:00
[2026-05-25T13:14:04.525+0000] {processor.py:208} INFO - Processing /opt/airflow/dags/pipeline.py took 0.105 seconds
[2026-05-25T13:14:34.670+0000] {processor.py:186} INFO - Started process (PID=950) to work on /opt/airflow/dags/pipeline.py
[2026-05-25T13:14:34.671+0000] {processor.py:914} INFO - Processing file /opt/airflow/dags/pipeline.py for tasks to queue
[2026-05-25T13:14:34.673+0000] {logging_mixin.py:190} INFO - [2026-05-25T13:14:34.673+0000] {dagbag.py:588} INFO - Filling up the DagBag from /opt/airflow/dags/pipeline.py
[2026-05-25T13:14:34.690+0000] {processor.py:925} INFO - DAG(s) 'lastfm_pipeline' retrieved from /opt/airflow/dags/pipeline.py
[2026-05-25T13:14:34.720+0000] {logging_mixin.py:190} INFO - [2026-05-25T13:14:34.720+0000] {dag.py:3239} INFO - Sync 1 DAGs
[2026-05-25T13:14:34.748+0000] {logging_mixin.py:190} INFO - [2026-05-25T13:14:34.748+0000] {dag.py:4180} INFO - Setting next_dagrun for lastfm_pipeline to 2026-05-24 00:00:00+00:00, run_after=2026-05-25 00:00:00+00:00
[2026-05-25T13:14:34.766+0000] {processor.py:208} INFO - Processing /opt/airflow/dags/pipeline.py took 0.102 seconds
[2026-05-25T13:15:04.836+0000] {processor.py:186} INFO - Started process (PID=955) to work on /opt/airflow/dags/pipeline.py
[2026-05-25T13:15:04.839+0000] {processor.py:914} INFO - Processing file /opt/airflow/dags/pipeline.py for tasks to queue
[2026-05-25T13:15:04.841+0000] {logging_mixin.py:190} INFO - [2026-05-25T13:15:04.841+0000] {dagbag.py:588} INFO - Filling up the DagBag from /opt/airflow/dags/pipeline.py
[2026-05-25T13:15:04.859+0000] {processor.py:925} INFO - DAG(s) 'lastfm_pipeline' retrieved from /opt/airflow/dags/pipeline.py
[2026-05-25T13:15:04.891+0000] {logging_mixin.py:190} INFO - [2026-05-25T13:15:04.890+0000] {dag.py:3239} INFO - Sync 1 DAGs
[2026-05-25T13:15:04.919+0000] {logging_mixin.py:190} INFO - [2026-05-25T13:15:04.918+0000] {dag.py:4180} INFO - Setting next_dagrun for lastfm_pipeline to 2026-05-24 00:00:00+00:00, run_after=2026-05-25 00:00:00+00:00
[2026-05-25T13:15:04.938+0000] {processor.py:208} INFO - Processing /opt/airflow/dags/pipeline.py took 0.109 seconds
[2026-05-25T13:15:35.081+0000] {processor.py:186} INFO - Started process (PID=960) to work on /opt/airflow/dags/pipeline.py
[2026-05-25T13:15:35.082+0000] {processor.py:914} INFO - Processing file /opt/airflow/dags/pipeline.py for tasks to queue
[2026-05-25T13:15:35.085+0000] {logging_mixin.py:190} INFO - [2026-05-25T13:15:35.084+0000] {dagbag.py:588} INFO - Filling up the DagBag from /opt/airflow/dags/pipeline.py
[2026-05-25T13:15:35.101+0000] {processor.py:925} INFO - DAG(s) 'lastfm_pipeline' retrieved from /opt/airflow/dags/pipeline.py
[2026-05-25T13:15:35.130+0000] {logging_mixin.py:190} INFO - [2026-05-25T13:15:35.130+0000] {dag.py:3239} INFO - Sync 1 DAGs
[2026-05-25T13:15:35.156+0000] {logging_mixin.py:190} INFO - [2026-05-25T13:15:35.155+0000] {dag.py:4180} INFO - Setting next_dagrun for lastfm_pipeline to 2026-05-24 00:00:00+00:00, run_after=2026-05-25 00:00:00+00:00
[2026-05-25T13:15:35.173+0000] {processor.py:208} INFO - Processing /opt/airflow/dags/pipeline.py took 0.097 seconds
[2026-05-25T13:16:05.247+0000] {processor.py:186} INFO - Started process (PID=965) to work on /opt/airflow/dags/pipeline.py
[2026-05-25T13:16:05.250+0000] {processor.py:914} INFO - Processing file /opt/airflow/dags/pipeline.py for tasks to queue
[2026-05-25T13:16:05.253+0000] {logging_mixin.py:190} INFO - [2026-05-25T13:16:05.253+0000] {dagbag.py:588} INFO - Filling up the DagBag from /opt/airflow/dags/pipeline.py
[2026-05-25T13:16:05.271+0000] {processor.py:925} INFO - DAG(s) 'lastfm_pipeline' retrieved from /opt/airflow/dags/pipeline.py
[2026-05-25T13:16:05.301+0000] {logging_mixin.py:190} INFO - [2026-05-25T13:16:05.301+0000] {dag.py:3239} INFO - Sync 1 DAGs
[2026-05-25T13:16:05.328+0000] {logging_mixin.py:190} INFO - [2026-05-25T13:16:05.328+0000] {dag.py:4180} INFO - Setting next_dagrun for lastfm_pipeline to 2026-05-24 00:00:00+00:00, run_after=2026-05-25 00:00:00+00:00
[2026-05-25T13:16:05.345+0000] {processor.py:208} INFO - Processing /opt/airflow/dags/pipeline.py took 0.105 seconds
[2026-05-25T13:16:35.481+0000] {processor.py:186} INFO - Started process (PID=970) to work on /opt/airflow/dags/pipeline.py
[2026-05-25T13:16:35.482+0000] {processor.py:914} INFO - Processing file /opt/airflow/dags/pipeline.py for tasks to queue
[2026-05-25T13:16:35.484+0000] {logging_mixin.py:190} INFO - [2026-05-25T13:16:35.483+0000] {dagbag.py:588} INFO - Filling up the DagBag from /opt/airflow/dags/pipeline.py
[2026-05-25T13:16:35.500+0000] {processor.py:925} INFO - DAG(s) 'lastfm_pipeline' retrieved from /opt/airflow/dags/pipeline.py
[2026-05-25T13:16:35.530+0000] {logging_mixin.py:190} INFO - [2026-05-25T13:16:35.530+0000] {dag.py:3239} INFO - Sync 1 DAGs
[2026-05-25T13:16:35.556+0000] {logging_mixin.py:190} INFO - [2026-05-25T13:16:35.555+0000] {dag.py:4180} INFO - Setting next_dagrun for lastfm_pipeline to 2026-05-24 00:00:00+00:00, run_after=2026-05-25 00:00:00+00:00
[2026-05-25T13:16:35.573+0000] {processor.py:208} INFO - Processing /opt/airflow/dags/pipeline.py took 0.099 seconds
[2026-05-25T13:17:05.652+0000] {processor.py:186} INFO - Started process (PID=975) to work on /opt/airflow/dags/pipeline.py
[2026-05-25T13:17:05.655+0000] {processor.py:914} INFO - Processing file /opt/airflow/dags/pipeline.py for tasks to queue
[2026-05-25T13:17:05.657+0000] {logging_mixin.py:190} INFO - [2026-05-25T13:17:05.657+0000] {dagbag.py:588} INFO - Filling up the DagBag from /opt/airflow/dags/pipeline.py
[2026-05-25T13:17:05.675+0000] {processor.py:925} INFO - DAG(s) 'lastfm_pipeline' retrieved from /opt/airflow/dags/pipeline.py
[2026-05-25T13:17:05.706+0000] {logging_mixin.py:190} INFO - [2026-05-25T13:17:05.706+0000] {dag.py:3239} INFO - Sync 1 DAGs
[2026-05-25T13:17:05.731+0000] {logging_mixin.py:190} INFO - [2026-05-25T13:17:05.731+0000] {dag.py:4180} INFO - Setting next_dagrun for lastfm_pipeline to 2026-05-24 00:00:00+00:00, run_after=2026-05-25 00:00:00+00:00
[2026-05-25T13:17:05.749+0000] {processor.py:208} INFO - Processing /opt/airflow/dags/pipeline.py took 0.103 seconds
[2026-05-25T13:17:35.896+0000] {processor.py:186} INFO - Started process (PID=980) to work on /opt/airflow/dags/pipeline.py
[2026-05-25T13:17:35.896+0000] {processor.py:914} INFO - Processing file /opt/airflow/dags/pipeline.py for tasks to queue
[2026-05-25T13:17:35.898+0000] {logging_mixin.py:190} INFO - [2026-05-25T13:17:35.898+0000] {dagbag.py:588} INFO - Filling up the DagBag from /opt/airflow/dags/pipeline.py
[2026-05-25T13:17:35.915+0000] {processor.py:925} INFO - DAG(s) 'lastfm_pipeline' retrieved from /opt/airflow/dags/pipeline.py
[2026-05-25T13:17:35.945+0000] {logging_mixin.py:190} INFO - [2026-05-25T13:17:35.944+0000] {dag.py:3239} INFO - Sync 1 DAGs
[2026-05-25T13:17:35.970+0000] {logging_mixin.py:190} INFO - [2026-05-25T13:17:35.970+0000] {dag.py:4180} INFO - Setting next_dagrun for lastfm_pipeline to 2026-05-24 00:00:00+00:00, run_after=2026-05-25 00:00:00+00:00
[2026-05-25T13:17:35.986+0000] {processor.py:208} INFO - Processing /opt/airflow/dags/pipeline.py took 0.096 seconds
[2026-05-25T13:18:06.054+0000] {processor.py:186} INFO - Started process (PID=985) to work on /opt/airflow/dags/pipeline.py
[2026-05-25T13:18:06.057+0000] {processor.py:914} INFO - Processing file /opt/airflow/dags/pipeline.py for tasks to queue
[2026-05-25T13:18:06.060+0000] {logging_mixin.py:190} INFO - [2026-05-25T13:18:06.060+0000] {dagbag.py:588} INFO - Filling up the DagBag from /opt/airflow/dags/pipeline.py
[2026-05-25T13:18:06.075+0000] {processor.py:925} INFO - DAG(s) 'lastfm_pipeline' retrieved from /opt/airflow/dags/pipeline.py
[2026-05-25T13:18:06.100+0000] {logging_mixin.py:190} INFO - [2026-05-25T13:18:06.100+0000] {dag.py:3239} INFO - Sync 1 DAGs
[2026-05-25T13:18:06.121+0000] {logging_mixin.py:190} INFO - [2026-05-25T13:18:06.120+0000] {dag.py:4180} INFO - Setting next_dagrun for lastfm_pipeline to 2026-05-24 00:00:00+00:00, run_after=2026-05-25 00:00:00+00:00
[2026-05-25T13:18:06.136+0000] {processor.py:208} INFO - Processing /opt/airflow/dags/pipeline.py took 0.086 seconds
[2026-05-25T13:18:36.294+0000] {processor.py:186} INFO - Started process (PID=990) to work on /opt/airflow/dags/pipeline.py
[2026-05-25T13:18:36.295+0000] {processor.py:914} INFO - Processing file /opt/airflow/dags/pipeline.py for tasks to queue
[2026-05-25T13:18:36.297+0000] {logging_mixin.py:190} INFO - [2026-05-25T13:18:36.297+0000] {dagbag.py:588} INFO - Filling up the DagBag from /opt/airflow/dags/pipeline.py
[2026-05-25T13:18:36.315+0000] {processor.py:925} INFO - DAG(s) 'lastfm_pipeline' retrieved from /opt/airflow/dags/pipeline.py
[2026-05-25T13:18:36.343+0000] {logging_mixin.py:190} INFO - [2026-05-25T13:18:36.342+0000] {dag.py:3239} INFO - Sync 1 DAGs
[2026-05-25T13:18:36.368+0000] {logging_mixin.py:190} INFO - [2026-05-25T13:18:36.368+0000] {dag.py:4180} INFO - Setting next_dagrun for lastfm_pipeline to 2026-05-24 00:00:00+00:00, run_after=2026-05-25 00:00:00+00:00
[2026-05-25T13:18:36.385+0000] {processor.py:208} INFO - Processing /opt/airflow/dags/pipeline.py took 0.096 seconds
[2026-05-25T13:19:06.457+0000] {processor.py:186} INFO - Started process (PID=995) to work on /opt/airflow/dags/pipeline.py
[2026-05-25T13:19:06.460+0000] {processor.py:914} INFO - Processing file /opt/airflow/dags/pipeline.py for tasks to queue
[2026-05-25T13:19:06.463+0000] {logging_mixin.py:190} INFO - [2026-05-25T13:19:06.462+0000] {dagbag.py:588} INFO - Filling up the DagBag from /opt/airflow/dags/pipeline.py
[2026-05-25T13:19:06.479+0000] {processor.py:925} INFO - DAG(s) 'lastfm_pipeline' retrieved from /opt/airflow/dags/pipeline.py
[2026-05-25T13:19:06.510+0000] {logging_mixin.py:190} INFO - [2026-05-25T13:19:06.510+0000] {dag.py:3239} INFO - Sync 1 DAGs
[2026-05-25T13:19:06.535+0000] {logging_mixin.py:190} INFO - [2026-05-25T13:19:06.535+0000] {dag.py:4180} INFO - Setting next_dagrun for lastfm_pipeline to 2026-05-24 00:00:00+00:00, run_after=2026-05-25 00:00:00+00:00
[2026-05-25T13:19:06.550+0000] {processor.py:208} INFO - Processing /opt/airflow/dags/pipeline.py took 0.099 seconds
[2026-05-25T13:19:36.686+0000] {processor.py:186} INFO - Started process (PID=1000) to work on /opt/airflow/dags/pipeline.py
[2026-05-25T13:19:36.687+0000] {processor.py:914} INFO - Processing file /opt/airflow/dags/pipeline.py for tasks to queue
[2026-05-25T13:19:36.689+0000] {logging_mixin.py:190} INFO - [2026-05-25T13:19:36.689+0000] {dagbag.py:588} INFO - Filling up the DagBag from /opt/airflow/dags/pipeline.py
[2026-05-25T13:19:36.706+0000] {processor.py:925} INFO - DAG(s) 'lastfm_pipeline' retrieved from /opt/airflow/dags/pipeline.py
[2026-05-25T13:19:36.736+0000] {logging_mixin.py:190} INFO - [2026-05-25T13:19:36.735+0000] {dag.py:3239} INFO - Sync 1 DAGs
[2026-05-25T13:19:36.761+0000] {logging_mixin.py:190} INFO - [2026-05-25T13:19:36.760+0000] {dag.py:4180} INFO - Setting next_dagrun for lastfm_pipeline to 2026-05-24 00:00:00+00:00, run_after=2026-05-25 00:00:00+00:00
[2026-05-25T13:19:36.779+0000] {processor.py:208} INFO - Processing /opt/airflow/dags/pipeline.py took 0.099 seconds
[2026-05-25T13:20:06.860+0000] {processor.py:186} INFO - Started process (PID=1005) to work on /opt/airflow/dags/pipeline.py
[2026-05-25T13:20:06.863+0000] {processor.py:914} INFO - Processing file /opt/airflow/dags/pipeline.py for tasks to queue
[2026-05-25T13:20:06.866+0000] {logging_mixin.py:190} INFO - [2026-05-25T13:20:06.865+0000] {dagbag.py:588} INFO - Filling up the DagBag from /opt/airflow/dags/pipeline.py
[2026-05-25T13:20:06.883+0000] {processor.py:925} INFO - DAG(s) 'lastfm_pipeline' retrieved from /opt/airflow/dags/pipeline.py
[2026-05-25T13:20:06.913+0000] {logging_mixin.py:190} INFO - [2026-05-25T13:20:06.913+0000] {dag.py:3239} INFO - Sync 1 DAGs
[2026-05-25T13:20:06.939+0000] {logging_mixin.py:190} INFO - [2026-05-25T13:20:06.938+0000] {dag.py:4180} INFO - Setting next_dagrun for lastfm_pipeline to 2026-05-24 00:00:00+00:00, run_after=2026-05-25 00:00:00+00:00
[2026-05-25T13:20:06.956+0000] {processor.py:208} INFO - Processing /opt/airflow/dags/pipeline.py took 0.102 seconds
[2026-05-25T13:20:37.088+0000] {processor.py:186} INFO - Started process (PID=1010) to work on /opt/airflow/dags/pipeline.py
[2026-05-25T13:20:37.089+0000] {processor.py:914} INFO - Processing file /opt/airflow/dags/pipeline.py for tasks to queue
[2026-05-25T13:20:37.091+0000] {logging_mixin.py:190} INFO - [2026-05-25T13:20:37.091+0000] {dagbag.py:588} INFO - Filling up the DagBag from /opt/airflow/dags/pipeline.py
[2026-05-25T13:20:37.108+0000] {processor.py:925} INFO - DAG(s) 'lastfm_pipeline' retrieved from /opt/airflow/dags/pipeline.py
[2026-05-25T13:20:37.137+0000] {logging_mixin.py:190} INFO - [2026-05-25T13:20:37.137+0000] {dag.py:3239} INFO - Sync 1 DAGs
[2026-05-25T13:20:37.162+0000] {logging_mixin.py:190} INFO - [2026-05-25T13:20:37.161+0000] {dag.py:4180} INFO - Setting next_dagrun for lastfm_pipeline to 2026-05-24 00:00:00+00:00, run_after=2026-05-25 00:00:00+00:00
[2026-05-25T13:20:37.180+0000] {processor.py:208} INFO - Processing /opt/airflow/dags/pipeline.py took 0.098 seconds
[2026-05-25T13:21:07.271+0000] {processor.py:186} INFO - Started process (PID=1015) to work on /opt/airflow/dags/pipeline.py
[2026-05-25T13:21:07.273+0000] {processor.py:914} INFO - Processing file /opt/airflow/dags/pipeline.py for tasks to queue
[2026-05-25T13:21:07.275+0000] {logging_mixin.py:190} INFO - [2026-05-25T13:21:07.275+0000] {dagbag.py:588} INFO - Filling up the DagBag from /opt/airflow/dags/pipeline.py
[2026-05-25T13:21:07.292+0000] {processor.py:925} INFO - DAG(s) 'lastfm_pipeline' retrieved from /opt/airflow/dags/pipeline.py
[2026-05-25T13:21:07.321+0000] {logging_mixin.py:190} INFO - [2026-05-25T13:21:07.321+0000] {dag.py:3239} INFO - Sync 1 DAGs
[2026-05-25T13:21:07.347+0000] {logging_mixin.py:190} INFO - [2026-05-25T13:21:07.347+0000] {dag.py:4180} INFO - Setting next_dagrun for lastfm_pipeline to 2026-05-24 00:00:00+00:00, run_after=2026-05-25 00:00:00+00:00
[2026-05-25T13:21:07.362+0000] {processor.py:208} INFO - Processing /opt/airflow/dags/pipeline.py took 0.098 seconds
[2026-05-25T13:21:37.496+0000] {processor.py:186} INFO - Started process (PID=1020) to work on /opt/airflow/dags/pipeline.py
[2026-05-25T13:21:37.497+0000] {processor.py:914} INFO - Processing file /opt/airflow/dags/pipeline.py for tasks to queue
[2026-05-25T13:21:37.499+0000] {logging_mixin.py:190} INFO - [2026-05-25T13:21:37.499+0000] {dagbag.py:588} INFO - Filling up the DagBag from /opt/airflow/dags/pipeline.py
[2026-05-25T13:21:37.517+0000] {processor.py:925} INFO - DAG(s) 'lastfm_pipeline' retrieved from /opt/airflow/dags/pipeline.py
[2026-05-25T13:21:37.549+0000] {logging_mixin.py:190} INFO - [2026-05-25T13:21:37.548+0000] {dag.py:3239} INFO - Sync 1 DAGs
[2026-05-25T13:21:37.576+0000] {logging_mixin.py:190} INFO - [2026-05-25T13:21:37.576+0000] {dag.py:4180} INFO - Setting next_dagrun for lastfm_pipeline to 2026-05-24 00:00:00+00:00, run_after=2026-05-25 00:00:00+00:00
[2026-05-25T13:21:37.594+0000] {processor.py:208} INFO - Processing /opt/airflow/dags/pipeline.py took 0.105 seconds
[2026-05-25T13:22:07.683+0000] {processor.py:186} INFO - Started process (PID=1025) to work on /opt/airflow/dags/pipeline.py
[2026-05-25T13:22:07.686+0000] {processor.py:914} INFO - Processing file /opt/airflow/dags/pipeline.py for tasks to queue
[2026-05-25T13:22:07.689+0000] {logging_mixin.py:190} INFO - [2026-05-25T13:22:07.688+0000] {dagbag.py:588} INFO - Filling up the DagBag from /opt/airflow/dags/pipeline.py
[2026-05-25T13:22:07.705+0000] {processor.py:925} INFO - DAG(s) 'lastfm_pipeline' retrieved from /opt/airflow/dags/pipeline.py
[2026-05-25T13:22:07.734+0000] {logging_mixin.py:190} INFO - [2026-05-25T13:22:07.734+0000] {dag.py:3239} INFO - Sync 1 DAGs
[2026-05-25T13:22:07.759+0000] {logging_mixin.py:190} INFO - [2026-05-25T13:22:07.758+0000] {dag.py:4180} INFO - Setting next_dagrun for lastfm_pipeline to 2026-05-24 00:00:00+00:00, run_after=2026-05-25 00:00:00+00:00
[2026-05-25T13:22:07.776+0000] {processor.py:208} INFO - Processing /opt/airflow/dags/pipeline.py took 0.098 seconds
[2026-05-25T13:22:37.903+0000] {processor.py:186} INFO - Started process (PID=1030) to work on /opt/airflow/dags/pipeline.py
[2026-05-25T13:22:37.904+0000] {processor.py:914} INFO - Processing file /opt/airflow/dags/pipeline.py for tasks to queue
[2026-05-25T13:22:37.906+0000] {logging_mixin.py:190} INFO - [2026-05-25T13:22:37.906+0000] {dagbag.py:588} INFO - Filling up the DagBag from /opt/airflow/dags/pipeline.py
[2026-05-25T13:22:37.923+0000] {processor.py:925} INFO - DAG(s) 'lastfm_pipeline' retrieved from /opt/airflow/dags/pipeline.py
[2026-05-25T13:22:37.953+0000] {logging_mixin.py:190} INFO - [2026-05-25T13:22:37.952+0000] {dag.py:3239} INFO - Sync 1 DAGs
[2026-05-25T13:22:37.978+0000] {logging_mixin.py:190} INFO - [2026-05-25T13:22:37.978+0000] {dag.py:4180} INFO - Setting next_dagrun for lastfm_pipeline to 2026-05-24 00:00:00+00:00, run_after=2026-05-25 00:00:00+00:00
[2026-05-25T13:22:37.995+0000] {processor.py:208} INFO - Processing /opt/airflow/dags/pipeline.py took 0.098 seconds
[2026-05-25T13:23:08.072+0000] {processor.py:186} INFO - Started process (PID=1035) to work on /opt/airflow/dags/pipeline.py
[2026-05-25T13:23:08.073+0000] {processor.py:914} INFO - Processing file /opt/airflow/dags/pipeline.py for tasks to queue
[2026-05-25T13:23:08.075+0000] {logging_mixin.py:190} INFO - [2026-05-25T13:23:08.075+0000] {dagbag.py:588} INFO - Filling up the DagBag from /opt/airflow/dags/pipeline.py
[2026-05-25T13:23:08.088+0000] {processor.py:925} INFO - DAG(s) 'lastfm_pipeline' retrieved from /opt/airflow/dags/pipeline.py
[2026-05-25T13:23:08.110+0000] {logging_mixin.py:190} INFO - [2026-05-25T13:23:08.109+0000] {dag.py:3239} INFO - Sync 1 DAGs
[2026-05-25T13:23:08.127+0000] {logging_mixin.py:190} INFO - [2026-05-25T13:23:08.127+0000] {dag.py:4180} INFO - Setting next_dagrun for lastfm_pipeline to 2026-05-24 00:00:00+00:00, run_after=2026-05-25 00:00:00+00:00
[2026-05-25T13:23:08.138+0000] {processor.py:208} INFO - Processing /opt/airflow/dags/pipeline.py took 0.070 seconds
[2026-05-25T13:23:38.303+0000] {processor.py:186} INFO - Started process (PID=1040) to work on /opt/airflow/dags/pipeline.py
[2026-05-25T13:23:38.303+0000] {processor.py:914} INFO - Processing file /opt/airflow/dags/pipeline.py for tasks to queue
[2026-05-25T13:23:38.305+0000] {logging_mixin.py:190} INFO - [2026-05-25T13:23:38.305+0000] {dagbag.py:588} INFO - Filling up the DagBag from /opt/airflow/dags/pipeline.py
[2026-05-25T13:23:38.322+0000] {processor.py:925} INFO - DAG(s) 'lastfm_pipeline' retrieved from /opt/airflow/dags/pipeline.py
[2026-05-25T13:23:38.353+0000] {logging_mixin.py:190} INFO - [2026-05-25T13:23:38.352+0000] {dag.py:3239} INFO - Sync 1 DAGs
[2026-05-25T13:23:38.378+0000] {logging_mixin.py:190} INFO - [2026-05-25T13:23:38.378+0000] {dag.py:4180} INFO - Setting next_dagrun for lastfm_pipeline to 2026-05-24 00:00:00+00:00, run_after=2026-05-25 00:00:00+00:00
[2026-05-25T13:23:38.397+0000] {processor.py:208} INFO - Processing /opt/airflow/dags/pipeline.py took 0.101 seconds
[2026-05-25T13:24:08.471+0000] {processor.py:186} INFO - Started process (PID=1045) to work on /opt/airflow/dags/pipeline.py
[2026-05-25T13:24:08.474+0000] {processor.py:914} INFO - Processing file /opt/airflow/dags/pipeline.py for tasks to queue
[2026-05-25T13:24:08.477+0000] {logging_mixin.py:190} INFO - [2026-05-25T13:24:08.477+0000] {dagbag.py:588} INFO - Filling up the DagBag from /opt/airflow/dags/pipeline.py
[2026-05-25T13:24:08.493+0000] {processor.py:925} INFO - DAG(s) 'lastfm_pipeline' retrieved from /opt/airflow/dags/pipeline.py
[2026-05-25T13:24:08.524+0000] {logging_mixin.py:190} INFO - [2026-05-25T13:24:08.524+0000] {dag.py:3239} INFO - Sync 1 DAGs
[2026-05-25T13:24:08.553+0000] {logging_mixin.py:190} INFO - [2026-05-25T13:24:08.552+0000] {dag.py:4180} INFO - Setting next_dagrun for lastfm_pipeline to 2026-05-24 00:00:00+00:00, run_after=2026-05-25 00:00:00+00:00
[2026-05-25T13:24:08.571+0000] {processor.py:208} INFO - Processing /opt/airflow/dags/pipeline.py took 0.106 seconds
[2026-05-25T13:24:38.703+0000] {processor.py:186} INFO - Started process (PID=1050) to work on /opt/airflow/dags/pipeline.py
[2026-05-25T13:24:38.703+0000] {processor.py:914} INFO - Processing file /opt/airflow/dags/pipeline.py for tasks to queue
[2026-05-25T13:24:38.706+0000] {logging_mixin.py:190} INFO - [2026-05-25T13:24:38.706+0000] {dagbag.py:588} INFO - Filling up the DagBag from /opt/airflow/dags/pipeline.py
[2026-05-25T13:24:38.723+0000] {processor.py:925} INFO - DAG(s) 'lastfm_pipeline' retrieved from /opt/airflow/dags/pipeline.py
[2026-05-25T13:24:38.752+0000] {logging_mixin.py:190} INFO - [2026-05-25T13:24:38.752+0000] {dag.py:3239} INFO - Sync 1 DAGs
[2026-05-25T13:24:38.778+0000] {logging_mixin.py:190} INFO - [2026-05-25T13:24:38.778+0000] {dag.py:4180} INFO - Setting next_dagrun for lastfm_pipeline to 2026-05-24 00:00:00+00:00, run_after=2026-05-25 00:00:00+00:00
[2026-05-25T13:24:38.795+0000] {processor.py:208} INFO - Processing /opt/airflow/dags/pipeline.py took 0.098 seconds
[2026-05-25T13:25:08.870+0000] {processor.py:186} INFO - Started process (PID=1055) to work on /opt/airflow/dags/pipeline.py
[2026-05-25T13:25:08.871+0000] {processor.py:914} INFO - Processing file /opt/airflow/dags/pipeline.py for tasks to queue
[2026-05-25T13:25:08.873+0000] {logging_mixin.py:190} INFO - [2026-05-25T13:25:08.873+0000] {dagbag.py:588} INFO - Filling up the DagBag from /opt/airflow/dags/pipeline.py
[2026-05-25T13:25:08.889+0000] {processor.py:925} INFO - DAG(s) 'lastfm_pipeline' retrieved from /opt/airflow/dags/pipeline.py
[2026-05-25T13:25:08.921+0000] {logging_mixin.py:190} INFO - [2026-05-25T13:25:08.920+0000] {dag.py:3239} INFO - Sync 1 DAGs
[2026-05-25T13:25:08.946+0000] {logging_mixin.py:190} INFO - [2026-05-25T13:25:08.946+0000] {dag.py:4180} INFO - Setting next_dagrun for lastfm_pipeline to 2026-05-24 00:00:00+00:00, run_after=2026-05-25 00:00:00+00:00
[2026-05-25T13:25:08.967+0000] {processor.py:208} INFO - Processing /opt/airflow/dags/pipeline.py took 0.103 seconds
[2026-05-25T13:25:39.132+0000] {processor.py:186} INFO - Started process (PID=1060) to work on /opt/airflow/dags/pipeline.py
[2026-05-25T13:25:39.133+0000] {processor.py:914} INFO - Processing file /opt/airflow/dags/pipeline.py for tasks to queue
[2026-05-25T13:25:39.136+0000] {logging_mixin.py:190} INFO - [2026-05-25T13:25:39.135+0000] {dagbag.py:588} INFO - Filling up the DagBag from /opt/airflow/dags/pipeline.py
[2026-05-25T13:25:39.152+0000] {processor.py:925} INFO - DAG(s) 'lastfm_pipeline' retrieved from /opt/airflow/dags/pipeline.py
[2026-05-25T13:25:39.182+0000] {logging_mixin.py:190} INFO - [2026-05-25T13:25:39.181+0000] {dag.py:3239} INFO - Sync 1 DAGs
[2026-05-25T13:25:39.208+0000] {logging_mixin.py:190} INFO - [2026-05-25T13:25:39.208+0000] {dag.py:4180} INFO - Setting next_dagrun for lastfm_pipeline to 2026-05-24 00:00:00+00:00, run_after=2026-05-25 00:00:00+00:00
[2026-05-25T13:25:39.223+0000] {processor.py:208} INFO - Processing /opt/airflow/dags/pipeline.py took 0.096 seconds
[2026-05-25T13:26:09.306+0000] {processor.py:186} INFO - Started process (PID=1065) to work on /opt/airflow/dags/pipeline.py
[2026-05-25T13:26:09.309+0000] {processor.py:914} INFO - Processing file /opt/airflow/dags/pipeline.py for tasks to queue
[2026-05-25T13:26:09.311+0000] {logging_mixin.py:190} INFO - [2026-05-25T13:26:09.311+0000] {dagbag.py:588} INFO - Filling up the DagBag from /opt/airflow/dags/pipeline.py
[2026-05-25T13:26:09.328+0000] {processor.py:925} INFO - DAG(s) 'lastfm_pipeline' retrieved from /opt/airflow/dags/pipeline.py
[2026-05-25T13:26:09.359+0000] {logging_mixin.py:190} INFO - [2026-05-25T13:26:09.358+0000] {dag.py:3239} INFO - Sync 1 DAGs
[2026-05-25T13:26:09.384+0000] {logging_mixin.py:190} INFO - [2026-05-25T13:26:09.383+0000] {dag.py:4180} INFO - Setting next_dagrun for lastfm_pipeline to 2026-05-24 00:00:00+00:00, run_after=2026-05-25 00:00:00+00:00
[2026-05-25T13:26:09.401+0000] {processor.py:208} INFO - Processing /opt/airflow/dags/pipeline.py took 0.101 seconds
[2026-05-25T13:26:39.553+0000] {processor.py:186} INFO - Started process (PID=1070) to work on /opt/airflow/dags/pipeline.py
[2026-05-25T13:26:39.553+0000] {processor.py:914} INFO - Processing file /opt/airflow/dags/pipeline.py for tasks to queue
[2026-05-25T13:26:39.555+0000] {logging_mixin.py:190} INFO - [2026-05-25T13:26:39.555+0000] {dagbag.py:588} INFO - Filling up the DagBag from /opt/airflow/dags/pipeline.py
[2026-05-25T13:26:39.572+0000] {processor.py:925} INFO - DAG(s) 'lastfm_pipeline' retrieved from /opt/airflow/dags/pipeline.py
[2026-05-25T13:26:39.602+0000] {logging_mixin.py:190} INFO - [2026-05-25T13:26:39.601+0000] {dag.py:3239} INFO - Sync 1 DAGs
[2026-05-25T13:26:39.629+0000] {logging_mixin.py:190} INFO - [2026-05-25T13:26:39.628+0000] {dag.py:4180} INFO - Setting next_dagrun for lastfm_pipeline to 2026-05-24 00:00:00+00:00, run_after=2026-05-25 00:00:00+00:00
[2026-05-25T13:26:39.645+0000] {processor.py:208} INFO - Processing /opt/airflow/dags/pipeline.py took 0.099 seconds
[2026-05-25T13:27:09.716+0000] {processor.py:186} INFO - Started process (PID=1075) to work on /opt/airflow/dags/pipeline.py
[2026-05-25T13:27:09.717+0000] {processor.py:914} INFO - Processing file /opt/airflow/dags/pipeline.py for tasks to queue
[2026-05-25T13:27:09.719+0000] {logging_mixin.py:190} INFO - [2026-05-25T13:27:09.718+0000] {dagbag.py:588} INFO - Filling up the DagBag from /opt/airflow/dags/pipeline.py
[2026-05-25T13:27:09.730+0000] {processor.py:925} INFO - DAG(s) 'lastfm_pipeline' retrieved from /opt/airflow/dags/pipeline.py
[2026-05-25T13:27:09.753+0000] {logging_mixin.py:190} INFO - [2026-05-25T13:27:09.753+0000] {dag.py:3239} INFO - Sync 1 DAGs
[2026-05-25T13:27:09.773+0000] {logging_mixin.py:190} INFO - [2026-05-25T13:27:09.773+0000] {dag.py:4180} INFO - Setting next_dagrun for lastfm_pipeline to 2026-05-24 00:00:00+00:00, run_after=2026-05-25 00:00:00+00:00
[2026-05-25T13:27:09.785+0000] {processor.py:208} INFO - Processing /opt/airflow/dags/pipeline.py took 0.074 seconds
[2026-05-25T13:27:39.973+0000] {processor.py:186} INFO - Started process (PID=1080) to work on /opt/airflow/dags/pipeline.py
[2026-05-25T13:27:39.974+0000] {processor.py:914} INFO - Processing file /opt/airflow/dags/pipeline.py for tasks to queue
[2026-05-25T13:27:39.976+0000] {logging_mixin.py:190} INFO - [2026-05-25T13:27:39.976+0000] {dagbag.py:588} INFO - Filling up the DagBag from /opt/airflow/dags/pipeline.py
[2026-05-25T13:27:39.993+0000] {processor.py:925} INFO - DAG(s) 'lastfm_pipeline' retrieved from /opt/airflow/dags/pipeline.py
[2026-05-25T13:27:40.024+0000] {logging_mixin.py:190} INFO - [2026-05-25T13:27:40.023+0000] {dag.py:3239} INFO - Sync 1 DAGs
[2026-05-25T13:27:40.049+0000] {logging_mixin.py:190} INFO - [2026-05-25T13:27:40.048+0000] {dag.py:4180} INFO - Setting next_dagrun for lastfm_pipeline to 2026-05-24 00:00:00+00:00, run_after=2026-05-25 00:00:00+00:00
[2026-05-25T13:27:40.065+0000] {processor.py:208} INFO - Processing /opt/airflow/dags/pipeline.py took 0.098 seconds
[2026-05-25T13:28:10.143+0000] {processor.py:186} INFO - Started process (PID=1085) to work on /opt/airflow/dags/pipeline.py
[2026-05-25T13:28:10.144+0000] {processor.py:914} INFO - Processing file /opt/airflow/dags/pipeline.py for tasks to queue
[2026-05-25T13:28:10.147+0000] {logging_mixin.py:190} INFO - [2026-05-25T13:28:10.146+0000] {dagbag.py:588} INFO - Filling up the DagBag from /opt/airflow/dags/pipeline.py
[2026-05-25T13:28:10.165+0000] {processor.py:925} INFO - DAG(s) 'lastfm_pipeline' retrieved from /opt/airflow/dags/pipeline.py
[2026-05-25T13:28:10.195+0000] {logging_mixin.py:190} INFO - [2026-05-25T13:28:10.194+0000] {dag.py:3239} INFO - Sync 1 DAGs
[2026-05-25T13:28:10.222+0000] {logging_mixin.py:190} INFO - [2026-05-25T13:28:10.221+0000] {dag.py:4180} INFO - Setting next_dagrun for lastfm_pipeline to 2026-05-24 00:00:00+00:00, run_after=2026-05-25 00:00:00+00:00
[2026-05-25T13:28:10.238+0000] {processor.py:208} INFO - Processing /opt/airflow/dags/pipeline.py took 0.101 seconds
[2026-05-25T13:28:40.393+0000] {processor.py:186} INFO - Started process (PID=1090) to work on /opt/airflow/dags/pipeline.py
[2026-05-25T13:28:40.394+0000] {processor.py:914} INFO - Processing file /opt/airflow/dags/pipeline.py for tasks to queue
[2026-05-25T13:28:40.396+0000] {logging_mixin.py:190} INFO - [2026-05-25T13:28:40.396+0000] {dagbag.py:588} INFO - Filling up the DagBag from /opt/airflow/dags/pipeline.py
[2026-05-25T13:28:40.413+0000] {processor.py:925} INFO - DAG(s) 'lastfm_pipeline' retrieved from /opt/airflow/dags/pipeline.py
[2026-05-25T13:28:40.441+0000] {logging_mixin.py:190} INFO - [2026-05-25T13:28:40.441+0000] {dag.py:3239} INFO - Sync 1 DAGs
[2026-05-25T13:28:40.465+0000] {logging_mixin.py:190} INFO - [2026-05-25T13:28:40.465+0000] {dag.py:4180} INFO - Setting next_dagrun for lastfm_pipeline to 2026-05-24 00:00:00+00:00, run_after=2026-05-25 00:00:00+00:00
[2026-05-25T13:28:40.482+0000] {processor.py:208} INFO - Processing /opt/airflow/dags/pipeline.py took 0.095 seconds
[2026-05-25T13:29:10.556+0000] {processor.py:186} INFO - Started process (PID=1095) to work on /opt/airflow/dags/pipeline.py
[2026-05-25T13:29:10.559+0000] {processor.py:914} INFO - Processing file /opt/airflow/dags/pipeline.py for tasks to queue
[2026-05-25T13:29:10.562+0000] {logging_mixin.py:190} INFO - [2026-05-25T13:29:10.562+0000] {dagbag.py:588} INFO - Filling up the DagBag from /opt/airflow/dags/pipeline.py
[2026-05-25T13:29:10.579+0000] {processor.py:925} INFO - DAG(s) 'lastfm_pipeline' retrieved from /opt/airflow/dags/pipeline.py
[2026-05-25T13:29:10.611+0000] {logging_mixin.py:190} INFO - [2026-05-25T13:29:10.611+0000] {dag.py:3239} INFO - Sync 1 DAGs
[2026-05-25T13:29:10.639+0000] {logging_mixin.py:190} INFO - [2026-05-25T13:29:10.638+0000] {dag.py:4180} INFO - Setting next_dagrun for lastfm_pipeline to 2026-05-24 00:00:00+00:00, run_after=2026-05-25 00:00:00+00:00
[2026-05-25T13:29:10.658+0000] {processor.py:208} INFO - Processing /opt/airflow/dags/pipeline.py took 0.107 seconds
[2026-05-25T13:29:40.800+0000] {processor.py:186} INFO - Started process (PID=1100) to work on /opt/airflow/dags/pipeline.py
[2026-05-25T13:29:40.800+0000] {processor.py:914} INFO - Processing file /opt/airflow/dags/pipeline.py for tasks to queue
[2026-05-25T13:29:40.803+0000] {logging_mixin.py:190} INFO - [2026-05-25T13:29:40.802+0000] {dagbag.py:588} INFO - Filling up the DagBag from /opt/airflow/dags/pipeline.py
[2026-05-25T13:29:40.819+0000] {processor.py:925} INFO - DAG(s) 'lastfm_pipeline' retrieved from /opt/airflow/dags/pipeline.py
[2026-05-25T13:29:40.848+0000] {logging_mixin.py:190} INFO - [2026-05-25T13:29:40.848+0000] {dag.py:3239} INFO - Sync 1 DAGs
[2026-05-25T13:29:40.876+0000] {logging_mixin.py:190} INFO - [2026-05-25T13:29:40.876+0000] {dag.py:4180} INFO - Setting next_dagrun for lastfm_pipeline to 2026-05-24 00:00:00+00:00, run_after=2026-05-25 00:00:00+00:00
[2026-05-25T13:29:40.895+0000] {processor.py:208} INFO - Processing /opt/airflow/dags/pipeline.py took 0.102 seconds
[2026-05-25T13:30:10.969+0000] {processor.py:186} INFO - Started process (PID=1105) to work on /opt/airflow/dags/pipeline.py
[2026-05-25T13:30:10.971+0000] {processor.py:914} INFO - Processing file /opt/airflow/dags/pipeline.py for tasks to queue
[2026-05-25T13:30:10.973+0000] {logging_mixin.py:190} INFO - [2026-05-25T13:30:10.973+0000] {dagbag.py:588} INFO - Filling up the DagBag from /opt/airflow/dags/pipeline.py
[2026-05-25T13:30:10.990+0000] {processor.py:925} INFO - DAG(s) 'lastfm_pipeline' retrieved from /opt/airflow/dags/pipeline.py
[2026-05-25T13:30:11.020+0000] {logging_mixin.py:190} INFO - [2026-05-25T13:30:11.020+0000] {dag.py:3239} INFO - Sync 1 DAGs
[2026-05-25T13:30:11.045+0000] {logging_mixin.py:190} INFO - [2026-05-25T13:30:11.045+0000] {dag.py:4180} INFO - Setting next_dagrun for lastfm_pipeline to 2026-05-24 00:00:00+00:00, run_after=2026-05-25 00:00:00+00:00
[2026-05-25T13:30:11.062+0000] {processor.py:208} INFO - Processing /opt/airflow/dags/pipeline.py took 0.100 seconds
[2026-05-25T13:30:41.191+0000] {processor.py:186} INFO - Started process (PID=1110) to work on /opt/airflow/dags/pipeline.py
[2026-05-25T13:30:41.192+0000] {processor.py:914} INFO - Processing file /opt/airflow/dags/pipeline.py for tasks to queue
[2026-05-25T13:30:41.195+0000] {logging_mixin.py:190} INFO - [2026-05-25T13:30:41.194+0000] {dagbag.py:588} INFO - Filling up the DagBag from /opt/airflow/dags/pipeline.py
[2026-05-25T13:30:41.206+0000] {processor.py:925} INFO - DAG(s) 'lastfm_pipeline' retrieved from /opt/airflow/dags/pipeline.py
[2026-05-25T13:30:41.231+0000] {logging_mixin.py:190} INFO - [2026-05-25T13:30:41.230+0000] {dag.py:3239} INFO - Sync 1 DAGs
[2026-05-25T13:30:41.249+0000] {logging_mixin.py:190} INFO - [2026-05-25T13:30:41.249+0000] {dag.py:4180} INFO - Setting next_dagrun for lastfm_pipeline to 2026-05-24 00:00:00+00:00, run_after=2026-05-25 00:00:00+00:00
[2026-05-25T13:30:41.262+0000] {processor.py:208} INFO - Processing /opt/airflow/dags/pipeline.py took 0.076 seconds
[2026-05-25T13:31:11.369+0000] {processor.py:186} INFO - Started process (PID=1115) to work on /opt/airflow/dags/pipeline.py
[2026-05-25T13:31:11.371+0000] {processor.py:914} INFO - Processing file /opt/airflow/dags/pipeline.py for tasks to queue
[2026-05-25T13:31:11.373+0000] {logging_mixin.py:190} INFO - [2026-05-25T13:31:11.372+0000] {dagbag.py:588} INFO - Filling up the DagBag from /opt/airflow/dags/pipeline.py
[2026-05-25T13:31:11.390+0000] {processor.py:925} INFO - DAG(s) 'lastfm_pipeline' retrieved from /opt/airflow/dags/pipeline.py
[2026-05-25T13:31:11.421+0000] {logging_mixin.py:190} INFO - [2026-05-25T13:31:11.421+0000] {dag.py:3239} INFO - Sync 1 DAGs
[2026-05-25T13:31:11.448+0000] {logging_mixin.py:190} INFO - [2026-05-25T13:31:11.448+0000] {dag.py:4180} INFO - Setting next_dagrun for lastfm_pipeline to 2026-05-24 00:00:00+00:00, run_after=2026-05-25 00:00:00+00:00
[2026-05-25T13:31:11.465+0000] {processor.py:208} INFO - Processing /opt/airflow/dags/pipeline.py took 0.102 seconds
[2026-05-25T13:31:41.583+0000] {processor.py:186} INFO - Started process (PID=1120) to work on /opt/airflow/dags/pipeline.py
[2026-05-25T13:31:41.584+0000] {processor.py:914} INFO - Processing file /opt/airflow/dags/pipeline.py for tasks to queue
[2026-05-25T13:31:41.586+0000] {logging_mixin.py:190} INFO - [2026-05-25T13:31:41.585+0000] {dagbag.py:588} INFO - Filling up the DagBag from /opt/airflow/dags/pipeline.py
[2026-05-25T13:31:41.602+0000] {processor.py:925} INFO - DAG(s) 'lastfm_pipeline' retrieved from /opt/airflow/dags/pipeline.py
[2026-05-25T13:31:41.632+0000] {logging_mixin.py:190} INFO - [2026-05-25T13:31:41.632+0000] {dag.py:3239} INFO - Sync 1 DAGs
[2026-05-25T13:31:41.658+0000] {logging_mixin.py:190} INFO - [2026-05-25T13:31:41.657+0000] {dag.py:4180} INFO - Setting next_dagrun for lastfm_pipeline to 2026-05-24 00:00:00+00:00, run_after=2026-05-25 00:00:00+00:00
[2026-05-25T13:31:41.674+0000] {processor.py:208} INFO - Processing /opt/airflow/dags/pipeline.py took 0.098 seconds
[2026-05-25T13:32:11.768+0000] {processor.py:186} INFO - Started process (PID=1125) to work on /opt/airflow/dags/pipeline.py
[2026-05-25T13:32:11.771+0000] {processor.py:914} INFO - Processing file /opt/airflow/dags/pipeline.py for tasks to queue
[2026-05-25T13:32:11.773+0000] {logging_mixin.py:190} INFO - [2026-05-25T13:32:11.773+0000] {dagbag.py:588} INFO - Filling up the DagBag from /opt/airflow/dags/pipeline.py
[2026-05-25T13:32:11.786+0000] {processor.py:925} INFO - DAG(s) 'lastfm_pipeline' retrieved from /opt/airflow/dags/pipeline.py
[2026-05-25T13:32:11.808+0000] {logging_mixin.py:190} INFO - [2026-05-25T13:32:11.808+0000] {dag.py:3239} INFO - Sync 1 DAGs
[2026-05-25T13:32:11.826+0000] {logging_mixin.py:190} INFO - [2026-05-25T13:32:11.826+0000] {dag.py:4180} INFO - Setting next_dagrun for lastfm_pipeline to 2026-05-24 00:00:00+00:00, run_after=2026-05-25 00:00:00+00:00
[2026-05-25T13:32:11.840+0000] {processor.py:208} INFO - Processing /opt/airflow/dags/pipeline.py took 0.077 seconds
[2026-05-25T13:32:41.989+0000] {processor.py:186} INFO - Started process (PID=1130) to work on /opt/airflow/dags/pipeline.py
[2026-05-25T13:32:41.989+0000] {processor.py:914} INFO - Processing file /opt/airflow/dags/pipeline.py for tasks to queue
[2026-05-25T13:32:41.992+0000] {logging_mixin.py:190} INFO - [2026-05-25T13:32:41.991+0000] {dagbag.py:588} INFO - Filling up the DagBag from /opt/airflow/dags/pipeline.py
[2026-05-25T13:32:42.009+0000] {processor.py:925} INFO - DAG(s) 'lastfm_pipeline' retrieved from /opt/airflow/dags/pipeline.py
[2026-05-25T13:32:42.038+0000] {logging_mixin.py:190} INFO - [2026-05-25T13:32:42.038+0000] {dag.py:3239} INFO - Sync 1 DAGs
[2026-05-25T13:32:42.066+0000] {logging_mixin.py:190} INFO - [2026-05-25T13:32:42.065+0000] {dag.py:4180} INFO - Setting next_dagrun for lastfm_pipeline to 2026-05-24 00:00:00+00:00, run_after=2026-05-25 00:00:00+00:00
[2026-05-25T13:32:42.083+0000] {processor.py:208} INFO - Processing /opt/airflow/dags/pipeline.py took 0.100 seconds
[2026-05-25T13:33:12.151+0000] {processor.py:186} INFO - Started process (PID=1135) to work on /opt/airflow/dags/pipeline.py
[2026-05-25T13:33:12.153+0000] {processor.py:914} INFO - Processing file /opt/airflow/dags/pipeline.py for tasks to queue
[2026-05-25T13:33:12.156+0000] {logging_mixin.py:190} INFO - [2026-05-25T13:33:12.156+0000] {dagbag.py:588} INFO - Filling up the DagBag from /opt/airflow/dags/pipeline.py
[2026-05-25T13:33:12.173+0000] {processor.py:925} INFO - DAG(s) 'lastfm_pipeline' retrieved from /opt/airflow/dags/pipeline.py
[2026-05-25T13:33:12.203+0000] {logging_mixin.py:190} INFO - [2026-05-25T13:33:12.203+0000] {dag.py:3239} INFO - Sync 1 DAGs
[2026-05-25T13:33:12.231+0000] {logging_mixin.py:190} INFO - [2026-05-25T13:33:12.231+0000] {dag.py:4180} INFO - Setting next_dagrun for lastfm_pipeline to 2026-05-24 00:00:00+00:00, run_after=2026-05-25 00:00:00+00:00
[2026-05-25T13:33:12.247+0000] {processor.py:208} INFO - Processing /opt/airflow/dags/pipeline.py took 0.102 seconds
[2026-05-25T13:33:42.397+0000] {processor.py:186} INFO - Started process (PID=1140) to work on /opt/airflow/dags/pipeline.py
[2026-05-25T13:33:42.398+0000] {processor.py:914} INFO - Processing file /opt/airflow/dags/pipeline.py for tasks to queue
[2026-05-25T13:33:42.400+0000] {logging_mixin.py:190} INFO - [2026-05-25T13:33:42.400+0000] {dagbag.py:588} INFO - Filling up the DagBag from /opt/airflow/dags/pipeline.py
[2026-05-25T13:33:42.416+0000] {processor.py:925} INFO - DAG(s) 'lastfm_pipeline' retrieved from /opt/airflow/dags/pipeline.py
[2026-05-25T13:33:42.443+0000] {logging_mixin.py:190} INFO - [2026-05-25T13:33:42.443+0000] {dag.py:3239} INFO - Sync 1 DAGs
[2026-05-25T13:33:42.468+0000] {logging_mixin.py:190} INFO - [2026-05-25T13:33:42.467+0000] {dag.py:4180} INFO - Setting next_dagrun for lastfm_pipeline to 2026-05-24 00:00:00+00:00, run_after=2026-05-25 00:00:00+00:00
[2026-05-25T13:33:42.484+0000] {processor.py:208} INFO - Processing /opt/airflow/dags/pipeline.py took 0.092 seconds
[2026-05-25T13:34:12.562+0000] {processor.py:186} INFO - Started process (PID=1145) to work on /opt/airflow/dags/pipeline.py
[2026-05-25T13:34:12.565+0000] {processor.py:914} INFO - Processing file /opt/airflow/dags/pipeline.py for tasks to queue
[2026-05-25T13:34:12.567+0000] {logging_mixin.py:190} INFO - [2026-05-25T13:34:12.567+0000] {dagbag.py:588} INFO - Filling up the DagBag from /opt/airflow/dags/pipeline.py
[2026-05-25T13:34:12.584+0000] {processor.py:925} INFO - DAG(s) 'lastfm_pipeline' retrieved from /opt/airflow/dags/pipeline.py
[2026-05-25T13:34:12.615+0000] {logging_mixin.py:190} INFO - [2026-05-25T13:34:12.614+0000] {dag.py:3239} INFO - Sync 1 DAGs
[2026-05-25T13:34:12.643+0000] {logging_mixin.py:190} INFO - [2026-05-25T13:34:12.643+0000] {dag.py:4180} INFO - Setting next_dagrun for lastfm_pipeline to 2026-05-24 00:00:00+00:00, run_after=2026-05-25 00:00:00+00:00
[2026-05-25T13:34:12.660+0000] {processor.py:208} INFO - Processing /opt/airflow/dags/pipeline.py took 0.104 seconds
[2026-05-25T13:34:42.801+0000] {processor.py:186} INFO - Started process (PID=1150) to work on /opt/airflow/dags/pipeline.py
[2026-05-25T13:34:42.801+0000] {processor.py:914} INFO - Processing file /opt/airflow/dags/pipeline.py for tasks to queue
[2026-05-25T13:34:42.803+0000] {logging_mixin.py:190} INFO - [2026-05-25T13:34:42.803+0000] {dagbag.py:588} INFO - Filling up the DagBag from /opt/airflow/dags/pipeline.py
[2026-05-25T13:34:42.820+0000] {processor.py:925} INFO - DAG(s) 'lastfm_pipeline' retrieved from /opt/airflow/dags/pipeline.py
[2026-05-25T13:34:42.850+0000] {logging_mixin.py:190} INFO - [2026-05-25T13:34:42.850+0000] {dag.py:3239} INFO - Sync 1 DAGs
[2026-05-25T13:34:42.875+0000] {logging_mixin.py:190} INFO - [2026-05-25T13:34:42.874+0000] {dag.py:4180} INFO - Setting next_dagrun for lastfm_pipeline to 2026-05-24 00:00:00+00:00, run_after=2026-05-25 00:00:00+00:00
[2026-05-25T13:34:42.890+0000] {processor.py:208} INFO - Processing /opt/airflow/dags/pipeline.py took 0.095 seconds
[2026-05-25T13:35:12.953+0000] {processor.py:186} INFO - Started process (PID=1155) to work on /opt/airflow/dags/pipeline.py
[2026-05-25T13:35:12.956+0000] {processor.py:914} INFO - Processing file /opt/airflow/dags/pipeline.py for tasks to queue
[2026-05-25T13:35:12.958+0000] {logging_mixin.py:190} INFO - [2026-05-25T13:35:12.957+0000] {dagbag.py:588} INFO - Filling up the DagBag from /opt/airflow/dags/pipeline.py
[2026-05-25T13:35:12.972+0000] {processor.py:925} INFO - DAG(s) 'lastfm_pipeline' retrieved from /opt/airflow/dags/pipeline.py
[2026-05-25T13:35:12.996+0000] {logging_mixin.py:190} INFO - [2026-05-25T13:35:12.996+0000] {dag.py:3239} INFO - Sync 1 DAGs
[2026-05-25T13:35:13.017+0000] {logging_mixin.py:190} INFO - [2026-05-25T13:35:13.017+0000] {dag.py:4180} INFO - Setting next_dagrun for lastfm_pipeline to 2026-05-24 00:00:00+00:00, run_after=2026-05-25 00:00:00+00:00
[2026-05-25T13:35:13.034+0000] {processor.py:208} INFO - Processing /opt/airflow/dags/pipeline.py took 0.085 seconds
[2026-05-25T13:35:43.200+0000] {processor.py:186} INFO - Started process (PID=1160) to work on /opt/airflow/dags/pipeline.py
[2026-05-25T13:35:43.201+0000] {processor.py:914} INFO - Processing file /opt/airflow/dags/pipeline.py for tasks to queue
[2026-05-25T13:35:43.203+0000] {logging_mixin.py:190} INFO - [2026-05-25T13:35:43.202+0000] {dagbag.py:588} INFO - Filling up the DagBag from /opt/airflow/dags/pipeline.py
[2026-05-25T13:35:43.222+0000] {processor.py:925} INFO - DAG(s) 'lastfm_pipeline' retrieved from /opt/airflow/dags/pipeline.py
[2026-05-25T13:35:43.257+0000] {logging_mixin.py:190} INFO - [2026-05-25T13:35:43.256+0000] {dag.py:3239} INFO - Sync 1 DAGs
[2026-05-25T13:35:43.284+0000] {logging_mixin.py:190} INFO - [2026-05-25T13:35:43.283+0000] {dag.py:4180} INFO - Setting next_dagrun for lastfm_pipeline to 2026-05-24 00:00:00+00:00, run_after=2026-05-25 00:00:00+00:00
[2026-05-25T13:35:43.302+0000] {processor.py:208} INFO - Processing /opt/airflow/dags/pipeline.py took 0.107 seconds
[2026-05-25T13:36:13.367+0000] {processor.py:186} INFO - Started process (PID=1165) to work on /opt/airflow/dags/pipeline.py
[2026-05-25T13:36:13.367+0000] {processor.py:914} INFO - Processing file /opt/airflow/dags/pipeline.py for tasks to queue
[2026-05-25T13:36:13.369+0000] {logging_mixin.py:190} INFO - [2026-05-25T13:36:13.369+0000] {dagbag.py:588} INFO - Filling up the DagBag from /opt/airflow/dags/pipeline.py
[2026-05-25T13:36:13.385+0000] {processor.py:925} INFO - DAG(s) 'lastfm_pipeline' retrieved from /opt/airflow/dags/pipeline.py
[2026-05-25T13:36:13.419+0000] {logging_mixin.py:190} INFO - [2026-05-25T13:36:13.419+0000] {dag.py:3239} INFO - Sync 1 DAGs
[2026-05-25T13:36:13.445+0000] {logging_mixin.py:190} INFO - [2026-05-25T13:36:13.445+0000] {dag.py:4180} INFO - Setting next_dagrun for lastfm_pipeline to 2026-05-24 00:00:00+00:00, run_after=2026-05-25 00:00:00+00:00
[2026-05-25T13:36:13.460+0000] {processor.py:208} INFO - Processing /opt/airflow/dags/pipeline.py took 0.100 seconds
[2026-05-25T13:36:43.636+0000] {processor.py:186} INFO - Started process (PID=1170) to work on /opt/airflow/dags/pipeline.py
[2026-05-25T13:36:43.637+0000] {processor.py:914} INFO - Processing file /opt/airflow/dags/pipeline.py for tasks to queue
[2026-05-25T13:36:43.640+0000] {logging_mixin.py:190} INFO - [2026-05-25T13:36:43.639+0000] {dagbag.py:588} INFO - Filling up the DagBag from /opt/airflow/dags/pipeline.py
[2026-05-25T13:36:43.665+0000] {processor.py:925} INFO - DAG(s) 'lastfm_pipeline' retrieved from /opt/airflow/dags/pipeline.py
[2026-05-25T13:36:43.702+0000] {logging_mixin.py:190} INFO - [2026-05-25T13:36:43.701+0000] {dag.py:3239} INFO - Sync 1 DAGs
[2026-05-25T13:36:43.730+0000] {logging_mixin.py:190} INFO - [2026-05-25T13:36:43.730+0000] {dag.py:4180} INFO - Setting next_dagrun for lastfm_pipeline to 2026-05-24 00:00:00+00:00, run_after=2026-05-25 00:00:00+00:00
[2026-05-25T13:36:43.749+0000] {processor.py:208} INFO - Processing /opt/airflow/dags/pipeline.py took 0.124 seconds
[2026-05-25T13:37:13.788+0000] {processor.py:186} INFO - Started process (PID=1175) to work on /opt/airflow/dags/pipeline.py
[2026-05-25T13:37:13.791+0000] {processor.py:914} INFO - Processing file /opt/airflow/dags/pipeline.py for tasks to queue
[2026-05-25T13:37:13.794+0000] {logging_mixin.py:190} INFO - [2026-05-25T13:37:13.794+0000] {dagbag.py:588} INFO - Filling up the DagBag from /opt/airflow/dags/pipeline.py
[2026-05-25T13:37:13.811+0000] {processor.py:925} INFO - DAG(s) 'lastfm_pipeline' retrieved from /opt/airflow/dags/pipeline.py
[2026-05-25T13:37:13.839+0000] {logging_mixin.py:190} INFO - [2026-05-25T13:37:13.839+0000] {dag.py:3239} INFO - Sync 1 DAGs
[2026-05-25T13:37:13.866+0000] {logging_mixin.py:190} INFO - [2026-05-25T13:37:13.866+0000] {dag.py:4180} INFO - Setting next_dagrun for lastfm_pipeline to 2026-05-24 00:00:00+00:00, run_after=2026-05-25 00:00:00+00:00
[2026-05-25T13:37:13.884+0000] {processor.py:208} INFO - Processing /opt/airflow/dags/pipeline.py took 0.102 seconds
[2026-05-25T13:37:44.049+0000] {processor.py:186} INFO - Started process (PID=1180) to work on /opt/airflow/dags/pipeline.py
[2026-05-25T13:37:44.050+0000] {processor.py:914} INFO - Processing file /opt/airflow/dags/pipeline.py for tasks to queue
[2026-05-25T13:37:44.052+0000] {logging_mixin.py:190} INFO - [2026-05-25T13:37:44.052+0000] {dagbag.py:588} INFO - Filling up the DagBag from /opt/airflow/dags/pipeline.py
[2026-05-25T13:37:44.069+0000] {processor.py:925} INFO - DAG(s) 'lastfm_pipeline' retrieved from /opt/airflow/dags/pipeline.py
[2026-05-25T13:37:44.101+0000] {logging_mixin.py:190} INFO - [2026-05-25T13:37:44.101+0000] {dag.py:3239} INFO - Sync 1 DAGs
[2026-05-25T13:37:44.128+0000] {logging_mixin.py:190} INFO - [2026-05-25T13:37:44.128+0000] {dag.py:4180} INFO - Setting next_dagrun for lastfm_pipeline to 2026-05-24 00:00:00+00:00, run_after=2026-05-25 00:00:00+00:00
[2026-05-25T13:37:44.148+0000] {processor.py:208} INFO - Processing /opt/airflow/dags/pipeline.py took 0.105 seconds
[2026-05-25T13:38:14.217+0000] {processor.py:186} INFO - Started process (PID=1185) to work on /opt/airflow/dags/pipeline.py
[2026-05-25T13:38:14.219+0000] {processor.py:914} INFO - Processing file /opt/airflow/dags/pipeline.py for tasks to queue
[2026-05-25T13:38:14.222+0000] {logging_mixin.py:190} INFO - [2026-05-25T13:38:14.221+0000] {dagbag.py:588} INFO - Filling up the DagBag from /opt/airflow/dags/pipeline.py
[2026-05-25T13:38:14.237+0000] {processor.py:925} INFO - DAG(s) 'lastfm_pipeline' retrieved from /opt/airflow/dags/pipeline.py
[2026-05-25T13:38:14.267+0000] {logging_mixin.py:190} INFO - [2026-05-25T13:38:14.267+0000] {dag.py:3239} INFO - Sync 1 DAGs
[2026-05-25T13:38:14.295+0000] {logging_mixin.py:190} INFO - [2026-05-25T13:38:14.295+0000] {dag.py:4180} INFO - Setting next_dagrun for lastfm_pipeline to 2026-05-24 00:00:00+00:00, run_after=2026-05-25 00:00:00+00:00
[2026-05-25T13:38:14.311+0000] {processor.py:208} INFO - Processing /opt/airflow/dags/pipeline.py took 0.101 seconds
[2026-05-25T13:38:44.452+0000] {processor.py:186} INFO - Started process (PID=1190) to work on /opt/airflow/dags/pipeline.py
[2026-05-25T13:38:44.453+0000] {processor.py:914} INFO - Processing file /opt/airflow/dags/pipeline.py for tasks to queue
[2026-05-25T13:38:44.454+0000] {logging_mixin.py:190} INFO - [2026-05-25T13:38:44.454+0000] {dagbag.py:588} INFO - Filling up the DagBag from /opt/airflow/dags/pipeline.py
[2026-05-25T13:38:44.471+0000] {processor.py:925} INFO - DAG(s) 'lastfm_pipeline' retrieved from /opt/airflow/dags/pipeline.py
[2026-05-25T13:38:44.501+0000] {logging_mixin.py:190} INFO - [2026-05-25T13:38:44.500+0000] {dag.py:3239} INFO - Sync 1 DAGs
[2026-05-25T13:38:44.525+0000] {logging_mixin.py:190} INFO - [2026-05-25T13:38:44.525+0000] {dag.py:4180} INFO - Setting next_dagrun for lastfm_pipeline to 2026-05-24 00:00:00+00:00, run_after=2026-05-25 00:00:00+00:00
[2026-05-25T13:38:44.542+0000] {processor.py:208} INFO - Processing /opt/airflow/dags/pipeline.py took 0.096 seconds
[2026-05-25T13:39:14.616+0000] {processor.py:186} INFO - Started process (PID=1195) to work on /opt/airflow/dags/pipeline.py
[2026-05-25T13:39:14.618+0000] {processor.py:914} INFO - Processing file /opt/airflow/dags/pipeline.py for tasks to queue
[2026-05-25T13:39:14.620+0000] {logging_mixin.py:190} INFO - [2026-05-25T13:39:14.620+0000] {dagbag.py:588} INFO - Filling up the DagBag from /opt/airflow/dags/pipeline.py
[2026-05-25T13:39:14.637+0000] {processor.py:925} INFO - DAG(s) 'lastfm_pipeline' retrieved from /opt/airflow/dags/pipeline.py
[2026-05-25T13:39:14.667+0000] {logging_mixin.py:190} INFO - [2026-05-25T13:39:14.666+0000] {dag.py:3239} INFO - Sync 1 DAGs
[2026-05-25T13:39:14.692+0000] {logging_mixin.py:190} INFO - [2026-05-25T13:39:14.691+0000] {dag.py:4180} INFO - Setting next_dagrun for lastfm_pipeline to 2026-05-24 00:00:00+00:00, run_after=2026-05-25 00:00:00+00:00
[2026-05-25T13:39:14.707+0000] {processor.py:208} INFO - Processing /opt/airflow/dags/pipeline.py took 0.098 seconds
[2026-05-25T13:39:44.854+0000] {processor.py:186} INFO - Started process (PID=1200) to work on /opt/airflow/dags/pipeline.py
[2026-05-25T13:39:44.855+0000] {processor.py:914} INFO - Processing file /opt/airflow/dags/pipeline.py for tasks to queue
[2026-05-25T13:39:44.857+0000] {logging_mixin.py:190} INFO - [2026-05-25T13:39:44.857+0000] {dagbag.py:588} INFO - Filling up the DagBag from /opt/airflow/dags/pipeline.py
[2026-05-25T13:39:44.873+0000] {processor.py:925} INFO - DAG(s) 'lastfm_pipeline' retrieved from /opt/airflow/dags/pipeline.py
[2026-05-25T13:39:44.904+0000] {logging_mixin.py:190} INFO - [2026-05-25T13:39:44.903+0000] {dag.py:3239} INFO - Sync 1 DAGs
[2026-05-25T13:39:44.926+0000] {logging_mixin.py:190} INFO - [2026-05-25T13:39:44.926+0000] {dag.py:4180} INFO - Setting next_dagrun for lastfm_pipeline to 2026-05-24 00:00:00+00:00, run_after=2026-05-25 00:00:00+00:00
[2026-05-25T13:39:44.941+0000] {processor.py:208} INFO - Processing /opt/airflow/dags/pipeline.py took 0.094 seconds
[2026-05-25T13:40:15.038+0000] {processor.py:186} INFO - Started process (PID=1205) to work on /opt/airflow/dags/pipeline.py
[2026-05-25T13:40:15.040+0000] {processor.py:914} INFO - Processing file /opt/airflow/dags/pipeline.py for tasks to queue
[2026-05-25T13:40:15.043+0000] {logging_mixin.py:190} INFO - [2026-05-25T13:40:15.043+0000] {dagbag.py:588} INFO - Filling up the DagBag from /opt/airflow/dags/pipeline.py
[2026-05-25T13:40:15.060+0000] {processor.py:925} INFO - DAG(s) 'lastfm_pipeline' retrieved from /opt/airflow/dags/pipeline.py
[2026-05-25T13:40:15.091+0000] {logging_mixin.py:190} INFO - [2026-05-25T13:40:15.090+0000] {dag.py:3239} INFO - Sync 1 DAGs
[2026-05-25T13:40:15.116+0000] {logging_mixin.py:190} INFO - [2026-05-25T13:40:15.115+0000] {dag.py:4180} INFO - Setting next_dagrun for lastfm_pipeline to 2026-05-24 00:00:00+00:00, run_after=2026-05-25 00:00:00+00:00
[2026-05-25T13:40:15.133+0000] {processor.py:208} INFO - Processing /opt/airflow/dags/pipeline.py took 0.103 seconds
[2026-05-25T13:40:45.261+0000] {processor.py:186} INFO - Started process (PID=1210) to work on /opt/airflow/dags/pipeline.py
[2026-05-25T13:40:45.262+0000] {processor.py:914} INFO - Processing file /opt/airflow/dags/pipeline.py for tasks to queue
[2026-05-25T13:40:45.264+0000] {logging_mixin.py:190} INFO - [2026-05-25T13:40:45.263+0000] {dagbag.py:588} INFO - Filling up the DagBag from /opt/airflow/dags/pipeline.py
[2026-05-25T13:40:45.281+0000] {processor.py:925} INFO - DAG(s) 'lastfm_pipeline' retrieved from /opt/airflow/dags/pipeline.py
[2026-05-25T13:40:45.307+0000] {logging_mixin.py:190} INFO - [2026-05-25T13:40:45.307+0000] {dag.py:3239} INFO - Sync 1 DAGs
[2026-05-25T13:40:45.331+0000] {logging_mixin.py:190} INFO - [2026-05-25T13:40:45.331+0000] {dag.py:4180} INFO - Setting next_dagrun for lastfm_pipeline to 2026-05-24 00:00:00+00:00, run_after=2026-05-25 00:00:00+00:00
[2026-05-25T13:40:45.348+0000] {processor.py:208} INFO - Processing /opt/airflow/dags/pipeline.py took 0.093 seconds
[2026-05-25T13:41:15.435+0000] {processor.py:186} INFO - Started process (PID=1215) to work on /opt/airflow/dags/pipeline.py
[2026-05-25T13:41:15.436+0000] {processor.py:914} INFO - Processing file /opt/airflow/dags/pipeline.py for tasks to queue
[2026-05-25T13:41:15.440+0000] {logging_mixin.py:190} INFO - [2026-05-25T13:41:15.439+0000] {dagbag.py:588} INFO - Filling up the DagBag from /opt/airflow/dags/pipeline.py
[2026-05-25T13:41:15.461+0000] {processor.py:925} INFO - DAG(s) 'lastfm_pipeline' retrieved from /opt/airflow/dags/pipeline.py
[2026-05-25T13:41:15.498+0000] {logging_mixin.py:190} INFO - [2026-05-25T13:41:15.497+0000] {dag.py:3239} INFO - Sync 1 DAGs
[2026-05-25T13:41:15.527+0000] {logging_mixin.py:190} INFO - [2026-05-25T13:41:15.527+0000] {dag.py:4180} INFO - Setting next_dagrun for lastfm_pipeline to 2026-05-24 00:00:00+00:00, run_after=2026-05-25 00:00:00+00:00
[2026-05-25T13:41:15.546+0000] {processor.py:208} INFO - Processing /opt/airflow/dags/pipeline.py took 0.118 seconds
[2026-05-25T13:41:45.671+0000] {processor.py:186} INFO - Started process (PID=1220) to work on /opt/airflow/dags/pipeline.py
[2026-05-25T13:41:45.671+0000] {processor.py:914} INFO - Processing file /opt/airflow/dags/pipeline.py for tasks to queue
[2026-05-25T13:41:45.674+0000] {logging_mixin.py:190} INFO - [2026-05-25T13:41:45.674+0000] {dagbag.py:588} INFO - Filling up the DagBag from /opt/airflow/dags/pipeline.py
[2026-05-25T13:41:45.691+0000] {processor.py:925} INFO - DAG(s) 'lastfm_pipeline' retrieved from /opt/airflow/dags/pipeline.py
[2026-05-25T13:41:45.721+0000] {logging_mixin.py:190} INFO - [2026-05-25T13:41:45.720+0000] {dag.py:3239} INFO - Sync 1 DAGs
[2026-05-25T13:41:45.758+0000] {logging_mixin.py:190} INFO - [2026-05-25T13:41:45.757+0000] {dag.py:4180} INFO - Setting next_dagrun for lastfm_pipeline to 2026-05-24 00:00:00+00:00, run_after=2026-05-25 00:00:00+00:00
[2026-05-25T13:41:45.777+0000] {processor.py:208} INFO - Processing /opt/airflow/dags/pipeline.py took 0.113 seconds
[2026-05-25T13:42:15.864+0000] {processor.py:186} INFO - Started process (PID=1225) to work on /opt/airflow/dags/pipeline.py
[2026-05-25T13:42:15.865+0000] {processor.py:914} INFO - Processing file /opt/airflow/dags/pipeline.py for tasks to queue
[2026-05-25T13:42:15.867+0000] {logging_mixin.py:190} INFO - [2026-05-25T13:42:15.867+0000] {dagbag.py:588} INFO - Filling up the DagBag from /opt/airflow/dags/pipeline.py
[2026-05-25T13:42:15.884+0000] {processor.py:925} INFO - DAG(s) 'lastfm_pipeline' retrieved from /opt/airflow/dags/pipeline.py
[2026-05-25T13:42:15.914+0000] {logging_mixin.py:190} INFO - [2026-05-25T13:42:15.914+0000] {dag.py:3239} INFO - Sync 1 DAGs
[2026-05-25T13:42:15.940+0000] {logging_mixin.py:190} INFO - [2026-05-25T13:42:15.939+0000] {dag.py:4180} INFO - Setting next_dagrun for lastfm_pipeline to 2026-05-24 00:00:00+00:00, run_after=2026-05-25 00:00:00+00:00
[2026-05-25T13:42:15.956+0000] {processor.py:208} INFO - Processing /opt/airflow/dags/pipeline.py took 0.099 seconds
[2026-05-25T13:42:46.099+0000] {processor.py:186} INFO - Started process (PID=1230) to work on /opt/airflow/dags/pipeline.py
[2026-05-25T13:42:46.099+0000] {processor.py:914} INFO - Processing file /opt/airflow/dags/pipeline.py for tasks to queue
[2026-05-25T13:42:46.101+0000] {logging_mixin.py:190} INFO - [2026-05-25T13:42:46.101+0000] {dagbag.py:588} INFO - Filling up the DagBag from /opt/airflow/dags/pipeline.py
[2026-05-25T13:42:46.119+0000] {processor.py:925} INFO - DAG(s) 'lastfm_pipeline' retrieved from /opt/airflow/dags/pipeline.py
[2026-05-25T13:42:46.148+0000] {logging_mixin.py:190} INFO - [2026-05-25T13:42:46.148+0000] {dag.py:3239} INFO - Sync 1 DAGs
[2026-05-25T13:42:46.174+0000] {logging_mixin.py:190} INFO - [2026-05-25T13:42:46.174+0000] {dag.py:4180} INFO - Setting next_dagrun for lastfm_pipeline to 2026-05-24 00:00:00+00:00, run_after=2026-05-25 00:00:00+00:00
[2026-05-25T13:42:46.191+0000] {processor.py:208} INFO - Processing /opt/airflow/dags/pipeline.py took 0.099 seconds
[2026-05-25T13:43:16.272+0000] {processor.py:186} INFO - Started process (PID=1235) to work on /opt/airflow/dags/pipeline.py
[2026-05-25T13:43:16.274+0000] {processor.py:914} INFO - Processing file /opt/airflow/dags/pipeline.py for tasks to queue
[2026-05-25T13:43:16.277+0000] {logging_mixin.py:190} INFO - [2026-05-25T13:43:16.277+0000] {dagbag.py:588} INFO - Filling up the DagBag from /opt/airflow/dags/pipeline.py
[2026-05-25T13:43:16.293+0000] {processor.py:925} INFO - DAG(s) 'lastfm_pipeline' retrieved from /opt/airflow/dags/pipeline.py
[2026-05-25T13:43:16.323+0000] {logging_mixin.py:190} INFO - [2026-05-25T13:43:16.323+0000] {dag.py:3239} INFO - Sync 1 DAGs
[2026-05-25T13:43:16.349+0000] {logging_mixin.py:190} INFO - [2026-05-25T13:43:16.349+0000] {dag.py:4180} INFO - Setting next_dagrun for lastfm_pipeline to 2026-05-24 00:00:00+00:00, run_after=2026-05-25 00:00:00+00:00
[2026-05-25T13:43:16.365+0000] {processor.py:208} INFO - Processing /opt/airflow/dags/pipeline.py took 0.100 seconds
[2026-05-25T13:43:46.518+0000] {processor.py:186} INFO - Started process (PID=1240) to work on /opt/airflow/dags/pipeline.py
[2026-05-25T13:43:46.518+0000] {processor.py:914} INFO - Processing file /opt/airflow/dags/pipeline.py for tasks to queue
[2026-05-25T13:43:46.520+0000] {logging_mixin.py:190} INFO - [2026-05-25T13:43:46.520+0000] {dagbag.py:588} INFO - Filling up the DagBag from /opt/airflow/dags/pipeline.py
[2026-05-25T13:43:46.536+0000] {processor.py:925} INFO - DAG(s) 'lastfm_pipeline' retrieved from /opt/airflow/dags/pipeline.py
[2026-05-25T13:43:46.565+0000] {logging_mixin.py:190} INFO - [2026-05-25T13:43:46.564+0000] {dag.py:3239} INFO - Sync 1 DAGs
[2026-05-25T13:43:46.589+0000] {logging_mixin.py:190} INFO - [2026-05-25T13:43:46.588+0000] {dag.py:4180} INFO - Setting next_dagrun for lastfm_pipeline to 2026-05-24 00:00:00+00:00, run_after=2026-05-25 00:00:00+00:00
[2026-05-25T13:43:46.606+0000] {processor.py:208} INFO - Processing /opt/airflow/dags/pipeline.py took 0.094 seconds
[2026-05-25T13:44:16.680+0000] {processor.py:186} INFO - Started process (PID=1245) to work on /opt/airflow/dags/pipeline.py
[2026-05-25T13:44:16.682+0000] {processor.py:914} INFO - Processing file /opt/airflow/dags/pipeline.py for tasks to queue
[2026-05-25T13:44:16.685+0000] {logging_mixin.py:190} INFO - [2026-05-25T13:44:16.684+0000] {dagbag.py:588} INFO - Filling up the DagBag from /opt/airflow/dags/pipeline.py
[2026-05-25T13:44:16.701+0000] {processor.py:925} INFO - DAG(s) 'lastfm_pipeline' retrieved from /opt/airflow/dags/pipeline.py
[2026-05-25T13:44:16.731+0000] {logging_mixin.py:190} INFO - [2026-05-25T13:44:16.731+0000] {dag.py:3239} INFO - Sync 1 DAGs
[2026-05-25T13:44:16.756+0000] {logging_mixin.py:190} INFO - [2026-05-25T13:44:16.756+0000] {dag.py:4180} INFO - Setting next_dagrun for lastfm_pipeline to 2026-05-24 00:00:00+00:00, run_after=2026-05-25 00:00:00+00:00
[2026-05-25T13:44:16.773+0000] {processor.py:208} INFO - Processing /opt/airflow/dags/pipeline.py took 0.099 seconds
[2026-05-25T13:44:46.929+0000] {processor.py:186} INFO - Started process (PID=1250) to work on /opt/airflow/dags/pipeline.py
[2026-05-25T13:44:46.930+0000] {processor.py:914} INFO - Processing file /opt/airflow/dags/pipeline.py for tasks to queue
[2026-05-25T13:44:46.932+0000] {logging_mixin.py:190} INFO - [2026-05-25T13:44:46.932+0000] {dagbag.py:588} INFO - Filling up the DagBag from /opt/airflow/dags/pipeline.py
[2026-05-25T13:44:46.948+0000] {processor.py:925} INFO - DAG(s) 'lastfm_pipeline' retrieved from /opt/airflow/dags/pipeline.py
[2026-05-25T13:44:46.980+0000] {logging_mixin.py:190} INFO - [2026-05-25T13:44:46.980+0000] {dag.py:3239} INFO - Sync 1 DAGs
[2026-05-25T13:44:47.006+0000] {logging_mixin.py:190} INFO - [2026-05-25T13:44:47.005+0000] {dag.py:4180} INFO - Setting next_dagrun for lastfm_pipeline to 2026-05-24 00:00:00+00:00, run_after=2026-05-25 00:00:00+00:00
[2026-05-25T13:44:47.021+0000] {processor.py:208} INFO - Processing /opt/airflow/dags/pipeline.py took 0.098 seconds
[2026-05-25T13:45:17.102+0000] {processor.py:186} INFO - Started process (PID=1255) to work on /opt/airflow/dags/pipeline.py
[2026-05-25T13:45:17.105+0000] {processor.py:914} INFO - Processing file /opt/airflow/dags/pipeline.py for tasks to queue
[2026-05-25T13:45:17.108+0000] {logging_mixin.py:190} INFO - [2026-05-25T13:45:17.107+0000] {dagbag.py:588} INFO - Filling up the DagBag from /opt/airflow/dags/pipeline.py
[2026-05-25T13:45:17.126+0000] {processor.py:925} INFO - DAG(s) 'lastfm_pipeline' retrieved from /opt/airflow/dags/pipeline.py
[2026-05-25T13:45:17.156+0000] {logging_mixin.py:190} INFO - [2026-05-25T13:45:17.156+0000] {dag.py:3239} INFO - Sync 1 DAGs
[2026-05-25T13:45:17.183+0000] {logging_mixin.py:190} INFO - [2026-05-25T13:45:17.183+0000] {dag.py:4180} INFO - Setting next_dagrun for lastfm_pipeline to 2026-05-24 00:00:00+00:00, run_after=2026-05-25 00:00:00+00:00
[2026-05-25T13:45:17.200+0000] {processor.py:208} INFO - Processing /opt/airflow/dags/pipeline.py took 0.104 seconds
[2026-05-25T13:45:47.340+0000] {processor.py:186} INFO - Started process (PID=1260) to work on /opt/airflow/dags/pipeline.py
[2026-05-25T13:45:47.341+0000] {processor.py:914} INFO - Processing file /opt/airflow/dags/pipeline.py for tasks to queue
[2026-05-25T13:45:47.343+0000] {logging_mixin.py:190} INFO - [2026-05-25T13:45:47.343+0000] {dagbag.py:588} INFO - Filling up the DagBag from /opt/airflow/dags/pipeline.py
[2026-05-25T13:45:47.356+0000] {processor.py:925} INFO - DAG(s) 'lastfm_pipeline' retrieved from /opt/airflow/dags/pipeline.py
[2026-05-25T13:45:47.388+0000] {logging_mixin.py:190} INFO - [2026-05-25T13:45:47.388+0000] {dag.py:3239} INFO - Sync 1 DAGs
[2026-05-25T13:45:47.410+0000] {logging_mixin.py:190} INFO - [2026-05-25T13:45:47.410+0000] {dag.py:4180} INFO - Setting next_dagrun for lastfm_pipeline to 2026-05-24 00:00:00+00:00, run_after=2026-05-25 00:00:00+00:00
[2026-05-25T13:45:47.424+0000] {processor.py:208} INFO - Processing /opt/airflow/dags/pipeline.py took 0.089 seconds
[2026-05-25T13:46:17.509+0000] {processor.py:186} INFO - Started process (PID=1265) to work on /opt/airflow/dags/pipeline.py
[2026-05-25T13:46:17.512+0000] {processor.py:914} INFO - Processing file /opt/airflow/dags/pipeline.py for tasks to queue
[2026-05-25T13:46:17.515+0000] {logging_mixin.py:190} INFO - [2026-05-25T13:46:17.515+0000] {dagbag.py:588} INFO - Filling up the DagBag from /opt/airflow/dags/pipeline.py
[2026-05-25T13:46:17.532+0000] {processor.py:925} INFO - DAG(s) 'lastfm_pipeline' retrieved from /opt/airflow/dags/pipeline.py
[2026-05-25T13:46:17.562+0000] {logging_mixin.py:190} INFO - [2026-05-25T13:46:17.562+0000] {dag.py:3239} INFO - Sync 1 DAGs
[2026-05-25T13:46:17.588+0000] {logging_mixin.py:190} INFO - [2026-05-25T13:46:17.588+0000] {dag.py:4180} INFO - Setting next_dagrun for lastfm_pipeline to 2026-05-24 00:00:00+00:00, run_after=2026-05-25 00:00:00+00:00
[2026-05-25T13:46:17.605+0000] {processor.py:208} INFO - Processing /opt/airflow/dags/pipeline.py took 0.102 seconds
[2026-05-25T13:46:47.747+0000] {processor.py:186} INFO - Started process (PID=1270) to work on /opt/airflow/dags/pipeline.py
[2026-05-25T13:46:47.747+0000] {processor.py:914} INFO - Processing file /opt/airflow/dags/pipeline.py for tasks to queue
[2026-05-25T13:46:47.750+0000] {logging_mixin.py:190} INFO - [2026-05-25T13:46:47.750+0000] {dagbag.py:588} INFO - Filling up the DagBag from /opt/airflow/dags/pipeline.py
[2026-05-25T13:46:47.766+0000] {processor.py:925} INFO - DAG(s) 'lastfm_pipeline' retrieved from /opt/airflow/dags/pipeline.py
[2026-05-25T13:46:47.798+0000] {logging_mixin.py:190} INFO - [2026-05-25T13:46:47.797+0000] {dag.py:3239} INFO - Sync 1 DAGs
[2026-05-25T13:46:47.825+0000] {logging_mixin.py:190} INFO - [2026-05-25T13:46:47.824+0000] {dag.py:4180} INFO - Setting next_dagrun for lastfm_pipeline to 2026-05-24 00:00:00+00:00, run_after=2026-05-25 00:00:00+00:00
[2026-05-25T13:46:47.841+0000] {processor.py:208} INFO - Processing /opt/airflow/dags/pipeline.py took 0.102 seconds
[2026-05-25T13:47:17.910+0000] {processor.py:186} INFO - Started process (PID=1275) to work on /opt/airflow/dags/pipeline.py
[2026-05-25T13:47:17.911+0000] {processor.py:914} INFO - Processing file /opt/airflow/dags/pipeline.py for tasks to queue
[2026-05-25T13:47:17.914+0000] {logging_mixin.py:190} INFO - [2026-05-25T13:47:17.913+0000] {dagbag.py:588} INFO - Filling up the DagBag from /opt/airflow/dags/pipeline.py
[2026-05-25T13:47:17.931+0000] {processor.py:925} INFO - DAG(s) 'lastfm_pipeline' retrieved from /opt/airflow/dags/pipeline.py
[2026-05-25T13:47:17.963+0000] {logging_mixin.py:190} INFO - [2026-05-25T13:47:17.962+0000] {dag.py:3239} INFO - Sync 1 DAGs
[2026-05-25T13:47:17.988+0000] {logging_mixin.py:190} INFO - [2026-05-25T13:47:17.988+0000] {dag.py:4180} INFO - Setting next_dagrun for lastfm_pipeline to 2026-05-24 00:00:00+00:00, run_after=2026-05-25 00:00:00+00:00
[2026-05-25T13:47:18.006+0000] {processor.py:208} INFO - Processing /opt/airflow/dags/pipeline.py took 0.103 seconds
[2026-05-25T13:47:48.152+0000] {processor.py:186} INFO - Started process (PID=1280) to work on /opt/airflow/dags/pipeline.py
[2026-05-25T13:47:48.153+0000] {processor.py:914} INFO - Processing file /opt/airflow/dags/pipeline.py for tasks to queue
[2026-05-25T13:47:48.154+0000] {logging_mixin.py:190} INFO - [2026-05-25T13:47:48.154+0000] {dagbag.py:588} INFO - Filling up the DagBag from /opt/airflow/dags/pipeline.py
[2026-05-25T13:47:48.169+0000] {processor.py:925} INFO - DAG(s) 'lastfm_pipeline' retrieved from /opt/airflow/dags/pipeline.py
[2026-05-25T13:47:48.191+0000] {logging_mixin.py:190} INFO - [2026-05-25T13:47:48.191+0000] {dag.py:3239} INFO - Sync 1 DAGs
[2026-05-25T13:47:48.212+0000] {logging_mixin.py:190} INFO - [2026-05-25T13:47:48.212+0000] {dag.py:4180} INFO - Setting next_dagrun for lastfm_pipeline to 2026-05-24 00:00:00+00:00, run_after=2026-05-25 00:00:00+00:00
[2026-05-25T13:47:48.225+0000] {processor.py:208} INFO - Processing /opt/airflow/dags/pipeline.py took 0.077 seconds
[2026-05-25T13:48:18.322+0000] {processor.py:186} INFO - Started process (PID=1285) to work on /opt/airflow/dags/pipeline.py
[2026-05-25T13:48:18.324+0000] {processor.py:914} INFO - Processing file /opt/airflow/dags/pipeline.py for tasks to queue
[2026-05-25T13:48:18.327+0000] {logging_mixin.py:190} INFO - [2026-05-25T13:48:18.327+0000] {dagbag.py:588} INFO - Filling up the DagBag from /opt/airflow/dags/pipeline.py
[2026-05-25T13:48:18.345+0000] {processor.py:925} INFO - DAG(s) 'lastfm_pipeline' retrieved from /opt/airflow/dags/pipeline.py
[2026-05-25T13:48:18.376+0000] {logging_mixin.py:190} INFO - [2026-05-25T13:48:18.375+0000] {dag.py:3239} INFO - Sync 1 DAGs
[2026-05-25T13:48:18.401+0000] {logging_mixin.py:190} INFO - [2026-05-25T13:48:18.401+0000] {dag.py:4180} INFO - Setting next_dagrun for lastfm_pipeline to 2026-05-24 00:00:00+00:00, run_after=2026-05-25 00:00:00+00:00
[2026-05-25T13:48:18.418+0000] {processor.py:208} INFO - Processing /opt/airflow/dags/pipeline.py took 0.102 seconds
[2026-05-25T13:48:48.530+0000] {processor.py:186} INFO - Started process (PID=1290) to work on /opt/airflow/dags/pipeline.py
[2026-05-25T13:48:48.530+0000] {processor.py:914} INFO - Processing file /opt/airflow/dags/pipeline.py for tasks to queue
[2026-05-25T13:48:48.532+0000] {logging_mixin.py:190} INFO - [2026-05-25T13:48:48.532+0000] {dagbag.py:588} INFO - Filling up the DagBag from /opt/airflow/dags/pipeline.py
[2026-05-25T13:48:48.550+0000] {processor.py:925} INFO - DAG(s) 'lastfm_pipeline' retrieved from /opt/airflow/dags/pipeline.py
[2026-05-25T13:48:48.580+0000] {logging_mixin.py:190} INFO - [2026-05-25T13:48:48.579+0000] {dag.py:3239} INFO - Sync 1 DAGs
[2026-05-25T13:48:48.606+0000] {logging_mixin.py:190} INFO - [2026-05-25T13:48:48.606+0000] {dag.py:4180} INFO - Setting next_dagrun for lastfm_pipeline to 2026-05-24 00:00:00+00:00, run_after=2026-05-25 00:00:00+00:00
[2026-05-25T13:48:48.623+0000] {processor.py:208} INFO - Processing /opt/airflow/dags/pipeline.py took 0.100 seconds
[2026-05-25T13:49:18.728+0000] {processor.py:186} INFO - Started process (PID=1295) to work on /opt/airflow/dags/pipeline.py
[2026-05-25T13:49:18.729+0000] {processor.py:914} INFO - Processing file /opt/airflow/dags/pipeline.py for tasks to queue
[2026-05-25T13:49:18.731+0000] {logging_mixin.py:190} INFO - [2026-05-25T13:49:18.731+0000] {dagbag.py:588} INFO - Filling up the DagBag from /opt/airflow/dags/pipeline.py
[2026-05-25T13:49:18.749+0000] {processor.py:925} INFO - DAG(s) 'lastfm_pipeline' retrieved from /opt/airflow/dags/pipeline.py
[2026-05-25T13:49:18.779+0000] {logging_mixin.py:190} INFO - [2026-05-25T13:49:18.778+0000] {dag.py:3239} INFO - Sync 1 DAGs
[2026-05-25T13:49:18.804+0000] {logging_mixin.py:190} INFO - [2026-05-25T13:49:18.804+0000] {dag.py:4180} INFO - Setting next_dagrun for lastfm_pipeline to 2026-05-24 00:00:00+00:00, run_after=2026-05-25 00:00:00+00:00
[2026-05-25T13:49:18.822+0000] {processor.py:208} INFO - Processing /opt/airflow/dags/pipeline.py took 0.099 seconds
[2026-05-25T13:49:48.921+0000] {processor.py:186} INFO - Started process (PID=1300) to work on /opt/airflow/dags/pipeline.py
[2026-05-25T13:49:48.921+0000] {processor.py:914} INFO - Processing file /opt/airflow/dags/pipeline.py for tasks to queue
[2026-05-25T13:49:48.923+0000] {logging_mixin.py:190} INFO - [2026-05-25T13:49:48.923+0000] {dagbag.py:588} INFO - Filling up the DagBag from /opt/airflow/dags/pipeline.py
[2026-05-25T13:49:48.940+0000] {processor.py:925} INFO - DAG(s) 'lastfm_pipeline' retrieved from /opt/airflow/dags/pipeline.py
[2026-05-25T13:49:48.971+0000] {logging_mixin.py:190} INFO - [2026-05-25T13:49:48.970+0000] {dag.py:3239} INFO - Sync 1 DAGs
[2026-05-25T13:49:48.997+0000] {logging_mixin.py:190} INFO - [2026-05-25T13:49:48.997+0000] {dag.py:4180} INFO - Setting next_dagrun for lastfm_pipeline to 2026-05-24 00:00:00+00:00, run_after=2026-05-25 00:00:00+00:00
[2026-05-25T13:49:49.012+0000] {processor.py:208} INFO - Processing /opt/airflow/dags/pipeline.py took 0.098 seconds
[2026-05-25T13:50:19.131+0000] {processor.py:186} INFO - Started process (PID=1305) to work on /opt/airflow/dags/pipeline.py
[2026-05-25T13:50:19.134+0000] {processor.py:914} INFO - Processing file /opt/airflow/dags/pipeline.py for tasks to queue
[2026-05-25T13:50:19.137+0000] {logging_mixin.py:190} INFO - [2026-05-25T13:50:19.137+0000] {dagbag.py:588} INFO - Filling up the DagBag from /opt/airflow/dags/pipeline.py
[2026-05-25T13:50:19.153+0000] {processor.py:925} INFO - DAG(s) 'lastfm_pipeline' retrieved from /opt/airflow/dags/pipeline.py
[2026-05-25T13:50:19.182+0000] {logging_mixin.py:190} INFO - [2026-05-25T13:50:19.181+0000] {dag.py:3239} INFO - Sync 1 DAGs
[2026-05-25T13:50:19.209+0000] {logging_mixin.py:190} INFO - [2026-05-25T13:50:19.209+0000] {dag.py:4180} INFO - Setting next_dagrun for lastfm_pipeline to 2026-05-24 00:00:00+00:00, run_after=2026-05-25 00:00:00+00:00
[2026-05-25T13:50:19.227+0000] {processor.py:208} INFO - Processing /opt/airflow/dags/pipeline.py took 0.102 seconds
[2026-05-25T13:50:49.336+0000] {processor.py:186} INFO - Started process (PID=1310) to work on /opt/airflow/dags/pipeline.py
[2026-05-25T13:50:49.337+0000] {processor.py:914} INFO - Processing file /opt/airflow/dags/pipeline.py for tasks to queue
[2026-05-25T13:50:49.340+0000] {logging_mixin.py:190} INFO - [2026-05-25T13:50:49.339+0000] {dagbag.py:588} INFO - Filling up the DagBag from /opt/airflow/dags/pipeline.py
[2026-05-25T13:50:49.355+0000] {processor.py:925} INFO - DAG(s) 'lastfm_pipeline' retrieved from /opt/airflow/dags/pipeline.py
[2026-05-25T13:50:49.388+0000] {logging_mixin.py:190} INFO - [2026-05-25T13:50:49.387+0000] {dag.py:3239} INFO - Sync 1 DAGs
[2026-05-25T13:50:49.413+0000] {logging_mixin.py:190} INFO - [2026-05-25T13:50:49.412+0000] {dag.py:4180} INFO - Setting next_dagrun for lastfm_pipeline to 2026-05-24 00:00:00+00:00, run_after=2026-05-25 00:00:00+00:00
[2026-05-25T13:50:49.430+0000] {processor.py:208} INFO - Processing /opt/airflow/dags/pipeline.py took 0.101 seconds
[2026-05-25T13:51:19.547+0000] {processor.py:186} INFO - Started process (PID=1315) to work on /opt/airflow/dags/pipeline.py
[2026-05-25T13:51:19.548+0000] {processor.py:914} INFO - Processing file /opt/airflow/dags/pipeline.py for tasks to queue
[2026-05-25T13:51:19.550+0000] {logging_mixin.py:190} INFO - [2026-05-25T13:51:19.550+0000] {dagbag.py:588} INFO - Filling up the DagBag from /opt/airflow/dags/pipeline.py
[2026-05-25T13:51:19.566+0000] {processor.py:925} INFO - DAG(s) 'lastfm_pipeline' retrieved from /opt/airflow/dags/pipeline.py
[2026-05-25T13:51:19.594+0000] {logging_mixin.py:190} INFO - [2026-05-25T13:51:19.594+0000] {dag.py:3239} INFO - Sync 1 DAGs
[2026-05-25T13:51:19.619+0000] {logging_mixin.py:190} INFO - [2026-05-25T13:51:19.618+0000] {dag.py:4180} INFO - Setting next_dagrun for lastfm_pipeline to 2026-05-24 00:00:00+00:00, run_after=2026-05-25 00:00:00+00:00
[2026-05-25T13:51:19.635+0000] {processor.py:208} INFO - Processing /opt/airflow/dags/pipeline.py took 0.095 seconds
[2026-05-25T13:51:49.762+0000] {processor.py:186} INFO - Started process (PID=1320) to work on /opt/airflow/dags/pipeline.py
[2026-05-25T13:51:49.763+0000] {processor.py:914} INFO - Processing file /opt/airflow/dags/pipeline.py for tasks to queue
[2026-05-25T13:51:49.765+0000] {logging_mixin.py:190} INFO - [2026-05-25T13:51:49.765+0000] {dagbag.py:588} INFO - Filling up the DagBag from /opt/airflow/dags/pipeline.py
[2026-05-25T13:51:49.782+0000] {processor.py:925} INFO - DAG(s) 'lastfm_pipeline' retrieved from /opt/airflow/dags/pipeline.py
[2026-05-25T13:51:49.811+0000] {logging_mixin.py:190} INFO - [2026-05-25T13:51:49.811+0000] {dag.py:3239} INFO - Sync 1 DAGs
[2026-05-25T13:51:49.837+0000] {logging_mixin.py:190} INFO - [2026-05-25T13:51:49.837+0000] {dag.py:4180} INFO - Setting next_dagrun for lastfm_pipeline to 2026-05-24 00:00:00+00:00, run_after=2026-05-25 00:00:00+00:00
[2026-05-25T13:51:49.854+0000] {processor.py:208} INFO - Processing /opt/airflow/dags/pipeline.py took 0.100 seconds
[2026-05-25T13:52:19.946+0000] {processor.py:186} INFO - Started process (PID=1325) to work on /opt/airflow/dags/pipeline.py
[2026-05-25T13:52:19.947+0000] {processor.py:914} INFO - Processing file /opt/airflow/dags/pipeline.py for tasks to queue
[2026-05-25T13:52:19.949+0000] {logging_mixin.py:190} INFO - [2026-05-25T13:52:19.949+0000] {dagbag.py:588} INFO - Filling up the DagBag from /opt/airflow/dags/pipeline.py
[2026-05-25T13:52:19.966+0000] {processor.py:925} INFO - DAG(s) 'lastfm_pipeline' retrieved from /opt/airflow/dags/pipeline.py
[2026-05-25T13:52:19.996+0000] {logging_mixin.py:190} INFO - [2026-05-25T13:52:19.995+0000] {dag.py:3239} INFO - Sync 1 DAGs
[2026-05-25T13:52:20.023+0000] {logging_mixin.py:190} INFO - [2026-05-25T13:52:20.023+0000] {dag.py:4180} INFO - Setting next_dagrun for lastfm_pipeline to 2026-05-24 00:00:00+00:00, run_after=2026-05-25 00:00:00+00:00
[2026-05-25T13:52:20.042+0000] {processor.py:208} INFO - Processing /opt/airflow/dags/pipeline.py took 0.101 seconds
[2026-05-25T13:52:50.169+0000] {processor.py:186} INFO - Started process (PID=1330) to work on /opt/airflow/dags/pipeline.py
[2026-05-25T13:52:50.170+0000] {processor.py:914} INFO - Processing file /opt/airflow/dags/pipeline.py for tasks to queue
[2026-05-25T13:52:50.172+0000] {logging_mixin.py:190} INFO - [2026-05-25T13:52:50.171+0000] {dagbag.py:588} INFO - Filling up the DagBag from /opt/airflow/dags/pipeline.py
[2026-05-25T13:52:50.188+0000] {processor.py:925} INFO - DAG(s) 'lastfm_pipeline' retrieved from /opt/airflow/dags/pipeline.py
[2026-05-25T13:52:50.218+0000] {logging_mixin.py:190} INFO - [2026-05-25T13:52:50.218+0000] {dag.py:3239} INFO - Sync 1 DAGs
[2026-05-25T13:52:50.243+0000] {logging_mixin.py:190} INFO - [2026-05-25T13:52:50.243+0000] {dag.py:4180} INFO - Setting next_dagrun for lastfm_pipeline to 2026-05-24 00:00:00+00:00, run_after=2026-05-25 00:00:00+00:00
[2026-05-25T13:52:50.258+0000] {processor.py:208} INFO - Processing /opt/airflow/dags/pipeline.py took 0.096 seconds
[2026-05-25T13:53:20.354+0000] {processor.py:186} INFO - Started process (PID=1335) to work on /opt/airflow/dags/pipeline.py
[2026-05-25T13:53:20.357+0000] {processor.py:914} INFO - Processing file /opt/airflow/dags/pipeline.py for tasks to queue
[2026-05-25T13:53:20.360+0000] {logging_mixin.py:190} INFO - [2026-05-25T13:53:20.359+0000] {dagbag.py:588} INFO - Filling up the DagBag from /opt/airflow/dags/pipeline.py
[2026-05-25T13:53:20.377+0000] {processor.py:925} INFO - DAG(s) 'lastfm_pipeline' retrieved from /opt/airflow/dags/pipeline.py
[2026-05-25T13:53:20.409+0000] {logging_mixin.py:190} INFO - [2026-05-25T13:53:20.409+0000] {dag.py:3239} INFO - Sync 1 DAGs
[2026-05-25T13:53:20.434+0000] {logging_mixin.py:190} INFO - [2026-05-25T13:53:20.434+0000] {dag.py:4180} INFO - Setting next_dagrun for lastfm_pipeline to 2026-05-24 00:00:00+00:00, run_after=2026-05-25 00:00:00+00:00
[2026-05-25T13:53:20.451+0000] {processor.py:208} INFO - Processing /opt/airflow/dags/pipeline.py took 0.102 seconds
[2026-05-25T13:53:50.567+0000] {processor.py:186} INFO - Started process (PID=1340) to work on /opt/airflow/dags/pipeline.py
[2026-05-25T13:53:50.567+0000] {processor.py:914} INFO - Processing file /opt/airflow/dags/pipeline.py for tasks to queue
[2026-05-25T13:53:50.569+0000] {logging_mixin.py:190} INFO - [2026-05-25T13:53:50.569+0000] {dagbag.py:588} INFO - Filling up the DagBag from /opt/airflow/dags/pipeline.py
[2026-05-25T13:53:50.587+0000] {processor.py:925} INFO - DAG(s) 'lastfm_pipeline' retrieved from /opt/airflow/dags/pipeline.py
[2026-05-25T13:53:50.615+0000] {logging_mixin.py:190} INFO - [2026-05-25T13:53:50.615+0000] {dag.py:3239} INFO - Sync 1 DAGs
[2026-05-25T13:53:50.640+0000] {logging_mixin.py:190} INFO - [2026-05-25T13:53:50.640+0000] {dag.py:4180} INFO - Setting next_dagrun for lastfm_pipeline to 2026-05-24 00:00:00+00:00, run_after=2026-05-25 00:00:00+00:00
[2026-05-25T13:53:50.656+0000] {processor.py:208} INFO - Processing /opt/airflow/dags/pipeline.py took 0.096 seconds
[2026-05-25T13:54:20.750+0000] {processor.py:186} INFO - Started process (PID=1345) to work on /opt/airflow/dags/pipeline.py
[2026-05-25T13:54:20.752+0000] {processor.py:914} INFO - Processing file /opt/airflow/dags/pipeline.py for tasks to queue
[2026-05-25T13:54:20.756+0000] {logging_mixin.py:190} INFO - [2026-05-25T13:54:20.755+0000] {dagbag.py:588} INFO - Filling up the DagBag from /opt/airflow/dags/pipeline.py
[2026-05-25T13:54:20.773+0000] {processor.py:925} INFO - DAG(s) 'lastfm_pipeline' retrieved from /opt/airflow/dags/pipeline.py
[2026-05-25T13:54:20.806+0000] {logging_mixin.py:190} INFO - [2026-05-25T13:54:20.806+0000] {dag.py:3239} INFO - Sync 1 DAGs
[2026-05-25T13:54:20.832+0000] {logging_mixin.py:190} INFO - [2026-05-25T13:54:20.832+0000] {dag.py:4180} INFO - Setting next_dagrun for lastfm_pipeline to 2026-05-24 00:00:00+00:00, run_after=2026-05-25 00:00:00+00:00
[2026-05-25T13:54:20.849+0000] {processor.py:208} INFO - Processing /opt/airflow/dags/pipeline.py took 0.105 seconds
[2026-05-25T13:54:50.960+0000] {processor.py:186} INFO - Started process (PID=1350) to work on /opt/airflow/dags/pipeline.py
[2026-05-25T13:54:50.961+0000] {processor.py:914} INFO - Processing file /opt/airflow/dags/pipeline.py for tasks to queue
[2026-05-25T13:54:50.963+0000] {logging_mixin.py:190} INFO - [2026-05-25T13:54:50.963+0000] {dagbag.py:588} INFO - Filling up the DagBag from /opt/airflow/dags/pipeline.py
[2026-05-25T13:54:50.983+0000] {processor.py:925} INFO - DAG(s) 'lastfm_pipeline' retrieved from /opt/airflow/dags/pipeline.py
[2026-05-25T13:54:51.016+0000] {logging_mixin.py:190} INFO - [2026-05-25T13:54:51.016+0000] {dag.py:3239} INFO - Sync 1 DAGs
[2026-05-25T13:54:51.046+0000] {logging_mixin.py:190} INFO - [2026-05-25T13:54:51.046+0000] {dag.py:4180} INFO - Setting next_dagrun for lastfm_pipeline to 2026-05-24 00:00:00+00:00, run_after=2026-05-25 00:00:00+00:00
[2026-05-25T13:54:51.063+0000] {processor.py:208} INFO - Processing /opt/airflow/dags/pipeline.py took 0.109 seconds
[2026-05-25T13:55:21.162+0000] {processor.py:186} INFO - Started process (PID=1355) to work on /opt/airflow/dags/pipeline.py
[2026-05-25T13:55:21.165+0000] {processor.py:914} INFO - Processing file /opt/airflow/dags/pipeline.py for tasks to queue
[2026-05-25T13:55:21.167+0000] {logging_mixin.py:190} INFO - [2026-05-25T13:55:21.167+0000] {dagbag.py:588} INFO - Filling up the DagBag from /opt/airflow/dags/pipeline.py
[2026-05-25T13:55:21.184+0000] {processor.py:925} INFO - DAG(s) 'lastfm_pipeline' retrieved from /opt/airflow/dags/pipeline.py
[2026-05-25T13:55:21.213+0000] {logging_mixin.py:190} INFO - [2026-05-25T13:55:21.212+0000] {dag.py:3239} INFO - Sync 1 DAGs
[2026-05-25T13:55:21.238+0000] {logging_mixin.py:190} INFO - [2026-05-25T13:55:21.238+0000] {dag.py:4180} INFO - Setting next_dagrun for lastfm_pipeline to 2026-05-24 00:00:00+00:00, run_after=2026-05-25 00:00:00+00:00
[2026-05-25T13:55:21.254+0000] {processor.py:208} INFO - Processing /opt/airflow/dags/pipeline.py took 0.098 seconds
[2026-05-25T13:55:51.374+0000] {processor.py:186} INFO - Started process (PID=1360) to work on /opt/airflow/dags/pipeline.py
[2026-05-25T13:55:51.374+0000] {processor.py:914} INFO - Processing file /opt/airflow/dags/pipeline.py for tasks to queue
[2026-05-25T13:55:51.377+0000] {logging_mixin.py:190} INFO - [2026-05-25T13:55:51.376+0000] {dagbag.py:588} INFO - Filling up the DagBag from /opt/airflow/dags/pipeline.py
[2026-05-25T13:55:51.395+0000] {processor.py:925} INFO - DAG(s) 'lastfm_pipeline' retrieved from /opt/airflow/dags/pipeline.py
[2026-05-25T13:55:51.426+0000] {logging_mixin.py:190} INFO - [2026-05-25T13:55:51.426+0000] {dag.py:3239} INFO - Sync 1 DAGs
[2026-05-25T13:55:51.452+0000] {logging_mixin.py:190} INFO - [2026-05-25T13:55:51.452+0000] {dag.py:4180} INFO - Setting next_dagrun for lastfm_pipeline to 2026-05-24 00:00:00+00:00, run_after=2026-05-25 00:00:00+00:00
[2026-05-25T13:55:51.471+0000] {processor.py:208} INFO - Processing /opt/airflow/dags/pipeline.py took 0.104 seconds
[2026-05-25T13:56:21.559+0000] {processor.py:186} INFO - Started process (PID=1365) to work on /opt/airflow/dags/pipeline.py
[2026-05-25T13:56:21.562+0000] {processor.py:914} INFO - Processing file /opt/airflow/dags/pipeline.py for tasks to queue
[2026-05-25T13:56:21.564+0000] {logging_mixin.py:190} INFO - [2026-05-25T13:56:21.564+0000] {dagbag.py:588} INFO - Filling up the DagBag from /opt/airflow/dags/pipeline.py
[2026-05-25T13:56:21.581+0000] {processor.py:925} INFO - DAG(s) 'lastfm_pipeline' retrieved from /opt/airflow/dags/pipeline.py
[2026-05-25T13:56:21.613+0000] {logging_mixin.py:190} INFO - [2026-05-25T13:56:21.613+0000] {dag.py:3239} INFO - Sync 1 DAGs
[2026-05-25T13:56:21.639+0000] {logging_mixin.py:190} INFO - [2026-05-25T13:56:21.638+0000] {dag.py:4180} INFO - Setting next_dagrun for lastfm_pipeline to 2026-05-24 00:00:00+00:00, run_after=2026-05-25 00:00:00+00:00
[2026-05-25T13:56:21.657+0000] {processor.py:208} INFO - Processing /opt/airflow/dags/pipeline.py took 0.105 seconds
[2026-05-25T13:56:51.809+0000] {processor.py:186} INFO - Started process (PID=1370) to work on /opt/airflow/dags/pipeline.py
[2026-05-25T13:56:51.809+0000] {processor.py:914} INFO - Processing file /opt/airflow/dags/pipeline.py for tasks to queue
[2026-05-25T13:56:51.812+0000] {logging_mixin.py:190} INFO - [2026-05-25T13:56:51.811+0000] {dagbag.py:588} INFO - Filling up the DagBag from /opt/airflow/dags/pipeline.py
[2026-05-25T13:56:51.829+0000] {processor.py:925} INFO - DAG(s) 'lastfm_pipeline' retrieved from /opt/airflow/dags/pipeline.py
[2026-05-25T13:56:51.858+0000] {logging_mixin.py:190} INFO - [2026-05-25T13:56:51.857+0000] {dag.py:3239} INFO - Sync 1 DAGs
[2026-05-25T13:56:51.883+0000] {logging_mixin.py:190} INFO - [2026-05-25T13:56:51.882+0000] {dag.py:4180} INFO - Setting next_dagrun for lastfm_pipeline to 2026-05-24 00:00:00+00:00, run_after=2026-05-25 00:00:00+00:00
[2026-05-25T13:56:51.899+0000] {processor.py:208} INFO - Processing /opt/airflow/dags/pipeline.py took 0.095 seconds
[2026-05-25T13:57:21.978+0000] {processor.py:186} INFO - Started process (PID=1375) to work on /opt/airflow/dags/pipeline.py
[2026-05-25T13:57:21.979+0000] {processor.py:914} INFO - Processing file /opt/airflow/dags/pipeline.py for tasks to queue
[2026-05-25T13:57:21.981+0000] {logging_mixin.py:190} INFO - [2026-05-25T13:57:21.981+0000] {dagbag.py:588} INFO - Filling up the DagBag from /opt/airflow/dags/pipeline.py
[2026-05-25T13:57:21.997+0000] {processor.py:925} INFO - DAG(s) 'lastfm_pipeline' retrieved from /opt/airflow/dags/pipeline.py
[2026-05-25T13:57:22.027+0000] {logging_mixin.py:190} INFO - [2026-05-25T13:57:22.026+0000] {dag.py:3239} INFO - Sync 1 DAGs
[2026-05-25T13:57:22.053+0000] {logging_mixin.py:190} INFO - [2026-05-25T13:57:22.053+0000] {dag.py:4180} INFO - Setting next_dagrun for lastfm_pipeline to 2026-05-24 00:00:00+00:00, run_after=2026-05-25 00:00:00+00:00
[2026-05-25T13:57:22.071+0000] {processor.py:208} INFO - Processing /opt/airflow/dags/pipeline.py took 0.099 seconds
[2026-05-25T13:57:52.229+0000] {processor.py:186} INFO - Started process (PID=1380) to work on /opt/airflow/dags/pipeline.py
[2026-05-25T13:57:52.230+0000] {processor.py:914} INFO - Processing file /opt/airflow/dags/pipeline.py for tasks to queue
[2026-05-25T13:57:52.232+0000] {logging_mixin.py:190} INFO - [2026-05-25T13:57:52.232+0000] {dagbag.py:588} INFO - Filling up the DagBag from /opt/airflow/dags/pipeline.py
[2026-05-25T13:57:52.251+0000] {processor.py:925} INFO - DAG(s) 'lastfm_pipeline' retrieved from /opt/airflow/dags/pipeline.py
[2026-05-25T13:57:52.282+0000] {logging_mixin.py:190} INFO - [2026-05-25T13:57:52.281+0000] {dag.py:3239} INFO - Sync 1 DAGs
[2026-05-25T13:57:52.307+0000] {logging_mixin.py:190} INFO - [2026-05-25T13:57:52.307+0000] {dag.py:4180} INFO - Setting next_dagrun for lastfm_pipeline to 2026-05-24 00:00:00+00:00, run_after=2026-05-25 00:00:00+00:00
[2026-05-25T13:57:52.338+0000] {processor.py:208} INFO - Processing /opt/airflow/dags/pipeline.py took 0.115 seconds
[2026-05-25T13:58:22.385+0000] {processor.py:186} INFO - Started process (PID=1385) to work on /opt/airflow/dags/pipeline.py
[2026-05-25T13:58:22.388+0000] {processor.py:914} INFO - Processing file /opt/airflow/dags/pipeline.py for tasks to queue
[2026-05-25T13:58:22.389+0000] {logging_mixin.py:190} INFO - [2026-05-25T13:58:22.389+0000] {dagbag.py:588} INFO - Filling up the DagBag from /opt/airflow/dags/pipeline.py
[2026-05-25T13:58:22.400+0000] {processor.py:925} INFO - DAG(s) 'lastfm_pipeline' retrieved from /opt/airflow/dags/pipeline.py
[2026-05-25T13:58:22.425+0000] {logging_mixin.py:190} INFO - [2026-05-25T13:58:22.424+0000] {dag.py:3239} INFO - Sync 1 DAGs
[2026-05-25T13:58:22.447+0000] {logging_mixin.py:190} INFO - [2026-05-25T13:58:22.446+0000] {dag.py:4180} INFO - Setting next_dagrun for lastfm_pipeline to 2026-05-24 00:00:00+00:00, run_after=2026-05-25 00:00:00+00:00
[2026-05-25T13:58:22.462+0000] {processor.py:208} INFO - Processing /opt/airflow/dags/pipeline.py took 0.081 seconds
[2026-05-25T13:58:52.532+0000] {processor.py:186} INFO - Started process (PID=1390) to work on /opt/airflow/dags/pipeline.py
[2026-05-25T13:58:52.532+0000] {processor.py:914} INFO - Processing file /opt/airflow/dags/pipeline.py for tasks to queue
[2026-05-25T13:58:52.534+0000] {logging_mixin.py:190} INFO - [2026-05-25T13:58:52.533+0000] {dagbag.py:588} INFO - Filling up the DagBag from /opt/airflow/dags/pipeline.py
[2026-05-25T13:58:52.546+0000] {processor.py:925} INFO - DAG(s) 'lastfm_pipeline' retrieved from /opt/airflow/dags/pipeline.py
[2026-05-25T13:58:52.568+0000] {logging_mixin.py:190} INFO - [2026-05-25T13:58:52.568+0000] {dag.py:3239} INFO - Sync 1 DAGs
[2026-05-25T13:58:52.586+0000] {logging_mixin.py:190} INFO - [2026-05-25T13:58:52.586+0000] {dag.py:4180} INFO - Setting next_dagrun for lastfm_pipeline to 2026-05-24 00:00:00+00:00, run_after=2026-05-25 00:00:00+00:00
[2026-05-25T13:58:52.599+0000] {processor.py:208} INFO - Processing /opt/airflow/dags/pipeline.py took 0.072 seconds
[2026-05-25T13:59:22.767+0000] {processor.py:186} INFO - Started process (PID=1395) to work on /opt/airflow/dags/pipeline.py
[2026-05-25T13:59:22.770+0000] {processor.py:914} INFO - Processing file /opt/airflow/dags/pipeline.py for tasks to queue
[2026-05-25T13:59:22.773+0000] {logging_mixin.py:190} INFO - [2026-05-25T13:59:22.772+0000] {dagbag.py:588} INFO - Filling up the DagBag from /opt/airflow/dags/pipeline.py
[2026-05-25T13:59:22.789+0000] {processor.py:925} INFO - DAG(s) 'lastfm_pipeline' retrieved from /opt/airflow/dags/pipeline.py
[2026-05-25T13:59:22.818+0000] {logging_mixin.py:190} INFO - [2026-05-25T13:59:22.818+0000] {dag.py:3239} INFO - Sync 1 DAGs
[2026-05-25T13:59:22.842+0000] {logging_mixin.py:190} INFO - [2026-05-25T13:59:22.842+0000] {dag.py:4180} INFO - Setting next_dagrun for lastfm_pipeline to 2026-05-24 00:00:00+00:00, run_after=2026-05-25 00:00:00+00:00
[2026-05-25T13:59:22.857+0000] {processor.py:208} INFO - Processing /opt/airflow/dags/pipeline.py took 0.096 seconds
[2026-05-25T13:59:52.934+0000] {processor.py:186} INFO - Started process (PID=1400) to work on /opt/airflow/dags/pipeline.py
[2026-05-25T13:59:52.934+0000] {processor.py:914} INFO - Processing file /opt/airflow/dags/pipeline.py for tasks to queue
[2026-05-25T13:59:52.937+0000] {logging_mixin.py:190} INFO - [2026-05-25T13:59:52.936+0000] {dagbag.py:588} INFO - Filling up the DagBag from /opt/airflow/dags/pipeline.py
[2026-05-25T13:59:52.955+0000] {processor.py:925} INFO - DAG(s) 'lastfm_pipeline' retrieved from /opt/airflow/dags/pipeline.py
[2026-05-25T13:59:52.984+0000] {logging_mixin.py:190} INFO - [2026-05-25T13:59:52.984+0000] {dag.py:3239} INFO - Sync 1 DAGs
[2026-05-25T13:59:53.011+0000] {logging_mixin.py:190} INFO - [2026-05-25T13:59:53.011+0000] {dag.py:4180} INFO - Setting next_dagrun for lastfm_pipeline to 2026-05-24 00:00:00+00:00, run_after=2026-05-25 00:00:00+00:00
[2026-05-25T13:59:53.029+0000] {processor.py:208} INFO - Processing /opt/airflow/dags/pipeline.py took 0.102 seconds
[2026-05-25T14:00:23.164+0000] {processor.py:186} INFO - Started process (PID=1405) to work on /opt/airflow/dags/pipeline.py
[2026-05-25T14:00:23.166+0000] {processor.py:914} INFO - Processing file /opt/airflow/dags/pipeline.py for tasks to queue
[2026-05-25T14:00:23.169+0000] {logging_mixin.py:190} INFO - [2026-05-25T14:00:23.169+0000] {dagbag.py:588} INFO - Filling up the DagBag from /opt/airflow/dags/pipeline.py
[2026-05-25T14:00:23.184+0000] {processor.py:925} INFO - DAG(s) 'lastfm_pipeline' retrieved from /opt/airflow/dags/pipeline.py
[2026-05-25T14:00:23.214+0000] {logging_mixin.py:190} INFO - [2026-05-25T14:00:23.214+0000] {dag.py:3239} INFO - Sync 1 DAGs
[2026-05-25T14:00:23.239+0000] {logging_mixin.py:190} INFO - [2026-05-25T14:00:23.238+0000] {dag.py:4180} INFO - Setting next_dagrun for lastfm_pipeline to 2026-05-24 00:00:00+00:00, run_after=2026-05-25 00:00:00+00:00
[2026-05-25T14:00:23.255+0000] {processor.py:208} INFO - Processing /opt/airflow/dags/pipeline.py took 0.099 seconds
[2026-05-25T14:00:53.343+0000] {processor.py:186} INFO - Started process (PID=1410) to work on /opt/airflow/dags/pipeline.py
[2026-05-25T14:00:53.343+0000] {processor.py:914} INFO - Processing file /opt/airflow/dags/pipeline.py for tasks to queue
[2026-05-25T14:00:53.345+0000] {logging_mixin.py:190} INFO - [2026-05-25T14:00:53.345+0000] {dagbag.py:588} INFO - Filling up the DagBag from /opt/airflow/dags/pipeline.py
[2026-05-25T14:00:53.362+0000] {processor.py:925} INFO - DAG(s) 'lastfm_pipeline' retrieved from /opt/airflow/dags/pipeline.py
[2026-05-25T14:00:53.404+0000] {logging_mixin.py:190} INFO - [2026-05-25T14:00:53.403+0000] {dag.py:3239} INFO - Sync 1 DAGs
[2026-05-25T14:00:53.439+0000] {logging_mixin.py:190} INFO - [2026-05-25T14:00:53.438+0000] {dag.py:4180} INFO - Setting next_dagrun for lastfm_pipeline to 2026-05-24 00:00:00+00:00, run_after=2026-05-25 00:00:00+00:00
[2026-05-25T14:00:53.460+0000] {processor.py:208} INFO - Processing /opt/airflow/dags/pipeline.py took 0.126 seconds
[2026-05-25T14:01:23.583+0000] {processor.py:186} INFO - Started process (PID=1415) to work on /opt/airflow/dags/pipeline.py
[2026-05-25T14:01:23.586+0000] {processor.py:914} INFO - Processing file /opt/airflow/dags/pipeline.py for tasks to queue
[2026-05-25T14:01:23.588+0000] {logging_mixin.py:190} INFO - [2026-05-25T14:01:23.588+0000] {dagbag.py:588} INFO - Filling up the DagBag from /opt/airflow/dags/pipeline.py
[2026-05-25T14:01:23.604+0000] {processor.py:925} INFO - DAG(s) 'lastfm_pipeline' retrieved from /opt/airflow/dags/pipeline.py
[2026-05-25T14:01:23.634+0000] {logging_mixin.py:190} INFO - [2026-05-25T14:01:23.634+0000] {dag.py:3239} INFO - Sync 1 DAGs
[2026-05-25T14:01:23.664+0000] {logging_mixin.py:190} INFO - [2026-05-25T14:01:23.664+0000] {dag.py:4180} INFO - Setting next_dagrun for lastfm_pipeline to 2026-05-24 00:00:00+00:00, run_after=2026-05-25 00:00:00+00:00
[2026-05-25T14:01:23.679+0000] {processor.py:208} INFO - Processing /opt/airflow/dags/pipeline.py took 0.103 seconds
[2026-05-25T14:01:53.779+0000] {processor.py:186} INFO - Started process (PID=1420) to work on /opt/airflow/dags/pipeline.py
[2026-05-25T14:01:53.780+0000] {processor.py:914} INFO - Processing file /opt/airflow/dags/pipeline.py for tasks to queue
[2026-05-25T14:01:53.782+0000] {logging_mixin.py:190} INFO - [2026-05-25T14:01:53.781+0000] {dagbag.py:588} INFO - Filling up the DagBag from /opt/airflow/dags/pipeline.py
[2026-05-25T14:01:53.798+0000] {processor.py:925} INFO - DAG(s) 'lastfm_pipeline' retrieved from /opt/airflow/dags/pipeline.py
[2026-05-25T14:01:53.831+0000] {logging_mixin.py:190} INFO - [2026-05-25T14:01:53.831+0000] {dag.py:3239} INFO - Sync 1 DAGs
[2026-05-25T14:01:53.857+0000] {logging_mixin.py:190} INFO - [2026-05-25T14:01:53.856+0000] {dag.py:4180} INFO - Setting next_dagrun for lastfm_pipeline to 2026-05-24 00:00:00+00:00, run_after=2026-05-25 00:00:00+00:00
[2026-05-25T14:01:53.874+0000] {processor.py:208} INFO - Processing /opt/airflow/dags/pipeline.py took 0.101 seconds
[2026-05-25T14:02:24.005+0000] {processor.py:186} INFO - Started process (PID=1425) to work on /opt/airflow/dags/pipeline.py
[2026-05-25T14:02:24.007+0000] {processor.py:914} INFO - Processing file /opt/airflow/dags/pipeline.py for tasks to queue
[2026-05-25T14:02:24.010+0000] {logging_mixin.py:190} INFO - [2026-05-25T14:02:24.009+0000] {dagbag.py:588} INFO - Filling up the DagBag from /opt/airflow/dags/pipeline.py
[2026-05-25T14:02:24.024+0000] {processor.py:925} INFO - DAG(s) 'lastfm_pipeline' retrieved from /opt/airflow/dags/pipeline.py
[2026-05-25T14:02:24.048+0000] {logging_mixin.py:190} INFO - [2026-05-25T14:02:24.048+0000] {dag.py:3239} INFO - Sync 1 DAGs
[2026-05-25T14:02:24.069+0000] {logging_mixin.py:190} INFO - [2026-05-25T14:02:24.068+0000] {dag.py:4180} INFO - Setting next_dagrun for lastfm_pipeline to 2026-05-24 00:00:00+00:00, run_after=2026-05-25 00:00:00+00:00
[2026-05-25T14:02:24.083+0000] {processor.py:208} INFO - Processing /opt/airflow/dags/pipeline.py took 0.084 seconds
[2026-05-25T14:02:54.176+0000] {processor.py:186} INFO - Started process (PID=1430) to work on /opt/airflow/dags/pipeline.py
[2026-05-25T14:02:54.177+0000] {processor.py:914} INFO - Processing file /opt/airflow/dags/pipeline.py for tasks to queue
[2026-05-25T14:02:54.180+0000] {logging_mixin.py:190} INFO - [2026-05-25T14:02:54.179+0000] {dagbag.py:588} INFO - Filling up the DagBag from /opt/airflow/dags/pipeline.py
[2026-05-25T14:02:54.197+0000] {processor.py:925} INFO - DAG(s) 'lastfm_pipeline' retrieved from /opt/airflow/dags/pipeline.py
[2026-05-25T14:02:54.228+0000] {logging_mixin.py:190} INFO - [2026-05-25T14:02:54.228+0000] {dag.py:3239} INFO - Sync 1 DAGs
[2026-05-25T14:02:54.254+0000] {logging_mixin.py:190} INFO - [2026-05-25T14:02:54.253+0000] {dag.py:4180} INFO - Setting next_dagrun for lastfm_pipeline to 2026-05-24 00:00:00+00:00, run_after=2026-05-25 00:00:00+00:00
[2026-05-25T14:02:54.271+0000] {processor.py:208} INFO - Processing /opt/airflow/dags/pipeline.py took 0.103 seconds
[2026-05-25T14:03:24.377+0000] {processor.py:186} INFO - Started process (PID=1435) to work on /opt/airflow/dags/pipeline.py
[2026-05-25T14:03:24.379+0000] {processor.py:914} INFO - Processing file /opt/airflow/dags/pipeline.py for tasks to queue
[2026-05-25T14:03:24.382+0000] {logging_mixin.py:190} INFO - [2026-05-25T14:03:24.382+0000] {dagbag.py:588} INFO - Filling up the DagBag from /opt/airflow/dags/pipeline.py
[2026-05-25T14:03:24.398+0000] {processor.py:925} INFO - DAG(s) 'lastfm_pipeline' retrieved from /opt/airflow/dags/pipeline.py
[2026-05-25T14:03:24.430+0000] {logging_mixin.py:190} INFO - [2026-05-25T14:03:24.430+0000] {dag.py:3239} INFO - Sync 1 DAGs
[2026-05-25T14:03:24.454+0000] {logging_mixin.py:190} INFO - [2026-05-25T14:03:24.454+0000] {dag.py:4180} INFO - Setting next_dagrun for lastfm_pipeline to 2026-05-24 00:00:00+00:00, run_after=2026-05-25 00:00:00+00:00
[2026-05-25T14:03:24.472+0000] {processor.py:208} INFO - Processing /opt/airflow/dags/pipeline.py took 0.101 seconds
[2026-05-25T14:03:54.596+0000] {processor.py:186} INFO - Started process (PID=1440) to work on /opt/airflow/dags/pipeline.py
[2026-05-25T14:03:54.596+0000] {processor.py:914} INFO - Processing file /opt/airflow/dags/pipeline.py for tasks to queue
[2026-05-25T14:03:54.599+0000] {logging_mixin.py:190} INFO - [2026-05-25T14:03:54.598+0000] {dagbag.py:588} INFO - Filling up the DagBag from /opt/airflow/dags/pipeline.py
[2026-05-25T14:03:54.616+0000] {processor.py:925} INFO - DAG(s) 'lastfm_pipeline' retrieved from /opt/airflow/dags/pipeline.py
[2026-05-25T14:03:54.644+0000] {logging_mixin.py:190} INFO - [2026-05-25T14:03:54.644+0000] {dag.py:3239} INFO - Sync 1 DAGs
[2026-05-25T14:03:54.670+0000] {logging_mixin.py:190} INFO - [2026-05-25T14:03:54.670+0000] {dag.py:4180} INFO - Setting next_dagrun for lastfm_pipeline to 2026-05-24 00:00:00+00:00, run_after=2026-05-25 00:00:00+00:00
[2026-05-25T14:03:54.687+0000] {processor.py:208} INFO - Processing /opt/airflow/dags/pipeline.py took 0.097 seconds
[2026-05-25T14:04:24.776+0000] {processor.py:186} INFO - Started process (PID=1445) to work on /opt/airflow/dags/pipeline.py
[2026-05-25T14:04:24.777+0000] {processor.py:914} INFO - Processing file /opt/airflow/dags/pipeline.py for tasks to queue
[2026-05-25T14:04:24.780+0000] {logging_mixin.py:190} INFO - [2026-05-25T14:04:24.779+0000] {dagbag.py:588} INFO - Filling up the DagBag from /opt/airflow/dags/pipeline.py
[2026-05-25T14:04:24.797+0000] {processor.py:925} INFO - DAG(s) 'lastfm_pipeline' retrieved from /opt/airflow/dags/pipeline.py
[2026-05-25T14:04:24.828+0000] {logging_mixin.py:190} INFO - [2026-05-25T14:04:24.828+0000] {dag.py:3239} INFO - Sync 1 DAGs
[2026-05-25T14:04:24.854+0000] {logging_mixin.py:190} INFO - [2026-05-25T14:04:24.854+0000] {dag.py:4180} INFO - Setting next_dagrun for lastfm_pipeline to 2026-05-24 00:00:00+00:00, run_after=2026-05-25 00:00:00+00:00
[2026-05-25T14:04:24.870+0000] {processor.py:208} INFO - Processing /opt/airflow/dags/pipeline.py took 0.100 seconds
[2026-05-25T14:04:54.992+0000] {processor.py:186} INFO - Started process (PID=1450) to work on /opt/airflow/dags/pipeline.py
[2026-05-25T14:04:54.993+0000] {processor.py:914} INFO - Processing file /opt/airflow/dags/pipeline.py for tasks to queue
[2026-05-25T14:04:54.995+0000] {logging_mixin.py:190} INFO - [2026-05-25T14:04:54.995+0000] {dagbag.py:588} INFO - Filling up the DagBag from /opt/airflow/dags/pipeline.py
[2026-05-25T14:04:55.012+0000] {processor.py:925} INFO - DAG(s) 'lastfm_pipeline' retrieved from /opt/airflow/dags/pipeline.py
[2026-05-25T14:04:55.042+0000] {logging_mixin.py:190} INFO - [2026-05-25T14:04:55.042+0000] {dag.py:3239} INFO - Sync 1 DAGs
[2026-05-25T14:04:55.067+0000] {logging_mixin.py:190} INFO - [2026-05-25T14:04:55.067+0000] {dag.py:4180} INFO - Setting next_dagrun for lastfm_pipeline to 2026-05-24 00:00:00+00:00, run_after=2026-05-25 00:00:00+00:00
[2026-05-25T14:04:55.083+0000] {processor.py:208} INFO - Processing /opt/airflow/dags/pipeline.py took 0.098 seconds
[2026-05-25T14:05:25.189+0000] {processor.py:186} INFO - Started process (PID=1455) to work on /opt/airflow/dags/pipeline.py
[2026-05-25T14:05:25.191+0000] {processor.py:914} INFO - Processing file /opt/airflow/dags/pipeline.py for tasks to queue
[2026-05-25T14:05:25.194+0000] {logging_mixin.py:190} INFO - [2026-05-25T14:05:25.193+0000] {dagbag.py:588} INFO - Filling up the DagBag from /opt/airflow/dags/pipeline.py
[2026-05-25T14:05:25.210+0000] {processor.py:925} INFO - DAG(s) 'lastfm_pipeline' retrieved from /opt/airflow/dags/pipeline.py
[2026-05-25T14:05:25.240+0000] {logging_mixin.py:190} INFO - [2026-05-25T14:05:25.240+0000] {dag.py:3239} INFO - Sync 1 DAGs
[2026-05-25T14:05:25.266+0000] {logging_mixin.py:190} INFO - [2026-05-25T14:05:25.266+0000] {dag.py:4180} INFO - Setting next_dagrun for lastfm_pipeline to 2026-05-24 00:00:00+00:00, run_after=2026-05-25 00:00:00+00:00
[2026-05-25T14:05:25.283+0000] {processor.py:208} INFO - Processing /opt/airflow/dags/pipeline.py took 0.101 seconds
[2026-05-25T14:05:55.399+0000] {processor.py:186} INFO - Started process (PID=1460) to work on /opt/airflow/dags/pipeline.py
[2026-05-25T14:05:55.399+0000] {processor.py:914} INFO - Processing file /opt/airflow/dags/pipeline.py for tasks to queue
[2026-05-25T14:05:55.401+0000] {logging_mixin.py:190} INFO - [2026-05-25T14:05:55.401+0000] {dagbag.py:588} INFO - Filling up the DagBag from /opt/airflow/dags/pipeline.py
[2026-05-25T14:05:55.418+0000] {processor.py:925} INFO - DAG(s) 'lastfm_pipeline' retrieved from /opt/airflow/dags/pipeline.py
[2026-05-25T14:05:55.448+0000] {logging_mixin.py:190} INFO - [2026-05-25T14:05:55.448+0000] {dag.py:3239} INFO - Sync 1 DAGs
[2026-05-25T14:05:55.474+0000] {logging_mixin.py:190} INFO - [2026-05-25T14:05:55.474+0000] {dag.py:4180} INFO - Setting next_dagrun for lastfm_pipeline to 2026-05-24 00:00:00+00:00, run_after=2026-05-25 00:00:00+00:00
[2026-05-25T14:05:55.491+0000] {processor.py:208} INFO - Processing /opt/airflow/dags/pipeline.py took 0.100 seconds
[2026-05-25T14:06:25.588+0000] {processor.py:186} INFO - Started process (PID=1465) to work on /opt/airflow/dags/pipeline.py
[2026-05-25T14:06:25.591+0000] {processor.py:914} INFO - Processing file /opt/airflow/dags/pipeline.py for tasks to queue
[2026-05-25T14:06:25.593+0000] {logging_mixin.py:190} INFO - [2026-05-25T14:06:25.593+0000] {dagbag.py:588} INFO - Filling up the DagBag from /opt/airflow/dags/pipeline.py
[2026-05-25T14:06:25.611+0000] {processor.py:925} INFO - DAG(s) 'lastfm_pipeline' retrieved from /opt/airflow/dags/pipeline.py
[2026-05-25T14:06:25.640+0000] {logging_mixin.py:190} INFO - [2026-05-25T14:06:25.640+0000] {dag.py:3239} INFO - Sync 1 DAGs
[2026-05-25T14:06:25.663+0000] {logging_mixin.py:190} INFO - [2026-05-25T14:06:25.663+0000] {dag.py:4180} INFO - Setting next_dagrun for lastfm_pipeline to 2026-05-24 00:00:00+00:00, run_after=2026-05-25 00:00:00+00:00
[2026-05-25T14:06:25.681+0000] {processor.py:208} INFO - Processing /opt/airflow/dags/pipeline.py took 0.099 seconds
[2026-05-25T14:06:55.803+0000] {processor.py:186} INFO - Started process (PID=1470) to work on /opt/airflow/dags/pipeline.py
[2026-05-25T14:06:55.804+0000] {processor.py:914} INFO - Processing file /opt/airflow/dags/pipeline.py for tasks to queue
[2026-05-25T14:06:55.806+0000] {logging_mixin.py:190} INFO - [2026-05-25T14:06:55.805+0000] {dagbag.py:588} INFO - Filling up the DagBag from /opt/airflow/dags/pipeline.py
[2026-05-25T14:06:55.823+0000] {processor.py:925} INFO - DAG(s) 'lastfm_pipeline' retrieved from /opt/airflow/dags/pipeline.py
[2026-05-25T14:06:55.853+0000] {logging_mixin.py:190} INFO - [2026-05-25T14:06:55.853+0000] {dag.py:3239} INFO - Sync 1 DAGs
[2026-05-25T14:06:55.878+0000] {logging_mixin.py:190} INFO - [2026-05-25T14:06:55.878+0000] {dag.py:4180} INFO - Setting next_dagrun for lastfm_pipeline to 2026-05-24 00:00:00+00:00, run_after=2026-05-25 00:00:00+00:00
[2026-05-25T14:06:55.895+0000] {processor.py:208} INFO - Processing /opt/airflow/dags/pipeline.py took 0.098 seconds
[2026-05-25T14:07:25.985+0000] {processor.py:186} INFO - Started process (PID=1475) to work on /opt/airflow/dags/pipeline.py
[2026-05-25T14:07:25.987+0000] {processor.py:914} INFO - Processing file /opt/airflow/dags/pipeline.py for tasks to queue
[2026-05-25T14:07:25.991+0000] {logging_mixin.py:190} INFO - [2026-05-25T14:07:25.990+0000] {dagbag.py:588} INFO - Filling up the DagBag from /opt/airflow/dags/pipeline.py
[2026-05-25T14:07:26.008+0000] {processor.py:925} INFO - DAG(s) 'lastfm_pipeline' retrieved from /opt/airflow/dags/pipeline.py
[2026-05-25T14:07:26.040+0000] {logging_mixin.py:190} INFO - [2026-05-25T14:07:26.039+0000] {dag.py:3239} INFO - Sync 1 DAGs
[2026-05-25T14:07:26.065+0000] {logging_mixin.py:190} INFO - [2026-05-25T14:07:26.065+0000] {dag.py:4180} INFO - Setting next_dagrun for lastfm_pipeline to 2026-05-24 00:00:00+00:00, run_after=2026-05-25 00:00:00+00:00
[2026-05-25T14:07:26.080+0000] {processor.py:208} INFO - Processing /opt/airflow/dags/pipeline.py took 0.102 seconds
[2026-05-25T14:07:56.202+0000] {processor.py:186} INFO - Started process (PID=1480) to work on /opt/airflow/dags/pipeline.py
[2026-05-25T14:07:56.203+0000] {processor.py:914} INFO - Processing file /opt/airflow/dags/pipeline.py for tasks to queue
[2026-05-25T14:07:56.205+0000] {logging_mixin.py:190} INFO - [2026-05-25T14:07:56.205+0000] {dagbag.py:588} INFO - Filling up the DagBag from /opt/airflow/dags/pipeline.py
[2026-05-25T14:07:56.222+0000] {processor.py:925} INFO - DAG(s) 'lastfm_pipeline' retrieved from /opt/airflow/dags/pipeline.py
[2026-05-25T14:07:56.252+0000] {logging_mixin.py:190} INFO - [2026-05-25T14:07:56.252+0000] {dag.py:3239} INFO - Sync 1 DAGs
[2026-05-25T14:07:56.278+0000] {logging_mixin.py:190} INFO - [2026-05-25T14:07:56.278+0000] {dag.py:4180} INFO - Setting next_dagrun for lastfm_pipeline to 2026-05-24 00:00:00+00:00, run_after=2026-05-25 00:00:00+00:00
[2026-05-25T14:07:56.293+0000] {processor.py:208} INFO - Processing /opt/airflow/dags/pipeline.py took 0.097 seconds
[2026-05-25T14:08:26.382+0000] {processor.py:186} INFO - Started process (PID=1485) to work on /opt/airflow/dags/pipeline.py
[2026-05-25T14:08:26.384+0000] {processor.py:914} INFO - Processing file /opt/airflow/dags/pipeline.py for tasks to queue
[2026-05-25T14:08:26.388+0000] {logging_mixin.py:190} INFO - [2026-05-25T14:08:26.388+0000] {dagbag.py:588} INFO - Filling up the DagBag from /opt/airflow/dags/pipeline.py
[2026-05-25T14:08:26.405+0000] {processor.py:925} INFO - DAG(s) 'lastfm_pipeline' retrieved from /opt/airflow/dags/pipeline.py
[2026-05-25T14:08:26.435+0000] {logging_mixin.py:190} INFO - [2026-05-25T14:08:26.434+0000] {dag.py:3239} INFO - Sync 1 DAGs
[2026-05-25T14:08:26.460+0000] {logging_mixin.py:190} INFO - [2026-05-25T14:08:26.460+0000] {dag.py:4180} INFO - Setting next_dagrun for lastfm_pipeline to 2026-05-24 00:00:00+00:00, run_after=2026-05-25 00:00:00+00:00
[2026-05-25T14:08:26.475+0000] {processor.py:208} INFO - Processing /opt/airflow/dags/pipeline.py took 0.100 seconds
[2026-05-25T14:08:56.601+0000] {processor.py:186} INFO - Started process (PID=1490) to work on /opt/airflow/dags/pipeline.py
[2026-05-25T14:08:56.604+0000] {processor.py:914} INFO - Processing file /opt/airflow/dags/pipeline.py for tasks to queue
[2026-05-25T14:08:56.607+0000] {logging_mixin.py:190} INFO - [2026-05-25T14:08:56.607+0000] {dagbag.py:588} INFO - Filling up the DagBag from /opt/airflow/dags/pipeline.py
[2026-05-25T14:08:56.623+0000] {processor.py:925} INFO - DAG(s) 'lastfm_pipeline' retrieved from /opt/airflow/dags/pipeline.py
[2026-05-25T14:08:56.651+0000] {logging_mixin.py:190} INFO - [2026-05-25T14:08:56.650+0000] {dag.py:3239} INFO - Sync 1 DAGs
[2026-05-25T14:08:56.675+0000] {logging_mixin.py:190} INFO - [2026-05-25T14:08:56.674+0000] {dag.py:4180} INFO - Setting next_dagrun for lastfm_pipeline to 2026-05-24 00:00:00+00:00, run_after=2026-05-25 00:00:00+00:00
[2026-05-25T14:08:56.690+0000] {processor.py:208} INFO - Processing /opt/airflow/dags/pipeline.py took 0.095 seconds
[2026-05-25T14:09:26.771+0000] {processor.py:186} INFO - Started process (PID=1495) to work on /opt/airflow/dags/pipeline.py
[2026-05-25T14:09:26.772+0000] {processor.py:914} INFO - Processing file /opt/airflow/dags/pipeline.py for tasks to queue
[2026-05-25T14:09:26.774+0000] {logging_mixin.py:190} INFO - [2026-05-25T14:09:26.774+0000] {dagbag.py:588} INFO - Filling up the DagBag from /opt/airflow/dags/pipeline.py
[2026-05-25T14:09:26.791+0000] {processor.py:925} INFO - DAG(s) 'lastfm_pipeline' retrieved from /opt/airflow/dags/pipeline.py
[2026-05-25T14:09:26.821+0000] {logging_mixin.py:190} INFO - [2026-05-25T14:09:26.821+0000] {dag.py:3239} INFO - Sync 1 DAGs
[2026-05-25T14:09:26.846+0000] {logging_mixin.py:190} INFO - [2026-05-25T14:09:26.845+0000] {dag.py:4180} INFO - Setting next_dagrun for lastfm_pipeline to 2026-05-24 00:00:00+00:00, run_after=2026-05-25 00:00:00+00:00
[2026-05-25T14:09:26.862+0000] {processor.py:208} INFO - Processing /opt/airflow/dags/pipeline.py took 0.098 seconds
[2026-05-25T14:09:56.990+0000] {processor.py:186} INFO - Started process (PID=1500) to work on /opt/airflow/dags/pipeline.py
[2026-05-25T14:09:56.993+0000] {processor.py:914} INFO - Processing file /opt/airflow/dags/pipeline.py for tasks to queue
[2026-05-25T14:09:56.996+0000] {logging_mixin.py:190} INFO - [2026-05-25T14:09:56.996+0000] {dagbag.py:588} INFO - Filling up the DagBag from /opt/airflow/dags/pipeline.py
[2026-05-25T14:09:57.014+0000] {processor.py:925} INFO - DAG(s) 'lastfm_pipeline' retrieved from /opt/airflow/dags/pipeline.py
[2026-05-25T14:09:57.043+0000] {logging_mixin.py:190} INFO - [2026-05-25T14:09:57.043+0000] {dag.py:3239} INFO - Sync 1 DAGs
[2026-05-25T14:09:57.070+0000] {logging_mixin.py:190} INFO - [2026-05-25T14:09:57.070+0000] {dag.py:4180} INFO - Setting next_dagrun for lastfm_pipeline to 2026-05-24 00:00:00+00:00, run_after=2026-05-25 00:00:00+00:00
[2026-05-25T14:09:57.086+0000] {processor.py:208} INFO - Processing /opt/airflow/dags/pipeline.py took 0.102 seconds
[2026-05-25T14:10:27.178+0000] {processor.py:186} INFO - Started process (PID=1505) to work on /opt/airflow/dags/pipeline.py
[2026-05-25T14:10:27.179+0000] {processor.py:914} INFO - Processing file /opt/airflow/dags/pipeline.py for tasks to queue
[2026-05-25T14:10:27.181+0000] {logging_mixin.py:190} INFO - [2026-05-25T14:10:27.181+0000] {dagbag.py:588} INFO - Filling up the DagBag from /opt/airflow/dags/pipeline.py
[2026-05-25T14:10:27.197+0000] {processor.py:925} INFO - DAG(s) 'lastfm_pipeline' retrieved from /opt/airflow/dags/pipeline.py
[2026-05-25T14:10:27.230+0000] {logging_mixin.py:190} INFO - [2026-05-25T14:10:27.230+0000] {dag.py:3239} INFO - Sync 1 DAGs
[2026-05-25T14:10:27.256+0000] {logging_mixin.py:190} INFO - [2026-05-25T14:10:27.256+0000] {dag.py:4180} INFO - Setting next_dagrun for lastfm_pipeline to 2026-05-24 00:00:00+00:00, run_after=2026-05-25 00:00:00+00:00
[2026-05-25T14:10:27.274+0000] {processor.py:208} INFO - Processing /opt/airflow/dags/pipeline.py took 0.103 seconds
[2026-05-25T14:10:57.400+0000] {processor.py:186} INFO - Started process (PID=1510) to work on /opt/airflow/dags/pipeline.py
[2026-05-25T14:10:57.403+0000] {processor.py:914} INFO - Processing file /opt/airflow/dags/pipeline.py for tasks to queue
[2026-05-25T14:10:57.405+0000] {logging_mixin.py:190} INFO - [2026-05-25T14:10:57.405+0000] {dagbag.py:588} INFO - Filling up the DagBag from /opt/airflow/dags/pipeline.py
[2026-05-25T14:10:57.422+0000] {processor.py:925} INFO - DAG(s) 'lastfm_pipeline' retrieved from /opt/airflow/dags/pipeline.py
[2026-05-25T14:10:57.452+0000] {logging_mixin.py:190} INFO - [2026-05-25T14:10:57.452+0000] {dag.py:3239} INFO - Sync 1 DAGs
[2026-05-25T14:10:57.478+0000] {logging_mixin.py:190} INFO - [2026-05-25T14:10:57.478+0000] {dag.py:4180} INFO - Setting next_dagrun for lastfm_pipeline to 2026-05-24 00:00:00+00:00, run_after=2026-05-25 00:00:00+00:00
[2026-05-25T14:10:57.496+0000] {processor.py:208} INFO - Processing /opt/airflow/dags/pipeline.py took 0.102 seconds
[2026-05-25T14:11:27.580+0000] {processor.py:186} INFO - Started process (PID=1515) to work on /opt/airflow/dags/pipeline.py
[2026-05-25T14:11:27.580+0000] {processor.py:914} INFO - Processing file /opt/airflow/dags/pipeline.py for tasks to queue
[2026-05-25T14:11:27.582+0000] {logging_mixin.py:190} INFO - [2026-05-25T14:11:27.582+0000] {dagbag.py:588} INFO - Filling up the DagBag from /opt/airflow/dags/pipeline.py
[2026-05-25T14:11:27.599+0000] {processor.py:925} INFO - DAG(s) 'lastfm_pipeline' retrieved from /opt/airflow/dags/pipeline.py
[2026-05-25T14:11:27.628+0000] {logging_mixin.py:190} INFO - [2026-05-25T14:11:27.628+0000] {dag.py:3239} INFO - Sync 1 DAGs
[2026-05-25T14:11:27.653+0000] {logging_mixin.py:190} INFO - [2026-05-25T14:11:27.653+0000] {dag.py:4180} INFO - Setting next_dagrun for lastfm_pipeline to 2026-05-24 00:00:00+00:00, run_after=2026-05-25 00:00:00+00:00
[2026-05-25T14:11:27.668+0000] {processor.py:208} INFO - Processing /opt/airflow/dags/pipeline.py took 0.095 seconds
[2026-05-25T14:11:57.799+0000] {processor.py:186} INFO - Started process (PID=1520) to work on /opt/airflow/dags/pipeline.py
[2026-05-25T14:11:57.800+0000] {processor.py:914} INFO - Processing file /opt/airflow/dags/pipeline.py for tasks to queue
[2026-05-25T14:11:57.803+0000] {logging_mixin.py:190} INFO - [2026-05-25T14:11:57.802+0000] {dagbag.py:588} INFO - Filling up the DagBag from /opt/airflow/dags/pipeline.py
[2026-05-25T14:11:57.820+0000] {processor.py:925} INFO - DAG(s) 'lastfm_pipeline' retrieved from /opt/airflow/dags/pipeline.py
[2026-05-25T14:11:57.852+0000] {logging_mixin.py:190} INFO - [2026-05-25T14:11:57.852+0000] {dag.py:3239} INFO - Sync 1 DAGs
[2026-05-25T14:11:57.876+0000] {logging_mixin.py:190} INFO - [2026-05-25T14:11:57.875+0000] {dag.py:4180} INFO - Setting next_dagrun for lastfm_pipeline to 2026-05-24 00:00:00+00:00, run_after=2026-05-25 00:00:00+00:00
[2026-05-25T14:11:57.893+0000] {processor.py:208} INFO - Processing /opt/airflow/dags/pipeline.py took 0.100 seconds
[2026-05-25T14:12:27.980+0000] {processor.py:186} INFO - Started process (PID=1525) to work on /opt/airflow/dags/pipeline.py
[2026-05-25T14:12:27.981+0000] {processor.py:914} INFO - Processing file /opt/airflow/dags/pipeline.py for tasks to queue
[2026-05-25T14:12:27.983+0000] {logging_mixin.py:190} INFO - [2026-05-25T14:12:27.982+0000] {dagbag.py:588} INFO - Filling up the DagBag from /opt/airflow/dags/pipeline.py
[2026-05-25T14:12:27.995+0000] {processor.py:925} INFO - DAG(s) 'lastfm_pipeline' retrieved from /opt/airflow/dags/pipeline.py
[2026-05-25T14:12:28.018+0000] {logging_mixin.py:190} INFO - [2026-05-25T14:12:28.018+0000] {dag.py:3239} INFO - Sync 1 DAGs
[2026-05-25T14:12:28.040+0000] {logging_mixin.py:190} INFO - [2026-05-25T14:12:28.040+0000] {dag.py:4180} INFO - Setting next_dagrun for lastfm_pipeline to 2026-05-24 00:00:00+00:00, run_after=2026-05-25 00:00:00+00:00
[2026-05-25T14:12:28.053+0000] {processor.py:208} INFO - Processing /opt/airflow/dags/pipeline.py took 0.078 seconds
[2026-05-25T14:12:58.200+0000] {processor.py:186} INFO - Started process (PID=1530) to work on /opt/airflow/dags/pipeline.py
[2026-05-25T14:12:58.203+0000] {processor.py:914} INFO - Processing file /opt/airflow/dags/pipeline.py for tasks to queue
[2026-05-25T14:12:58.206+0000] {logging_mixin.py:190} INFO - [2026-05-25T14:12:58.205+0000] {dagbag.py:588} INFO - Filling up the DagBag from /opt/airflow/dags/pipeline.py
[2026-05-25T14:12:58.218+0000] {processor.py:925} INFO - DAG(s) 'lastfm_pipeline' retrieved from /opt/airflow/dags/pipeline.py
[2026-05-25T14:12:58.242+0000] {logging_mixin.py:190} INFO - [2026-05-25T14:12:58.241+0000] {dag.py:3239} INFO - Sync 1 DAGs
[2026-05-25T14:12:58.261+0000] {logging_mixin.py:190} INFO - [2026-05-25T14:12:58.261+0000] {dag.py:4180} INFO - Setting next_dagrun for lastfm_pipeline to 2026-05-24 00:00:00+00:00, run_after=2026-05-25 00:00:00+00:00
[2026-05-25T14:12:58.275+0000] {processor.py:208} INFO - Processing /opt/airflow/dags/pipeline.py took 0.080 seconds
[2026-05-25T14:13:28.365+0000] {processor.py:186} INFO - Started process (PID=1535) to work on /opt/airflow/dags/pipeline.py
[2026-05-25T14:13:28.365+0000] {processor.py:914} INFO - Processing file /opt/airflow/dags/pipeline.py for tasks to queue
[2026-05-25T14:13:28.367+0000] {logging_mixin.py:190} INFO - [2026-05-25T14:13:28.367+0000] {dagbag.py:588} INFO - Filling up the DagBag from /opt/airflow/dags/pipeline.py
[2026-05-25T14:13:28.383+0000] {processor.py:925} INFO - DAG(s) 'lastfm_pipeline' retrieved from /opt/airflow/dags/pipeline.py
[2026-05-25T14:13:28.415+0000] {logging_mixin.py:190} INFO - [2026-05-25T14:13:28.414+0000] {dag.py:3239} INFO - Sync 1 DAGs
[2026-05-25T14:13:28.439+0000] {logging_mixin.py:190} INFO - [2026-05-25T14:13:28.438+0000] {dag.py:4180} INFO - Setting next_dagrun for lastfm_pipeline to 2026-05-24 00:00:00+00:00, run_after=2026-05-25 00:00:00+00:00
[2026-05-25T14:13:28.455+0000] {processor.py:208} INFO - Processing /opt/airflow/dags/pipeline.py took 0.096 seconds
[2026-05-25T14:13:58.580+0000] {processor.py:186} INFO - Started process (PID=1540) to work on /opt/airflow/dags/pipeline.py
[2026-05-25T14:13:58.581+0000] {processor.py:914} INFO - Processing file /opt/airflow/dags/pipeline.py for tasks to queue
[2026-05-25T14:13:58.583+0000] {logging_mixin.py:190} INFO - [2026-05-25T14:13:58.583+0000] {dagbag.py:588} INFO - Filling up the DagBag from /opt/airflow/dags/pipeline.py
[2026-05-25T14:13:58.601+0000] {processor.py:925} INFO - DAG(s) 'lastfm_pipeline' retrieved from /opt/airflow/dags/pipeline.py
[2026-05-25T14:13:58.631+0000] {logging_mixin.py:190} INFO - [2026-05-25T14:13:58.631+0000] {dag.py:3239} INFO - Sync 1 DAGs
[2026-05-25T14:13:58.655+0000] {logging_mixin.py:190} INFO - [2026-05-25T14:13:58.655+0000] {dag.py:4180} INFO - Setting next_dagrun for lastfm_pipeline to 2026-05-24 00:00:00+00:00, run_after=2026-05-25 00:00:00+00:00
[2026-05-25T14:13:58.673+0000] {processor.py:208} INFO - Processing /opt/airflow/dags/pipeline.py took 0.100 seconds
[2026-05-25T14:14:28.767+0000] {processor.py:186} INFO - Started process (PID=1545) to work on /opt/airflow/dags/pipeline.py
[2026-05-25T14:14:28.768+0000] {processor.py:914} INFO - Processing file /opt/airflow/dags/pipeline.py for tasks to queue
[2026-05-25T14:14:28.770+0000] {logging_mixin.py:190} INFO - [2026-05-25T14:14:28.769+0000] {dagbag.py:588} INFO - Filling up the DagBag from /opt/airflow/dags/pipeline.py
[2026-05-25T14:14:28.788+0000] {processor.py:925} INFO - DAG(s) 'lastfm_pipeline' retrieved from /opt/airflow/dags/pipeline.py
[2026-05-25T14:14:28.818+0000] {logging_mixin.py:190} INFO - [2026-05-25T14:14:28.818+0000] {dag.py:3239} INFO - Sync 1 DAGs
[2026-05-25T14:14:28.843+0000] {logging_mixin.py:190} INFO - [2026-05-25T14:14:28.843+0000] {dag.py:4180} INFO - Setting next_dagrun for lastfm_pipeline to 2026-05-24 00:00:00+00:00, run_after=2026-05-25 00:00:00+00:00
[2026-05-25T14:14:28.860+0000] {processor.py:208} INFO - Processing /opt/airflow/dags/pipeline.py took 0.099 seconds
[2026-05-25T14:14:58.983+0000] {processor.py:186} INFO - Started process (PID=1550) to work on /opt/airflow/dags/pipeline.py
[2026-05-25T14:14:58.985+0000] {processor.py:914} INFO - Processing file /opt/airflow/dags/pipeline.py for tasks to queue
[2026-05-25T14:14:58.987+0000] {logging_mixin.py:190} INFO - [2026-05-25T14:14:58.987+0000] {dagbag.py:588} INFO - Filling up the DagBag from /opt/airflow/dags/pipeline.py
[2026-05-25T14:14:59.003+0000] {processor.py:925} INFO - DAG(s) 'lastfm_pipeline' retrieved from /opt/airflow/dags/pipeline.py
[2026-05-25T14:14:59.031+0000] {logging_mixin.py:190} INFO - [2026-05-25T14:14:59.031+0000] {dag.py:3239} INFO - Sync 1 DAGs
[2026-05-25T14:14:59.057+0000] {logging_mixin.py:190} INFO - [2026-05-25T14:14:59.057+0000] {dag.py:4180} INFO - Setting next_dagrun for lastfm_pipeline to 2026-05-24 00:00:00+00:00, run_after=2026-05-25 00:00:00+00:00
[2026-05-25T14:14:59.073+0000] {processor.py:208} INFO - Processing /opt/airflow/dags/pipeline.py took 0.097 seconds
[2026-05-25T14:15:29.172+0000] {processor.py:186} INFO - Started process (PID=1555) to work on /opt/airflow/dags/pipeline.py
[2026-05-25T14:15:29.173+0000] {processor.py:914} INFO - Processing file /opt/airflow/dags/pipeline.py for tasks to queue
[2026-05-25T14:15:29.175+0000] {logging_mixin.py:190} INFO - [2026-05-25T14:15:29.175+0000] {dagbag.py:588} INFO - Filling up the DagBag from /opt/airflow/dags/pipeline.py
[2026-05-25T14:15:29.191+0000] {processor.py:925} INFO - DAG(s) 'lastfm_pipeline' retrieved from /opt/airflow/dags/pipeline.py
[2026-05-25T14:15:29.219+0000] {logging_mixin.py:190} INFO - [2026-05-25T14:15:29.219+0000] {dag.py:3239} INFO - Sync 1 DAGs
[2026-05-25T14:15:29.245+0000] {logging_mixin.py:190} INFO - [2026-05-25T14:15:29.245+0000] {dag.py:4180} INFO - Setting next_dagrun for lastfm_pipeline to 2026-05-24 00:00:00+00:00, run_after=2026-05-25 00:00:00+00:00
[2026-05-25T14:15:29.263+0000] {processor.py:208} INFO - Processing /opt/airflow/dags/pipeline.py took 0.096 seconds
[2026-05-25T14:15:59.386+0000] {processor.py:186} INFO - Started process (PID=1560) to work on /opt/airflow/dags/pipeline.py
[2026-05-25T14:15:59.388+0000] {processor.py:914} INFO - Processing file /opt/airflow/dags/pipeline.py for tasks to queue
[2026-05-25T14:15:59.392+0000] {logging_mixin.py:190} INFO - [2026-05-25T14:15:59.391+0000] {dagbag.py:588} INFO - Filling up the DagBag from /opt/airflow/dags/pipeline.py
[2026-05-25T14:15:59.408+0000] {processor.py:925} INFO - DAG(s) 'lastfm_pipeline' retrieved from /opt/airflow/dags/pipeline.py
[2026-05-25T14:15:59.438+0000] {logging_mixin.py:190} INFO - [2026-05-25T14:15:59.437+0000] {dag.py:3239} INFO - Sync 1 DAGs
[2026-05-25T14:15:59.462+0000] {logging_mixin.py:190} INFO - [2026-05-25T14:15:59.462+0000] {dag.py:4180} INFO - Setting next_dagrun for lastfm_pipeline to 2026-05-24 00:00:00+00:00, run_after=2026-05-25 00:00:00+00:00
[2026-05-25T14:15:59.480+0000] {processor.py:208} INFO - Processing /opt/airflow/dags/pipeline.py took 0.100 seconds
[2026-05-25T14:16:29.578+0000] {processor.py:186} INFO - Started process (PID=1565) to work on /opt/airflow/dags/pipeline.py
[2026-05-25T14:16:29.579+0000] {processor.py:914} INFO - Processing file /opt/airflow/dags/pipeline.py for tasks to queue
[2026-05-25T14:16:29.582+0000] {logging_mixin.py:190} INFO - [2026-05-25T14:16:29.582+0000] {dagbag.py:588} INFO - Filling up the DagBag from /opt/airflow/dags/pipeline.py
[2026-05-25T14:16:29.598+0000] {processor.py:925} INFO - DAG(s) 'lastfm_pipeline' retrieved from /opt/airflow/dags/pipeline.py
[2026-05-25T14:16:29.633+0000] {logging_mixin.py:190} INFO - [2026-05-25T14:16:29.633+0000] {dag.py:3239} INFO - Sync 1 DAGs
[2026-05-25T14:16:29.660+0000] {logging_mixin.py:190} INFO - [2026-05-25T14:16:29.660+0000] {dag.py:4180} INFO - Setting next_dagrun for lastfm_pipeline to 2026-05-24 00:00:00+00:00, run_after=2026-05-25 00:00:00+00:00
[2026-05-25T14:16:29.679+0000] {processor.py:208} INFO - Processing /opt/airflow/dags/pipeline.py took 0.107 seconds
[2026-05-25T14:16:59.788+0000] {processor.py:186} INFO - Started process (PID=1570) to work on /opt/airflow/dags/pipeline.py
[2026-05-25T14:16:59.791+0000] {processor.py:914} INFO - Processing file /opt/airflow/dags/pipeline.py for tasks to queue
[2026-05-25T14:16:59.793+0000] {logging_mixin.py:190} INFO - [2026-05-25T14:16:59.793+0000] {dagbag.py:588} INFO - Filling up the DagBag from /opt/airflow/dags/pipeline.py
[2026-05-25T14:16:59.810+0000] {processor.py:925} INFO - DAG(s) 'lastfm_pipeline' retrieved from /opt/airflow/dags/pipeline.py
[2026-05-25T14:16:59.840+0000] {logging_mixin.py:190} INFO - [2026-05-25T14:16:59.840+0000] {dag.py:3239} INFO - Sync 1 DAGs
[2026-05-25T14:16:59.866+0000] {logging_mixin.py:190} INFO - [2026-05-25T14:16:59.866+0000] {dag.py:4180} INFO - Setting next_dagrun for lastfm_pipeline to 2026-05-24 00:00:00+00:00, run_after=2026-05-25 00:00:00+00:00
[2026-05-25T14:16:59.882+0000] {processor.py:208} INFO - Processing /opt/airflow/dags/pipeline.py took 0.100 seconds
[2026-05-25T14:17:29.997+0000] {processor.py:186} INFO - Started process (PID=1575) to work on /opt/airflow/dags/pipeline.py
[2026-05-25T14:17:29.998+0000] {processor.py:914} INFO - Processing file /opt/airflow/dags/pipeline.py for tasks to queue
[2026-05-25T14:17:30.000+0000] {logging_mixin.py:190} INFO - [2026-05-25T14:17:29.999+0000] {dagbag.py:588} INFO - Filling up the DagBag from /opt/airflow/dags/pipeline.py
[2026-05-25T14:17:30.016+0000] {processor.py:925} INFO - DAG(s) 'lastfm_pipeline' retrieved from /opt/airflow/dags/pipeline.py
[2026-05-25T14:17:30.046+0000] {logging_mixin.py:190} INFO - [2026-05-25T14:17:30.046+0000] {dag.py:3239} INFO - Sync 1 DAGs
[2026-05-25T14:17:30.074+0000] {logging_mixin.py:190} INFO - [2026-05-25T14:17:30.074+0000] {dag.py:4180} INFO - Setting next_dagrun for lastfm_pipeline to 2026-05-24 00:00:00+00:00, run_after=2026-05-25 00:00:00+00:00
[2026-05-25T14:17:30.092+0000] {processor.py:208} INFO - Processing /opt/airflow/dags/pipeline.py took 0.101 seconds
[2026-05-25T14:18:00.207+0000] {processor.py:186} INFO - Started process (PID=1580) to work on /opt/airflow/dags/pipeline.py
[2026-05-25T14:18:00.210+0000] {processor.py:914} INFO - Processing file /opt/airflow/dags/pipeline.py for tasks to queue
[2026-05-25T14:18:00.212+0000] {logging_mixin.py:190} INFO - [2026-05-25T14:18:00.211+0000] {dagbag.py:588} INFO - Filling up the DagBag from /opt/airflow/dags/pipeline.py
[2026-05-25T14:18:00.228+0000] {processor.py:925} INFO - DAG(s) 'lastfm_pipeline' retrieved from /opt/airflow/dags/pipeline.py
[2026-05-25T14:18:00.259+0000] {logging_mixin.py:190} INFO - [2026-05-25T14:18:00.259+0000] {dag.py:3239} INFO - Sync 1 DAGs
[2026-05-25T14:18:00.287+0000] {logging_mixin.py:190} INFO - [2026-05-25T14:18:00.287+0000] {dag.py:4180} INFO - Setting next_dagrun for lastfm_pipeline to 2026-05-24 00:00:00+00:00, run_after=2026-05-25 00:00:00+00:00
[2026-05-25T14:18:00.307+0000] {processor.py:208} INFO - Processing /opt/airflow/dags/pipeline.py took 0.106 seconds
[2026-05-25T14:18:30.411+0000] {processor.py:186} INFO - Started process (PID=1585) to work on /opt/airflow/dags/pipeline.py
[2026-05-25T14:18:30.412+0000] {processor.py:914} INFO - Processing file /opt/airflow/dags/pipeline.py for tasks to queue
[2026-05-25T14:18:30.414+0000] {logging_mixin.py:190} INFO - [2026-05-25T14:18:30.414+0000] {dagbag.py:588} INFO - Filling up the DagBag from /opt/airflow/dags/pipeline.py
[2026-05-25T14:18:30.431+0000] {processor.py:925} INFO - DAG(s) 'lastfm_pipeline' retrieved from /opt/airflow/dags/pipeline.py
[2026-05-25T14:18:30.461+0000] {logging_mixin.py:190} INFO - [2026-05-25T14:18:30.460+0000] {dag.py:3239} INFO - Sync 1 DAGs
[2026-05-25T14:18:30.487+0000] {logging_mixin.py:190} INFO - [2026-05-25T14:18:30.486+0000] {dag.py:4180} INFO - Setting next_dagrun for lastfm_pipeline to 2026-05-24 00:00:00+00:00, run_after=2026-05-25 00:00:00+00:00
[2026-05-25T14:18:30.503+0000] {processor.py:208} INFO - Processing /opt/airflow/dags/pipeline.py took 0.099 seconds
[2026-05-25T14:19:00.624+0000] {processor.py:186} INFO - Started process (PID=1590) to work on /opt/airflow/dags/pipeline.py
[2026-05-25T14:19:00.625+0000] {processor.py:914} INFO - Processing file /opt/airflow/dags/pipeline.py for tasks to queue
[2026-05-25T14:19:00.627+0000] {logging_mixin.py:190} INFO - [2026-05-25T14:19:00.627+0000] {dagbag.py:588} INFO - Filling up the DagBag from /opt/airflow/dags/pipeline.py
[2026-05-25T14:19:00.644+0000] {processor.py:925} INFO - DAG(s) 'lastfm_pipeline' retrieved from /opt/airflow/dags/pipeline.py
[2026-05-25T14:19:00.676+0000] {logging_mixin.py:190} INFO - [2026-05-25T14:19:00.675+0000] {dag.py:3239} INFO - Sync 1 DAGs
[2026-05-25T14:19:00.700+0000] {logging_mixin.py:190} INFO - [2026-05-25T14:19:00.700+0000] {dag.py:4180} INFO - Setting next_dagrun for lastfm_pipeline to 2026-05-24 00:00:00+00:00, run_after=2026-05-25 00:00:00+00:00
[2026-05-25T14:19:00.718+0000] {processor.py:208} INFO - Processing /opt/airflow/dags/pipeline.py took 0.100 seconds
[2026-05-25T14:19:30.827+0000] {processor.py:186} INFO - Started process (PID=1595) to work on /opt/airflow/dags/pipeline.py
[2026-05-25T14:19:30.827+0000] {processor.py:914} INFO - Processing file /opt/airflow/dags/pipeline.py for tasks to queue
[2026-05-25T14:19:30.829+0000] {logging_mixin.py:190} INFO - [2026-05-25T14:19:30.829+0000] {dagbag.py:588} INFO - Filling up the DagBag from /opt/airflow/dags/pipeline.py
[2026-05-25T14:19:30.846+0000] {processor.py:925} INFO - DAG(s) 'lastfm_pipeline' retrieved from /opt/airflow/dags/pipeline.py
[2026-05-25T14:19:30.876+0000] {logging_mixin.py:190} INFO - [2026-05-25T14:19:30.876+0000] {dag.py:3239} INFO - Sync 1 DAGs
[2026-05-25T14:19:30.903+0000] {logging_mixin.py:190} INFO - [2026-05-25T14:19:30.903+0000] {dag.py:4180} INFO - Setting next_dagrun for lastfm_pipeline to 2026-05-24 00:00:00+00:00, run_after=2026-05-25 00:00:00+00:00
[2026-05-25T14:19:30.920+0000] {processor.py:208} INFO - Processing /opt/airflow/dags/pipeline.py took 0.099 seconds
[2026-05-25T14:20:01.046+0000] {processor.py:186} INFO - Started process (PID=1600) to work on /opt/airflow/dags/pipeline.py
[2026-05-25T14:20:01.047+0000] {processor.py:914} INFO - Processing file /opt/airflow/dags/pipeline.py for tasks to queue
[2026-05-25T14:20:01.050+0000] {logging_mixin.py:190} INFO - [2026-05-25T14:20:01.049+0000] {dagbag.py:588} INFO - Filling up the DagBag from /opt/airflow/dags/pipeline.py
[2026-05-25T14:20:01.066+0000] {processor.py:925} INFO - DAG(s) 'lastfm_pipeline' retrieved from /opt/airflow/dags/pipeline.py
[2026-05-25T14:20:01.094+0000] {logging_mixin.py:190} INFO - [2026-05-25T14:20:01.094+0000] {dag.py:3239} INFO - Sync 1 DAGs
[2026-05-25T14:20:01.118+0000] {logging_mixin.py:190} INFO - [2026-05-25T14:20:01.118+0000] {dag.py:4180} INFO - Setting next_dagrun for lastfm_pipeline to 2026-05-24 00:00:00+00:00, run_after=2026-05-25 00:00:00+00:00
[2026-05-25T14:20:01.135+0000] {processor.py:208} INFO - Processing /opt/airflow/dags/pipeline.py took 0.095 seconds
[2026-05-25T14:20:31.238+0000] {processor.py:186} INFO - Started process (PID=1605) to work on /opt/airflow/dags/pipeline.py
[2026-05-25T14:20:31.239+0000] {processor.py:914} INFO - Processing file /opt/airflow/dags/pipeline.py for tasks to queue
[2026-05-25T14:20:31.242+0000] {logging_mixin.py:190} INFO - [2026-05-25T14:20:31.242+0000] {dagbag.py:588} INFO - Filling up the DagBag from /opt/airflow/dags/pipeline.py
[2026-05-25T14:20:31.258+0000] {processor.py:925} INFO - DAG(s) 'lastfm_pipeline' retrieved from /opt/airflow/dags/pipeline.py
[2026-05-25T14:20:31.289+0000] {logging_mixin.py:190} INFO - [2026-05-25T14:20:31.288+0000] {dag.py:3239} INFO - Sync 1 DAGs
[2026-05-25T14:20:31.315+0000] {logging_mixin.py:190} INFO - [2026-05-25T14:20:31.315+0000] {dag.py:4180} INFO - Setting next_dagrun for lastfm_pipeline to 2026-05-24 00:00:00+00:00, run_after=2026-05-25 00:00:00+00:00
[2026-05-25T14:20:31.331+0000] {processor.py:208} INFO - Processing /opt/airflow/dags/pipeline.py took 0.099 seconds
[2026-05-25T14:21:01.456+0000] {processor.py:186} INFO - Started process (PID=1610) to work on /opt/airflow/dags/pipeline.py
[2026-05-25T14:21:01.457+0000] {processor.py:914} INFO - Processing file /opt/airflow/dags/pipeline.py for tasks to queue
[2026-05-25T14:21:01.460+0000] {logging_mixin.py:190} INFO - [2026-05-25T14:21:01.459+0000] {dagbag.py:588} INFO - Filling up the DagBag from /opt/airflow/dags/pipeline.py
[2026-05-25T14:21:01.476+0000] {processor.py:925} INFO - DAG(s) 'lastfm_pipeline' retrieved from /opt/airflow/dags/pipeline.py
[2026-05-25T14:21:01.505+0000] {logging_mixin.py:190} INFO - [2026-05-25T14:21:01.504+0000] {dag.py:3239} INFO - Sync 1 DAGs
[2026-05-25T14:21:01.531+0000] {logging_mixin.py:190} INFO - [2026-05-25T14:21:01.531+0000] {dag.py:4180} INFO - Setting next_dagrun for lastfm_pipeline to 2026-05-24 00:00:00+00:00, run_after=2026-05-25 00:00:00+00:00
[2026-05-25T14:21:01.546+0000] {processor.py:208} INFO - Processing /opt/airflow/dags/pipeline.py took 0.097 seconds
[2026-05-25T14:21:31.658+0000] {processor.py:186} INFO - Started process (PID=1615) to work on /opt/airflow/dags/pipeline.py
[2026-05-25T14:21:31.658+0000] {processor.py:914} INFO - Processing file /opt/airflow/dags/pipeline.py for tasks to queue
[2026-05-25T14:21:31.660+0000] {logging_mixin.py:190} INFO - [2026-05-25T14:21:31.660+0000] {dagbag.py:588} INFO - Filling up the DagBag from /opt/airflow/dags/pipeline.py
[2026-05-25T14:21:31.677+0000] {processor.py:925} INFO - DAG(s) 'lastfm_pipeline' retrieved from /opt/airflow/dags/pipeline.py
[2026-05-25T14:21:31.707+0000] {logging_mixin.py:190} INFO - [2026-05-25T14:21:31.707+0000] {dag.py:3239} INFO - Sync 1 DAGs
[2026-05-25T14:21:31.732+0000] {logging_mixin.py:190} INFO - [2026-05-25T14:21:31.732+0000] {dag.py:4180} INFO - Setting next_dagrun for lastfm_pipeline to 2026-05-24 00:00:00+00:00, run_after=2026-05-25 00:00:00+00:00
[2026-05-25T14:21:31.749+0000] {processor.py:208} INFO - Processing /opt/airflow/dags/pipeline.py took 0.098 seconds
[2026-05-25T14:22:01.868+0000] {processor.py:186} INFO - Started process (PID=1620) to work on /opt/airflow/dags/pipeline.py
[2026-05-25T14:22:01.869+0000] {processor.py:914} INFO - Processing file /opt/airflow/dags/pipeline.py for tasks to queue
[2026-05-25T14:22:01.871+0000] {logging_mixin.py:190} INFO - [2026-05-25T14:22:01.870+0000] {dagbag.py:588} INFO - Filling up the DagBag from /opt/airflow/dags/pipeline.py
[2026-05-25T14:22:01.889+0000] {processor.py:925} INFO - DAG(s) 'lastfm_pipeline' retrieved from /opt/airflow/dags/pipeline.py
[2026-05-25T14:22:01.918+0000] {logging_mixin.py:190} INFO - [2026-05-25T14:22:01.918+0000] {dag.py:3239} INFO - Sync 1 DAGs
[2026-05-25T14:22:01.944+0000] {logging_mixin.py:190} INFO - [2026-05-25T14:22:01.944+0000] {dag.py:4180} INFO - Setting next_dagrun for lastfm_pipeline to 2026-05-24 00:00:00+00:00, run_after=2026-05-25 00:00:00+00:00
[2026-05-25T14:22:01.959+0000] {processor.py:208} INFO - Processing /opt/airflow/dags/pipeline.py took 0.097 seconds
[2026-05-25T14:22:32.068+0000] {processor.py:186} INFO - Started process (PID=1625) to work on /opt/airflow/dags/pipeline.py
[2026-05-25T14:22:32.069+0000] {processor.py:914} INFO - Processing file /opt/airflow/dags/pipeline.py for tasks to queue
[2026-05-25T14:22:32.071+0000] {logging_mixin.py:190} INFO - [2026-05-25T14:22:32.070+0000] {dagbag.py:588} INFO - Filling up the DagBag from /opt/airflow/dags/pipeline.py
[2026-05-25T14:22:32.087+0000] {processor.py:925} INFO - DAG(s) 'lastfm_pipeline' retrieved from /opt/airflow/dags/pipeline.py
[2026-05-25T14:22:32.119+0000] {logging_mixin.py:190} INFO - [2026-05-25T14:22:32.118+0000] {dag.py:3239} INFO - Sync 1 DAGs
[2026-05-25T14:22:32.143+0000] {logging_mixin.py:190} INFO - [2026-05-25T14:22:32.143+0000] {dag.py:4180} INFO - Setting next_dagrun for lastfm_pipeline to 2026-05-24 00:00:00+00:00, run_after=2026-05-25 00:00:00+00:00
[2026-05-25T14:22:32.157+0000] {processor.py:208} INFO - Processing /opt/airflow/dags/pipeline.py took 0.095 seconds
[2026-05-25T14:23:02.270+0000] {processor.py:186} INFO - Started process (PID=1630) to work on /opt/airflow/dags/pipeline.py
[2026-05-25T14:23:02.273+0000] {processor.py:914} INFO - Processing file /opt/airflow/dags/pipeline.py for tasks to queue
[2026-05-25T14:23:02.275+0000] {logging_mixin.py:190} INFO - [2026-05-25T14:23:02.275+0000] {dagbag.py:588} INFO - Filling up the DagBag from /opt/airflow/dags/pipeline.py
[2026-05-25T14:23:02.292+0000] {processor.py:925} INFO - DAG(s) 'lastfm_pipeline' retrieved from /opt/airflow/dags/pipeline.py
[2026-05-25T14:23:02.326+0000] {logging_mixin.py:190} INFO - [2026-05-25T14:23:02.326+0000] {dag.py:3239} INFO - Sync 1 DAGs
[2026-05-25T14:23:02.352+0000] {logging_mixin.py:190} INFO - [2026-05-25T14:23:02.352+0000] {dag.py:4180} INFO - Setting next_dagrun for lastfm_pipeline to 2026-05-24 00:00:00+00:00, run_after=2026-05-25 00:00:00+00:00
[2026-05-25T14:23:02.369+0000] {processor.py:208} INFO - Processing /opt/airflow/dags/pipeline.py took 0.105 seconds
[2026-05-25T14:23:32.473+0000] {processor.py:186} INFO - Started process (PID=1635) to work on /opt/airflow/dags/pipeline.py
[2026-05-25T14:23:32.473+0000] {processor.py:914} INFO - Processing file /opt/airflow/dags/pipeline.py for tasks to queue
[2026-05-25T14:23:32.475+0000] {logging_mixin.py:190} INFO - [2026-05-25T14:23:32.475+0000] {dagbag.py:588} INFO - Filling up the DagBag from /opt/airflow/dags/pipeline.py
[2026-05-25T14:23:32.488+0000] {processor.py:925} INFO - DAG(s) 'lastfm_pipeline' retrieved from /opt/airflow/dags/pipeline.py
[2026-05-25T14:23:32.524+0000] {logging_mixin.py:190} INFO - [2026-05-25T14:23:32.524+0000] {dag.py:3239} INFO - Sync 1 DAGs
[2026-05-25T14:23:32.544+0000] {logging_mixin.py:190} INFO - [2026-05-25T14:23:32.543+0000] {dag.py:4180} INFO - Setting next_dagrun for lastfm_pipeline to 2026-05-24 00:00:00+00:00, run_after=2026-05-25 00:00:00+00:00
[2026-05-25T14:23:32.557+0000] {processor.py:208} INFO - Processing /opt/airflow/dags/pipeline.py took 0.089 seconds
[2026-05-25T14:24:02.665+0000] {processor.py:186} INFO - Started process (PID=1640) to work on /opt/airflow/dags/pipeline.py
[2026-05-25T14:24:02.668+0000] {processor.py:914} INFO - Processing file /opt/airflow/dags/pipeline.py for tasks to queue
[2026-05-25T14:24:02.670+0000] {logging_mixin.py:190} INFO - [2026-05-25T14:24:02.670+0000] {dagbag.py:588} INFO - Filling up the DagBag from /opt/airflow/dags/pipeline.py
[2026-05-25T14:24:02.686+0000] {processor.py:925} INFO - DAG(s) 'lastfm_pipeline' retrieved from /opt/airflow/dags/pipeline.py
[2026-05-25T14:24:02.715+0000] {logging_mixin.py:190} INFO - [2026-05-25T14:24:02.714+0000] {dag.py:3239} INFO - Sync 1 DAGs
[2026-05-25T14:24:02.741+0000] {logging_mixin.py:190} INFO - [2026-05-25T14:24:02.741+0000] {dag.py:4180} INFO - Setting next_dagrun for lastfm_pipeline to 2026-05-24 00:00:00+00:00, run_after=2026-05-25 00:00:00+00:00
[2026-05-25T14:24:02.756+0000] {processor.py:208} INFO - Processing /opt/airflow/dags/pipeline.py took 0.098 seconds
[2026-05-25T14:24:32.871+0000] {processor.py:186} INFO - Started process (PID=1645) to work on /opt/airflow/dags/pipeline.py
[2026-05-25T14:24:32.872+0000] {processor.py:914} INFO - Processing file /opt/airflow/dags/pipeline.py for tasks to queue
[2026-05-25T14:24:32.875+0000] {logging_mixin.py:190} INFO - [2026-05-25T14:24:32.874+0000] {dagbag.py:588} INFO - Filling up the DagBag from /opt/airflow/dags/pipeline.py
[2026-05-25T14:24:32.891+0000] {processor.py:925} INFO - DAG(s) 'lastfm_pipeline' retrieved from /opt/airflow/dags/pipeline.py
[2026-05-25T14:24:32.922+0000] {logging_mixin.py:190} INFO - [2026-05-25T14:24:32.922+0000] {dag.py:3239} INFO - Sync 1 DAGs
[2026-05-25T14:24:32.947+0000] {logging_mixin.py:190} INFO - [2026-05-25T14:24:32.947+0000] {dag.py:4180} INFO - Setting next_dagrun for lastfm_pipeline to 2026-05-24 00:00:00+00:00, run_after=2026-05-25 00:00:00+00:00
[2026-05-25T14:24:32.962+0000] {processor.py:208} INFO - Processing /opt/airflow/dags/pipeline.py took 0.098 seconds
[2026-05-25T14:25:03.080+0000] {processor.py:186} INFO - Started process (PID=1650) to work on /opt/airflow/dags/pipeline.py
[2026-05-25T14:25:03.083+0000] {processor.py:914} INFO - Processing file /opt/airflow/dags/pipeline.py for tasks to queue
[2026-05-25T14:25:03.086+0000] {logging_mixin.py:190} INFO - [2026-05-25T14:25:03.085+0000] {dagbag.py:588} INFO - Filling up the DagBag from /opt/airflow/dags/pipeline.py
[2026-05-25T14:25:03.101+0000] {processor.py:925} INFO - DAG(s) 'lastfm_pipeline' retrieved from /opt/airflow/dags/pipeline.py
[2026-05-25T14:25:03.130+0000] {logging_mixin.py:190} INFO - [2026-05-25T14:25:03.130+0000] {dag.py:3239} INFO - Sync 1 DAGs
[2026-05-25T14:25:03.154+0000] {logging_mixin.py:190} INFO - [2026-05-25T14:25:03.154+0000] {dag.py:4180} INFO - Setting next_dagrun for lastfm_pipeline to 2026-05-24 00:00:00+00:00, run_after=2026-05-25 00:00:00+00:00
[2026-05-25T14:25:03.170+0000] {processor.py:208} INFO - Processing /opt/airflow/dags/pipeline.py took 0.096 seconds
[2026-05-25T14:25:33.274+0000] {processor.py:186} INFO - Started process (PID=1655) to work on /opt/airflow/dags/pipeline.py
[2026-05-25T14:25:33.274+0000] {processor.py:914} INFO - Processing file /opt/airflow/dags/pipeline.py for tasks to queue
[2026-05-25T14:25:33.276+0000] {logging_mixin.py:190} INFO - [2026-05-25T14:25:33.276+0000] {dagbag.py:588} INFO - Filling up the DagBag from /opt/airflow/dags/pipeline.py
[2026-05-25T14:25:33.293+0000] {processor.py:925} INFO - DAG(s) 'lastfm_pipeline' retrieved from /opt/airflow/dags/pipeline.py
[2026-05-25T14:25:33.324+0000] {logging_mixin.py:190} INFO - [2026-05-25T14:25:33.324+0000] {dag.py:3239} INFO - Sync 1 DAGs
[2026-05-25T14:25:33.352+0000] {logging_mixin.py:190} INFO - [2026-05-25T14:25:33.351+0000] {dag.py:4180} INFO - Setting next_dagrun for lastfm_pipeline to 2026-05-24 00:00:00+00:00, run_after=2026-05-25 00:00:00+00:00
[2026-05-25T14:25:33.367+0000] {processor.py:208} INFO - Processing /opt/airflow/dags/pipeline.py took 0.100 seconds
[2026-05-25T14:26:03.480+0000] {processor.py:186} INFO - Started process (PID=1660) to work on /opt/airflow/dags/pipeline.py
[2026-05-25T14:26:03.482+0000] {processor.py:914} INFO - Processing file /opt/airflow/dags/pipeline.py for tasks to queue
[2026-05-25T14:26:03.485+0000] {logging_mixin.py:190} INFO - [2026-05-25T14:26:03.485+0000] {dagbag.py:588} INFO - Filling up the DagBag from /opt/airflow/dags/pipeline.py
[2026-05-25T14:26:03.501+0000] {processor.py:925} INFO - DAG(s) 'lastfm_pipeline' retrieved from /opt/airflow/dags/pipeline.py
[2026-05-25T14:26:03.531+0000] {logging_mixin.py:190} INFO - [2026-05-25T14:26:03.531+0000] {dag.py:3239} INFO - Sync 1 DAGs
[2026-05-25T14:26:03.557+0000] {logging_mixin.py:190} INFO - [2026-05-25T14:26:03.557+0000] {dag.py:4180} INFO - Setting next_dagrun for lastfm_pipeline to 2026-05-24 00:00:00+00:00, run_after=2026-05-25 00:00:00+00:00
[2026-05-25T14:26:03.572+0000] {processor.py:208} INFO - Processing /opt/airflow/dags/pipeline.py took 0.099 seconds
[2026-05-25T14:26:33.677+0000] {processor.py:186} INFO - Started process (PID=1665) to work on /opt/airflow/dags/pipeline.py
[2026-05-25T14:26:33.678+0000] {processor.py:914} INFO - Processing file /opt/airflow/dags/pipeline.py for tasks to queue
[2026-05-25T14:26:33.680+0000] {logging_mixin.py:190} INFO - [2026-05-25T14:26:33.679+0000] {dagbag.py:588} INFO - Filling up the DagBag from /opt/airflow/dags/pipeline.py
[2026-05-25T14:26:33.696+0000] {processor.py:925} INFO - DAG(s) 'lastfm_pipeline' retrieved from /opt/airflow/dags/pipeline.py
[2026-05-25T14:26:33.729+0000] {logging_mixin.py:190} INFO - [2026-05-25T14:26:33.729+0000] {dag.py:3239} INFO - Sync 1 DAGs
[2026-05-25T14:26:33.754+0000] {logging_mixin.py:190} INFO - [2026-05-25T14:26:33.754+0000] {dag.py:4180} INFO - Setting next_dagrun for lastfm_pipeline to 2026-05-24 00:00:00+00:00, run_after=2026-05-25 00:00:00+00:00
[2026-05-25T14:26:33.772+0000] {processor.py:208} INFO - Processing /opt/airflow/dags/pipeline.py took 0.102 seconds
[2026-05-25T14:27:03.893+0000] {processor.py:186} INFO - Started process (PID=1670) to work on /opt/airflow/dags/pipeline.py
[2026-05-25T14:27:03.895+0000] {processor.py:914} INFO - Processing file /opt/airflow/dags/pipeline.py for tasks to queue
[2026-05-25T14:27:03.898+0000] {logging_mixin.py:190} INFO - [2026-05-25T14:27:03.897+0000] {dagbag.py:588} INFO - Filling up the DagBag from /opt/airflow/dags/pipeline.py
[2026-05-25T14:27:03.915+0000] {processor.py:925} INFO - DAG(s) 'lastfm_pipeline' retrieved from /opt/airflow/dags/pipeline.py
[2026-05-25T14:27:03.944+0000] {logging_mixin.py:190} INFO - [2026-05-25T14:27:03.944+0000] {dag.py:3239} INFO - Sync 1 DAGs
[2026-05-25T14:27:03.972+0000] {logging_mixin.py:190} INFO - [2026-05-25T14:27:03.972+0000] {dag.py:4180} INFO - Setting next_dagrun for lastfm_pipeline to 2026-05-24 00:00:00+00:00, run_after=2026-05-25 00:00:00+00:00
[2026-05-25T14:27:03.988+0000] {processor.py:208} INFO - Processing /opt/airflow/dags/pipeline.py took 0.102 seconds
[2026-05-25T14:27:34.074+0000] {processor.py:186} INFO - Started process (PID=1675) to work on /opt/airflow/dags/pipeline.py
[2026-05-25T14:27:34.075+0000] {processor.py:914} INFO - Processing file /opt/airflow/dags/pipeline.py for tasks to queue
[2026-05-25T14:27:34.077+0000] {logging_mixin.py:190} INFO - [2026-05-25T14:27:34.077+0000] {dagbag.py:588} INFO - Filling up the DagBag from /opt/airflow/dags/pipeline.py
[2026-05-25T14:27:34.095+0000] {processor.py:925} INFO - DAG(s) 'lastfm_pipeline' retrieved from /opt/airflow/dags/pipeline.py
[2026-05-25T14:27:34.125+0000] {logging_mixin.py:190} INFO - [2026-05-25T14:27:34.125+0000] {dag.py:3239} INFO - Sync 1 DAGs
[2026-05-25T14:27:34.151+0000] {logging_mixin.py:190} INFO - [2026-05-25T14:27:34.150+0000] {dag.py:4180} INFO - Setting next_dagrun for lastfm_pipeline to 2026-05-24 00:00:00+00:00, run_after=2026-05-25 00:00:00+00:00
[2026-05-25T14:27:34.167+0000] {processor.py:208} INFO - Processing /opt/airflow/dags/pipeline.py took 0.099 seconds
[2026-05-25T14:28:04.300+0000] {processor.py:186} INFO - Started process (PID=1680) to work on /opt/airflow/dags/pipeline.py
[2026-05-25T14:28:04.300+0000] {processor.py:914} INFO - Processing file /opt/airflow/dags/pipeline.py for tasks to queue
[2026-05-25T14:28:04.303+0000] {logging_mixin.py:190} INFO - [2026-05-25T14:28:04.303+0000] {dagbag.py:588} INFO - Filling up the DagBag from /opt/airflow/dags/pipeline.py
[2026-05-25T14:28:04.320+0000] {processor.py:925} INFO - DAG(s) 'lastfm_pipeline' retrieved from /opt/airflow/dags/pipeline.py
[2026-05-25T14:28:04.348+0000] {logging_mixin.py:190} INFO - [2026-05-25T14:28:04.348+0000] {dag.py:3239} INFO - Sync 1 DAGs
[2026-05-25T14:28:04.374+0000] {logging_mixin.py:190} INFO - [2026-05-25T14:28:04.373+0000] {dag.py:4180} INFO - Setting next_dagrun for lastfm_pipeline to 2026-05-24 00:00:00+00:00, run_after=2026-05-25 00:00:00+00:00
[2026-05-25T14:28:04.390+0000] {processor.py:208} INFO - Processing /opt/airflow/dags/pipeline.py took 0.098 seconds
[2026-05-25T14:28:34.470+0000] {processor.py:186} INFO - Started process (PID=1685) to work on /opt/airflow/dags/pipeline.py
[2026-05-25T14:28:34.472+0000] {processor.py:914} INFO - Processing file /opt/airflow/dags/pipeline.py for tasks to queue
[2026-05-25T14:28:34.475+0000] {logging_mixin.py:190} INFO - [2026-05-25T14:28:34.475+0000] {dagbag.py:588} INFO - Filling up the DagBag from /opt/airflow/dags/pipeline.py
[2026-05-25T14:28:34.491+0000] {processor.py:925} INFO - DAG(s) 'lastfm_pipeline' retrieved from /opt/airflow/dags/pipeline.py
[2026-05-25T14:28:34.522+0000] {logging_mixin.py:190} INFO - [2026-05-25T14:28:34.522+0000] {dag.py:3239} INFO - Sync 1 DAGs
[2026-05-25T14:28:34.549+0000] {logging_mixin.py:190} INFO - [2026-05-25T14:28:34.548+0000] {dag.py:4180} INFO - Setting next_dagrun for lastfm_pipeline to 2026-05-24 00:00:00+00:00, run_after=2026-05-25 00:00:00+00:00
[2026-05-25T14:28:34.566+0000] {processor.py:208} INFO - Processing /opt/airflow/dags/pipeline.py took 0.103 seconds
[2026-05-25T14:29:04.701+0000] {processor.py:186} INFO - Started process (PID=1690) to work on /opt/airflow/dags/pipeline.py
[2026-05-25T14:29:04.701+0000] {processor.py:914} INFO - Processing file /opt/airflow/dags/pipeline.py for tasks to queue
[2026-05-25T14:29:04.703+0000] {logging_mixin.py:190} INFO - [2026-05-25T14:29:04.703+0000] {dagbag.py:588} INFO - Filling up the DagBag from /opt/airflow/dags/pipeline.py
[2026-05-25T14:29:04.721+0000] {processor.py:925} INFO - DAG(s) 'lastfm_pipeline' retrieved from /opt/airflow/dags/pipeline.py
[2026-05-25T14:29:04.753+0000] {logging_mixin.py:190} INFO - [2026-05-25T14:29:04.752+0000] {dag.py:3239} INFO - Sync 1 DAGs
[2026-05-25T14:29:04.778+0000] {logging_mixin.py:190} INFO - [2026-05-25T14:29:04.777+0000] {dag.py:4180} INFO - Setting next_dagrun for lastfm_pipeline to 2026-05-24 00:00:00+00:00, run_after=2026-05-25 00:00:00+00:00
[2026-05-25T14:29:04.796+0000] {processor.py:208} INFO - Processing /opt/airflow/dags/pipeline.py took 0.103 seconds
[2026-05-25T14:29:34.870+0000] {processor.py:186} INFO - Started process (PID=1695) to work on /opt/airflow/dags/pipeline.py
[2026-05-25T14:29:34.872+0000] {processor.py:914} INFO - Processing file /opt/airflow/dags/pipeline.py for tasks to queue
[2026-05-25T14:29:34.875+0000] {logging_mixin.py:190} INFO - [2026-05-25T14:29:34.875+0000] {dagbag.py:588} INFO - Filling up the DagBag from /opt/airflow/dags/pipeline.py
[2026-05-25T14:29:34.891+0000] {processor.py:925} INFO - DAG(s) 'lastfm_pipeline' retrieved from /opt/airflow/dags/pipeline.py
[2026-05-25T14:29:34.921+0000] {logging_mixin.py:190} INFO - [2026-05-25T14:29:34.921+0000] {dag.py:3239} INFO - Sync 1 DAGs
[2026-05-25T14:29:34.947+0000] {logging_mixin.py:190} INFO - [2026-05-25T14:29:34.947+0000] {dag.py:4180} INFO - Setting next_dagrun for lastfm_pipeline to 2026-05-24 00:00:00+00:00, run_after=2026-05-25 00:00:00+00:00
[2026-05-25T14:29:34.964+0000] {processor.py:208} INFO - Processing /opt/airflow/dags/pipeline.py took 0.101 seconds
[2026-05-25T14:30:05.114+0000] {processor.py:186} INFO - Started process (PID=1700) to work on /opt/airflow/dags/pipeline.py
[2026-05-25T14:30:05.115+0000] {processor.py:914} INFO - Processing file /opt/airflow/dags/pipeline.py for tasks to queue
[2026-05-25T14:30:05.117+0000] {logging_mixin.py:190} INFO - [2026-05-25T14:30:05.116+0000] {dagbag.py:588} INFO - Filling up the DagBag from /opt/airflow/dags/pipeline.py
[2026-05-25T14:30:05.133+0000] {processor.py:925} INFO - DAG(s) 'lastfm_pipeline' retrieved from /opt/airflow/dags/pipeline.py
[2026-05-25T14:30:05.165+0000] {logging_mixin.py:190} INFO - [2026-05-25T14:30:05.164+0000] {dag.py:3239} INFO - Sync 1 DAGs
[2026-05-25T14:30:05.190+0000] {logging_mixin.py:190} INFO - [2026-05-25T14:30:05.189+0000] {dag.py:4180} INFO - Setting next_dagrun for lastfm_pipeline to 2026-05-24 00:00:00+00:00, run_after=2026-05-25 00:00:00+00:00
[2026-05-25T14:30:05.207+0000] {processor.py:208} INFO - Processing /opt/airflow/dags/pipeline.py took 0.099 seconds
[2026-05-25T14:30:35.280+0000] {processor.py:186} INFO - Started process (PID=1705) to work on /opt/airflow/dags/pipeline.py
[2026-05-25T14:30:35.281+0000] {processor.py:914} INFO - Processing file /opt/airflow/dags/pipeline.py for tasks to queue
[2026-05-25T14:30:35.283+0000] {logging_mixin.py:190} INFO - [2026-05-25T14:30:35.283+0000] {dagbag.py:588} INFO - Filling up the DagBag from /opt/airflow/dags/pipeline.py
[2026-05-25T14:30:35.300+0000] {processor.py:925} INFO - DAG(s) 'lastfm_pipeline' retrieved from /opt/airflow/dags/pipeline.py
[2026-05-25T14:30:35.331+0000] {logging_mixin.py:190} INFO - [2026-05-25T14:30:35.330+0000] {dag.py:3239} INFO - Sync 1 DAGs
[2026-05-25T14:30:35.356+0000] {logging_mixin.py:190} INFO - [2026-05-25T14:30:35.356+0000] {dag.py:4180} INFO - Setting next_dagrun for lastfm_pipeline to 2026-05-24 00:00:00+00:00, run_after=2026-05-25 00:00:00+00:00
[2026-05-25T14:30:35.372+0000] {processor.py:208} INFO - Processing /opt/airflow/dags/pipeline.py took 0.098 seconds
[2026-05-25T14:31:05.527+0000] {processor.py:186} INFO - Started process (PID=1710) to work on /opt/airflow/dags/pipeline.py
[2026-05-25T14:31:05.527+0000] {processor.py:914} INFO - Processing file /opt/airflow/dags/pipeline.py for tasks to queue
[2026-05-25T14:31:05.529+0000] {logging_mixin.py:190} INFO - [2026-05-25T14:31:05.529+0000] {dagbag.py:588} INFO - Filling up the DagBag from /opt/airflow/dags/pipeline.py
[2026-05-25T14:31:05.546+0000] {processor.py:925} INFO - DAG(s) 'lastfm_pipeline' retrieved from /opt/airflow/dags/pipeline.py
[2026-05-25T14:31:05.575+0000] {logging_mixin.py:190} INFO - [2026-05-25T14:31:05.574+0000] {dag.py:3239} INFO - Sync 1 DAGs
[2026-05-25T14:31:05.601+0000] {logging_mixin.py:190} INFO - [2026-05-25T14:31:05.600+0000] {dag.py:4180} INFO - Setting next_dagrun for lastfm_pipeline to 2026-05-24 00:00:00+00:00, run_after=2026-05-25 00:00:00+00:00
[2026-05-25T14:31:05.619+0000] {processor.py:208} INFO - Processing /opt/airflow/dags/pipeline.py took 0.098 seconds
[2026-05-25T14:31:35.705+0000] {processor.py:186} INFO - Started process (PID=1715) to work on /opt/airflow/dags/pipeline.py
[2026-05-25T14:31:35.706+0000] {processor.py:914} INFO - Processing file /opt/airflow/dags/pipeline.py for tasks to queue
[2026-05-25T14:31:35.709+0000] {logging_mixin.py:190} INFO - [2026-05-25T14:31:35.708+0000] {dagbag.py:588} INFO - Filling up the DagBag from /opt/airflow/dags/pipeline.py
[2026-05-25T14:31:35.727+0000] {processor.py:925} INFO - DAG(s) 'lastfm_pipeline' retrieved from /opt/airflow/dags/pipeline.py
[2026-05-25T14:31:35.756+0000] {logging_mixin.py:190} INFO - [2026-05-25T14:31:35.756+0000] {dag.py:3239} INFO - Sync 1 DAGs
[2026-05-25T14:31:35.783+0000] {logging_mixin.py:190} INFO - [2026-05-25T14:31:35.782+0000] {dag.py:4180} INFO - Setting next_dagrun for lastfm_pipeline to 2026-05-24 00:00:00+00:00, run_after=2026-05-25 00:00:00+00:00
[2026-05-25T14:31:35.800+0000] {processor.py:208} INFO - Processing /opt/airflow/dags/pipeline.py took 0.101 seconds
[2026-05-25T14:32:05.955+0000] {processor.py:186} INFO - Started process (PID=1720) to work on /opt/airflow/dags/pipeline.py
[2026-05-25T14:32:05.955+0000] {processor.py:914} INFO - Processing file /opt/airflow/dags/pipeline.py for tasks to queue
[2026-05-25T14:32:05.958+0000] {logging_mixin.py:190} INFO - [2026-05-25T14:32:05.958+0000] {dagbag.py:588} INFO - Filling up the DagBag from /opt/airflow/dags/pipeline.py
[2026-05-25T14:32:05.974+0000] {processor.py:925} INFO - DAG(s) 'lastfm_pipeline' retrieved from /opt/airflow/dags/pipeline.py
[2026-05-25T14:32:06.003+0000] {logging_mixin.py:190} INFO - [2026-05-25T14:32:06.002+0000] {dag.py:3239} INFO - Sync 1 DAGs
[2026-05-25T14:32:06.027+0000] {logging_mixin.py:190} INFO - [2026-05-25T14:32:06.027+0000] {dag.py:4180} INFO - Setting next_dagrun for lastfm_pipeline to 2026-05-24 00:00:00+00:00, run_after=2026-05-25 00:00:00+00:00
[2026-05-25T14:32:06.045+0000] {processor.py:208} INFO - Processing /opt/airflow/dags/pipeline.py took 0.096 seconds
[2026-05-25T14:32:36.120+0000] {processor.py:186} INFO - Started process (PID=1725) to work on /opt/airflow/dags/pipeline.py
[2026-05-25T14:32:36.121+0000] {processor.py:914} INFO - Processing file /opt/airflow/dags/pipeline.py for tasks to queue
[2026-05-25T14:32:36.123+0000] {logging_mixin.py:190} INFO - [2026-05-25T14:32:36.123+0000] {dagbag.py:588} INFO - Filling up the DagBag from /opt/airflow/dags/pipeline.py
[2026-05-25T14:32:36.145+0000] {processor.py:925} INFO - DAG(s) 'lastfm_pipeline' retrieved from /opt/airflow/dags/pipeline.py
[2026-05-25T14:32:36.176+0000] {logging_mixin.py:190} INFO - [2026-05-25T14:32:36.176+0000] {dag.py:3239} INFO - Sync 1 DAGs
[2026-05-25T14:32:36.204+0000] {logging_mixin.py:190} INFO - [2026-05-25T14:32:36.204+0000] {dag.py:4180} INFO - Setting next_dagrun for lastfm_pipeline to 2026-05-24 00:00:00+00:00, run_after=2026-05-25 00:00:00+00:00
[2026-05-25T14:32:36.221+0000] {processor.py:208} INFO - Processing /opt/airflow/dags/pipeline.py took 0.109 seconds
[2026-05-25T14:33:06.358+0000] {processor.py:186} INFO - Started process (PID=1730) to work on /opt/airflow/dags/pipeline.py
[2026-05-25T14:33:06.359+0000] {processor.py:914} INFO - Processing file /opt/airflow/dags/pipeline.py for tasks to queue
[2026-05-25T14:33:06.362+0000] {logging_mixin.py:190} INFO - [2026-05-25T14:33:06.361+0000] {dagbag.py:588} INFO - Filling up the DagBag from /opt/airflow/dags/pipeline.py
[2026-05-25T14:33:06.379+0000] {processor.py:925} INFO - DAG(s) 'lastfm_pipeline' retrieved from /opt/airflow/dags/pipeline.py
[2026-05-25T14:33:06.410+0000] {logging_mixin.py:190} INFO - [2026-05-25T14:33:06.409+0000] {dag.py:3239} INFO - Sync 1 DAGs
[2026-05-25T14:33:06.435+0000] {logging_mixin.py:190} INFO - [2026-05-25T14:33:06.435+0000] {dag.py:4180} INFO - Setting next_dagrun for lastfm_pipeline to 2026-05-24 00:00:00+00:00, run_after=2026-05-25 00:00:00+00:00
[2026-05-25T14:33:06.453+0000] {processor.py:208} INFO - Processing /opt/airflow/dags/pipeline.py took 0.101 seconds
[2026-05-25T14:33:36.539+0000] {processor.py:186} INFO - Started process (PID=1735) to work on /opt/airflow/dags/pipeline.py
[2026-05-25T14:33:36.541+0000] {processor.py:914} INFO - Processing file /opt/airflow/dags/pipeline.py for tasks to queue
[2026-05-25T14:33:36.544+0000] {logging_mixin.py:190} INFO - [2026-05-25T14:33:36.543+0000] {dagbag.py:588} INFO - Filling up the DagBag from /opt/airflow/dags/pipeline.py
[2026-05-25T14:33:36.560+0000] {processor.py:925} INFO - DAG(s) 'lastfm_pipeline' retrieved from /opt/airflow/dags/pipeline.py
[2026-05-25T14:33:36.591+0000] {logging_mixin.py:190} INFO - [2026-05-25T14:33:36.590+0000] {dag.py:3239} INFO - Sync 1 DAGs
[2026-05-25T14:33:36.614+0000] {logging_mixin.py:190} INFO - [2026-05-25T14:33:36.614+0000] {dag.py:4180} INFO - Setting next_dagrun for lastfm_pipeline to 2026-05-24 00:00:00+00:00, run_after=2026-05-25 00:00:00+00:00
[2026-05-25T14:33:36.630+0000] {processor.py:208} INFO - Processing /opt/airflow/dags/pipeline.py took 0.097 seconds
[2026-05-25T14:34:06.774+0000] {processor.py:186} INFO - Started process (PID=1740) to work on /opt/airflow/dags/pipeline.py
[2026-05-25T14:34:06.775+0000] {processor.py:914} INFO - Processing file /opt/airflow/dags/pipeline.py for tasks to queue
[2026-05-25T14:34:06.777+0000] {logging_mixin.py:190} INFO - [2026-05-25T14:34:06.777+0000] {dagbag.py:588} INFO - Filling up the DagBag from /opt/airflow/dags/pipeline.py
[2026-05-25T14:34:06.793+0000] {processor.py:925} INFO - DAG(s) 'lastfm_pipeline' retrieved from /opt/airflow/dags/pipeline.py
[2026-05-25T14:34:06.815+0000] {logging_mixin.py:190} INFO - [2026-05-25T14:34:06.815+0000] {dag.py:3239} INFO - Sync 1 DAGs
[2026-05-25T14:34:06.831+0000] {logging_mixin.py:190} INFO - [2026-05-25T14:34:06.831+0000] {dag.py:4180} INFO - Setting next_dagrun for lastfm_pipeline to 2026-05-24 00:00:00+00:00, run_after=2026-05-25 00:00:00+00:00
[2026-05-25T14:34:06.845+0000] {processor.py:208} INFO - Processing /opt/airflow/dags/pipeline.py took 0.075 seconds
[2026-05-25T14:34:36.953+0000] {processor.py:186} INFO - Started process (PID=1745) to work on /opt/airflow/dags/pipeline.py
[2026-05-25T14:34:36.956+0000] {processor.py:914} INFO - Processing file /opt/airflow/dags/pipeline.py for tasks to queue
[2026-05-25T14:34:36.959+0000] {logging_mixin.py:190} INFO - [2026-05-25T14:34:36.959+0000] {dagbag.py:588} INFO - Filling up the DagBag from /opt/airflow/dags/pipeline.py
[2026-05-25T14:34:36.982+0000] {processor.py:925} INFO - DAG(s) 'lastfm_pipeline' retrieved from /opt/airflow/dags/pipeline.py
[2026-05-25T14:34:37.019+0000] {logging_mixin.py:190} INFO - [2026-05-25T14:34:37.019+0000] {dag.py:3239} INFO - Sync 1 DAGs
[2026-05-25T14:34:37.049+0000] {logging_mixin.py:190} INFO - [2026-05-25T14:34:37.048+0000] {dag.py:4180} INFO - Setting next_dagrun for lastfm_pipeline to 2026-05-24 00:00:00+00:00, run_after=2026-05-25 00:00:00+00:00
[2026-05-25T14:34:37.068+0000] {processor.py:208} INFO - Processing /opt/airflow/dags/pipeline.py took 0.123 seconds
[2026-05-25T14:35:07.158+0000] {processor.py:186} INFO - Started process (PID=1750) to work on /opt/airflow/dags/pipeline.py
[2026-05-25T14:35:07.158+0000] {processor.py:914} INFO - Processing file /opt/airflow/dags/pipeline.py for tasks to queue
[2026-05-25T14:35:07.160+0000] {logging_mixin.py:190} INFO - [2026-05-25T14:35:07.160+0000] {dagbag.py:588} INFO - Filling up the DagBag from /opt/airflow/dags/pipeline.py
[2026-05-25T14:35:07.174+0000] {processor.py:925} INFO - DAG(s) 'lastfm_pipeline' retrieved from /opt/airflow/dags/pipeline.py
[2026-05-25T14:35:07.198+0000] {logging_mixin.py:190} INFO - [2026-05-25T14:35:07.197+0000] {dag.py:3239} INFO - Sync 1 DAGs
[2026-05-25T14:35:07.221+0000] {logging_mixin.py:190} INFO - [2026-05-25T14:35:07.221+0000] {dag.py:4180} INFO - Setting next_dagrun for lastfm_pipeline to 2026-05-24 00:00:00+00:00, run_after=2026-05-25 00:00:00+00:00
[2026-05-25T14:35:07.235+0000] {processor.py:208} INFO - Processing /opt/airflow/dags/pipeline.py took 0.082 seconds
[2026-05-25T14:35:37.367+0000] {processor.py:186} INFO - Started process (PID=1755) to work on /opt/airflow/dags/pipeline.py
[2026-05-25T14:35:37.370+0000] {processor.py:914} INFO - Processing file /opt/airflow/dags/pipeline.py for tasks to queue
[2026-05-25T14:35:37.373+0000] {logging_mixin.py:190} INFO - [2026-05-25T14:35:37.372+0000] {dagbag.py:588} INFO - Filling up the DagBag from /opt/airflow/dags/pipeline.py
[2026-05-25T14:35:37.389+0000] {processor.py:925} INFO - DAG(s) 'lastfm_pipeline' retrieved from /opt/airflow/dags/pipeline.py
[2026-05-25T14:35:37.416+0000] {logging_mixin.py:190} INFO - [2026-05-25T14:35:37.416+0000] {dag.py:3239} INFO - Sync 1 DAGs
[2026-05-25T14:35:37.442+0000] {logging_mixin.py:190} INFO - [2026-05-25T14:35:37.442+0000] {dag.py:4180} INFO - Setting next_dagrun for lastfm_pipeline to 2026-05-24 00:00:00+00:00, run_after=2026-05-25 00:00:00+00:00
[2026-05-25T14:35:37.459+0000] {processor.py:208} INFO - Processing /opt/airflow/dags/pipeline.py took 0.099 seconds
[2026-05-25T14:36:07.551+0000] {processor.py:186} INFO - Started process (PID=1760) to work on /opt/airflow/dags/pipeline.py
[2026-05-25T14:36:07.552+0000] {processor.py:914} INFO - Processing file /opt/airflow/dags/pipeline.py for tasks to queue
[2026-05-25T14:36:07.555+0000] {logging_mixin.py:190} INFO - [2026-05-25T14:36:07.554+0000] {dagbag.py:588} INFO - Filling up the DagBag from /opt/airflow/dags/pipeline.py
[2026-05-25T14:36:07.571+0000] {processor.py:925} INFO - DAG(s) 'lastfm_pipeline' retrieved from /opt/airflow/dags/pipeline.py
[2026-05-25T14:36:07.604+0000] {logging_mixin.py:190} INFO - [2026-05-25T14:36:07.604+0000] {dag.py:3239} INFO - Sync 1 DAGs
[2026-05-25T14:36:07.630+0000] {logging_mixin.py:190} INFO - [2026-05-25T14:36:07.629+0000] {dag.py:4180} INFO - Setting next_dagrun for lastfm_pipeline to 2026-05-24 00:00:00+00:00, run_after=2026-05-25 00:00:00+00:00
[2026-05-25T14:36:07.646+0000] {processor.py:208} INFO - Processing /opt/airflow/dags/pipeline.py took 0.102 seconds
[2026-05-25T14:36:37.776+0000] {processor.py:186} INFO - Started process (PID=1765) to work on /opt/airflow/dags/pipeline.py
[2026-05-25T14:36:37.778+0000] {processor.py:914} INFO - Processing file /opt/airflow/dags/pipeline.py for tasks to queue
[2026-05-25T14:36:37.781+0000] {logging_mixin.py:190} INFO - [2026-05-25T14:36:37.781+0000] {dagbag.py:588} INFO - Filling up the DagBag from /opt/airflow/dags/pipeline.py
[2026-05-25T14:36:37.798+0000] {processor.py:925} INFO - DAG(s) 'lastfm_pipeline' retrieved from /opt/airflow/dags/pipeline.py
[2026-05-25T14:36:37.826+0000] {logging_mixin.py:190} INFO - [2026-05-25T14:36:37.826+0000] {dag.py:3239} INFO - Sync 1 DAGs
[2026-05-25T14:36:37.850+0000] {logging_mixin.py:190} INFO - [2026-05-25T14:36:37.850+0000] {dag.py:4180} INFO - Setting next_dagrun for lastfm_pipeline to 2026-05-24 00:00:00+00:00, run_after=2026-05-25 00:00:00+00:00
[2026-05-25T14:36:37.866+0000] {processor.py:208} INFO - Processing /opt/airflow/dags/pipeline.py took 0.097 seconds
[2026-05-25T14:37:07.966+0000] {processor.py:186} INFO - Started process (PID=1770) to work on /opt/airflow/dags/pipeline.py
[2026-05-25T14:37:07.966+0000] {processor.py:914} INFO - Processing file /opt/airflow/dags/pipeline.py for tasks to queue
[2026-05-25T14:37:07.968+0000] {logging_mixin.py:190} INFO - [2026-05-25T14:37:07.968+0000] {dagbag.py:588} INFO - Filling up the DagBag from /opt/airflow/dags/pipeline.py
[2026-05-25T14:37:07.984+0000] {processor.py:925} INFO - DAG(s) 'lastfm_pipeline' retrieved from /opt/airflow/dags/pipeline.py
[2026-05-25T14:37:08.014+0000] {logging_mixin.py:190} INFO - [2026-05-25T14:37:08.014+0000] {dag.py:3239} INFO - Sync 1 DAGs
[2026-05-25T14:37:08.039+0000] {logging_mixin.py:190} INFO - [2026-05-25T14:37:08.039+0000] {dag.py:4180} INFO - Setting next_dagrun for lastfm_pipeline to 2026-05-24 00:00:00+00:00, run_after=2026-05-25 00:00:00+00:00
[2026-05-25T14:37:08.055+0000] {processor.py:208} INFO - Processing /opt/airflow/dags/pipeline.py took 0.095 seconds
[2026-05-25T14:37:38.178+0000] {processor.py:186} INFO - Started process (PID=1775) to work on /opt/airflow/dags/pipeline.py
[2026-05-25T14:37:38.181+0000] {processor.py:914} INFO - Processing file /opt/airflow/dags/pipeline.py for tasks to queue
[2026-05-25T14:37:38.183+0000] {logging_mixin.py:190} INFO - [2026-05-25T14:37:38.182+0000] {dagbag.py:588} INFO - Filling up the DagBag from /opt/airflow/dags/pipeline.py
[2026-05-25T14:37:38.199+0000] {processor.py:925} INFO - DAG(s) 'lastfm_pipeline' retrieved from /opt/airflow/dags/pipeline.py
[2026-05-25T14:37:38.226+0000] {logging_mixin.py:190} INFO - [2026-05-25T14:37:38.226+0000] {dag.py:3239} INFO - Sync 1 DAGs
[2026-05-25T14:37:38.251+0000] {logging_mixin.py:190} INFO - [2026-05-25T14:37:38.250+0000] {dag.py:4180} INFO - Setting next_dagrun for lastfm_pipeline to 2026-05-24 00:00:00+00:00, run_after=2026-05-25 00:00:00+00:00
[2026-05-25T14:37:38.267+0000] {processor.py:208} INFO - Processing /opt/airflow/dags/pipeline.py took 0.095 seconds
[2026-05-25T14:38:08.359+0000] {processor.py:186} INFO - Started process (PID=1780) to work on /opt/airflow/dags/pipeline.py
[2026-05-25T14:38:08.360+0000] {processor.py:914} INFO - Processing file /opt/airflow/dags/pipeline.py for tasks to queue
[2026-05-25T14:38:08.362+0000] {logging_mixin.py:190} INFO - [2026-05-25T14:38:08.361+0000] {dagbag.py:588} INFO - Filling up the DagBag from /opt/airflow/dags/pipeline.py
[2026-05-25T14:38:08.378+0000] {processor.py:925} INFO - DAG(s) 'lastfm_pipeline' retrieved from /opt/airflow/dags/pipeline.py
[2026-05-25T14:38:08.409+0000] {logging_mixin.py:190} INFO - [2026-05-25T14:38:08.408+0000] {dag.py:3239} INFO - Sync 1 DAGs
[2026-05-25T14:38:08.434+0000] {logging_mixin.py:190} INFO - [2026-05-25T14:38:08.434+0000] {dag.py:4180} INFO - Setting next_dagrun for lastfm_pipeline to 2026-05-24 00:00:00+00:00, run_after=2026-05-25 00:00:00+00:00
[2026-05-25T14:38:08.449+0000] {processor.py:208} INFO - Processing /opt/airflow/dags/pipeline.py took 0.097 seconds
[2026-05-25T14:38:38.586+0000] {processor.py:186} INFO - Started process (PID=1785) to work on /opt/airflow/dags/pipeline.py
[2026-05-25T14:38:38.589+0000] {processor.py:914} INFO - Processing file /opt/airflow/dags/pipeline.py for tasks to queue
[2026-05-25T14:38:38.592+0000] {logging_mixin.py:190} INFO - [2026-05-25T14:38:38.591+0000] {dagbag.py:588} INFO - Filling up the DagBag from /opt/airflow/dags/pipeline.py
[2026-05-25T14:38:38.608+0000] {processor.py:925} INFO - DAG(s) 'lastfm_pipeline' retrieved from /opt/airflow/dags/pipeline.py
[2026-05-25T14:38:38.639+0000] {logging_mixin.py:190} INFO - [2026-05-25T14:38:38.639+0000] {dag.py:3239} INFO - Sync 1 DAGs
[2026-05-25T14:38:38.664+0000] {logging_mixin.py:190} INFO - [2026-05-25T14:38:38.664+0000] {dag.py:4180} INFO - Setting next_dagrun for lastfm_pipeline to 2026-05-24 00:00:00+00:00, run_after=2026-05-25 00:00:00+00:00
[2026-05-25T14:38:38.681+0000] {processor.py:208} INFO - Processing /opt/airflow/dags/pipeline.py took 0.101 seconds
[2026-05-25T14:39:08.760+0000] {processor.py:186} INFO - Started process (PID=1790) to work on /opt/airflow/dags/pipeline.py
[2026-05-25T14:39:08.761+0000] {processor.py:914} INFO - Processing file /opt/airflow/dags/pipeline.py for tasks to queue
[2026-05-25T14:39:08.764+0000] {logging_mixin.py:190} INFO - [2026-05-25T14:39:08.763+0000] {dagbag.py:588} INFO - Filling up the DagBag from /opt/airflow/dags/pipeline.py
[2026-05-25T14:39:08.780+0000] {processor.py:925} INFO - DAG(s) 'lastfm_pipeline' retrieved from /opt/airflow/dags/pipeline.py
[2026-05-25T14:39:08.809+0000] {logging_mixin.py:190} INFO - [2026-05-25T14:39:08.809+0000] {dag.py:3239} INFO - Sync 1 DAGs
[2026-05-25T14:39:08.835+0000] {logging_mixin.py:190} INFO - [2026-05-25T14:39:08.835+0000] {dag.py:4180} INFO - Setting next_dagrun for lastfm_pipeline to 2026-05-24 00:00:00+00:00, run_after=2026-05-25 00:00:00+00:00
[2026-05-25T14:39:08.851+0000] {processor.py:208} INFO - Processing /opt/airflow/dags/pipeline.py took 0.097 seconds
[2026-05-25T14:39:38.992+0000] {processor.py:186} INFO - Started process (PID=1795) to work on /opt/airflow/dags/pipeline.py
[2026-05-25T14:39:38.994+0000] {processor.py:914} INFO - Processing file /opt/airflow/dags/pipeline.py for tasks to queue
[2026-05-25T14:39:38.998+0000] {logging_mixin.py:190} INFO - [2026-05-25T14:39:38.997+0000] {dagbag.py:588} INFO - Filling up the DagBag from /opt/airflow/dags/pipeline.py
[2026-05-25T14:39:39.016+0000] {processor.py:925} INFO - DAG(s) 'lastfm_pipeline' retrieved from /opt/airflow/dags/pipeline.py
[2026-05-25T14:39:39.046+0000] {logging_mixin.py:190} INFO - [2026-05-25T14:39:39.045+0000] {dag.py:3239} INFO - Sync 1 DAGs
[2026-05-25T14:39:39.072+0000] {logging_mixin.py:190} INFO - [2026-05-25T14:39:39.072+0000] {dag.py:4180} INFO - Setting next_dagrun for lastfm_pipeline to 2026-05-24 00:00:00+00:00, run_after=2026-05-25 00:00:00+00:00
[2026-05-25T14:39:39.089+0000] {processor.py:208} INFO - Processing /opt/airflow/dags/pipeline.py took 0.103 seconds
[2026-05-25T14:40:09.166+0000] {processor.py:186} INFO - Started process (PID=1800) to work on /opt/airflow/dags/pipeline.py
[2026-05-25T14:40:09.167+0000] {processor.py:914} INFO - Processing file /opt/airflow/dags/pipeline.py for tasks to queue
[2026-05-25T14:40:09.169+0000] {logging_mixin.py:190} INFO - [2026-05-25T14:40:09.169+0000] {dagbag.py:588} INFO - Filling up the DagBag from /opt/airflow/dags/pipeline.py
[2026-05-25T14:40:09.186+0000] {processor.py:925} INFO - DAG(s) 'lastfm_pipeline' retrieved from /opt/airflow/dags/pipeline.py
[2026-05-25T14:40:09.217+0000] {logging_mixin.py:190} INFO - [2026-05-25T14:40:09.217+0000] {dag.py:3239} INFO - Sync 1 DAGs
[2026-05-25T14:40:09.242+0000] {logging_mixin.py:190} INFO - [2026-05-25T14:40:09.241+0000] {dag.py:4180} INFO - Setting next_dagrun for lastfm_pipeline to 2026-05-24 00:00:00+00:00, run_after=2026-05-25 00:00:00+00:00
[2026-05-25T14:40:09.259+0000] {processor.py:208} INFO - Processing /opt/airflow/dags/pipeline.py took 0.099 seconds
[2026-05-25T14:40:39.399+0000] {processor.py:186} INFO - Started process (PID=1805) to work on /opt/airflow/dags/pipeline.py
[2026-05-25T14:40:39.402+0000] {processor.py:914} INFO - Processing file /opt/airflow/dags/pipeline.py for tasks to queue
[2026-05-25T14:40:39.405+0000] {logging_mixin.py:190} INFO - [2026-05-25T14:40:39.405+0000] {dagbag.py:588} INFO - Filling up the DagBag from /opt/airflow/dags/pipeline.py
[2026-05-25T14:40:39.423+0000] {processor.py:925} INFO - DAG(s) 'lastfm_pipeline' retrieved from /opt/airflow/dags/pipeline.py
[2026-05-25T14:40:39.454+0000] {logging_mixin.py:190} INFO - [2026-05-25T14:40:39.453+0000] {dag.py:3239} INFO - Sync 1 DAGs
[2026-05-25T14:40:39.481+0000] {logging_mixin.py:190} INFO - [2026-05-25T14:40:39.481+0000] {dag.py:4180} INFO - Setting next_dagrun for lastfm_pipeline to 2026-05-24 00:00:00+00:00, run_after=2026-05-25 00:00:00+00:00
[2026-05-25T14:40:39.500+0000] {processor.py:208} INFO - Processing /opt/airflow/dags/pipeline.py took 0.107 seconds
[2026-05-25T14:41:09.586+0000] {processor.py:186} INFO - Started process (PID=1810) to work on /opt/airflow/dags/pipeline.py
[2026-05-25T14:41:09.587+0000] {processor.py:914} INFO - Processing file /opt/airflow/dags/pipeline.py for tasks to queue
[2026-05-25T14:41:09.592+0000] {logging_mixin.py:190} INFO - [2026-05-25T14:41:09.591+0000] {dagbag.py:588} INFO - Filling up the DagBag from /opt/airflow/dags/pipeline.py
[2026-05-25T14:41:09.618+0000] {processor.py:925} INFO - DAG(s) 'lastfm_pipeline' retrieved from /opt/airflow/dags/pipeline.py
[2026-05-25T14:41:09.652+0000] {logging_mixin.py:190} INFO - [2026-05-25T14:41:09.652+0000] {dag.py:3239} INFO - Sync 1 DAGs
[2026-05-25T14:41:09.680+0000] {logging_mixin.py:190} INFO - [2026-05-25T14:41:09.680+0000] {dag.py:4180} INFO - Setting next_dagrun for lastfm_pipeline to 2026-05-24 00:00:00+00:00, run_after=2026-05-25 00:00:00+00:00
[2026-05-25T14:41:09.698+0000] {processor.py:208} INFO - Processing /opt/airflow/dags/pipeline.py took 0.120 seconds
[2026-05-25T14:41:39.813+0000] {processor.py:186} INFO - Started process (PID=1815) to work on /opt/airflow/dags/pipeline.py
[2026-05-25T14:41:39.816+0000] {processor.py:914} INFO - Processing file /opt/airflow/dags/pipeline.py for tasks to queue
[2026-05-25T14:41:39.818+0000] {logging_mixin.py:190} INFO - [2026-05-25T14:41:39.818+0000] {dagbag.py:588} INFO - Filling up the DagBag from /opt/airflow/dags/pipeline.py
[2026-05-25T14:41:39.835+0000] {processor.py:925} INFO - DAG(s) 'lastfm_pipeline' retrieved from /opt/airflow/dags/pipeline.py
[2026-05-25T14:41:39.869+0000] {logging_mixin.py:190} INFO - [2026-05-25T14:41:39.868+0000] {dag.py:3239} INFO - Sync 1 DAGs
[2026-05-25T14:41:39.894+0000] {logging_mixin.py:190} INFO - [2026-05-25T14:41:39.893+0000] {dag.py:4180} INFO - Setting next_dagrun for lastfm_pipeline to 2026-05-24 00:00:00+00:00, run_after=2026-05-25 00:00:00+00:00
[2026-05-25T14:41:39.909+0000] {processor.py:208} INFO - Processing /opt/airflow/dags/pipeline.py took 0.103 seconds
[2026-05-25T14:42:10.035+0000] {processor.py:186} INFO - Started process (PID=1820) to work on /opt/airflow/dags/pipeline.py
[2026-05-25T14:42:10.036+0000] {processor.py:914} INFO - Processing file /opt/airflow/dags/pipeline.py for tasks to queue
[2026-05-25T14:42:10.037+0000] {logging_mixin.py:190} INFO - [2026-05-25T14:42:10.037+0000] {dagbag.py:588} INFO - Filling up the DagBag from /opt/airflow/dags/pipeline.py
[2026-05-25T14:42:10.054+0000] {processor.py:925} INFO - DAG(s) 'lastfm_pipeline' retrieved from /opt/airflow/dags/pipeline.py
[2026-05-25T14:42:10.084+0000] {logging_mixin.py:190} INFO - [2026-05-25T14:42:10.084+0000] {dag.py:3239} INFO - Sync 1 DAGs
[2026-05-25T14:42:10.111+0000] {logging_mixin.py:190} INFO - [2026-05-25T14:42:10.111+0000] {dag.py:4180} INFO - Setting next_dagrun for lastfm_pipeline to 2026-05-24 00:00:00+00:00, run_after=2026-05-25 00:00:00+00:00
[2026-05-25T14:42:10.127+0000] {processor.py:208} INFO - Processing /opt/airflow/dags/pipeline.py took 0.099 seconds
[2026-05-25T14:42:40.240+0000] {processor.py:186} INFO - Started process (PID=1825) to work on /opt/airflow/dags/pipeline.py
[2026-05-25T14:42:40.243+0000] {processor.py:914} INFO - Processing file /opt/airflow/dags/pipeline.py for tasks to queue
[2026-05-25T14:42:40.246+0000] {logging_mixin.py:190} INFO - [2026-05-25T14:42:40.245+0000] {dagbag.py:588} INFO - Filling up the DagBag from /opt/airflow/dags/pipeline.py
[2026-05-25T14:42:40.263+0000] {processor.py:925} INFO - DAG(s) 'lastfm_pipeline' retrieved from /opt/airflow/dags/pipeline.py
[2026-05-25T14:42:40.293+0000] {logging_mixin.py:190} INFO - [2026-05-25T14:42:40.293+0000] {dag.py:3239} INFO - Sync 1 DAGs
[2026-05-25T14:42:40.317+0000] {logging_mixin.py:190} INFO - [2026-05-25T14:42:40.317+0000] {dag.py:4180} INFO - Setting next_dagrun for lastfm_pipeline to 2026-05-24 00:00:00+00:00, run_after=2026-05-25 00:00:00+00:00
[2026-05-25T14:42:40.334+0000] {processor.py:208} INFO - Processing /opt/airflow/dags/pipeline.py took 0.099 seconds
[2026-05-25T14:43:10.456+0000] {processor.py:186} INFO - Started process (PID=1830) to work on /opt/airflow/dags/pipeline.py
[2026-05-25T14:43:10.456+0000] {processor.py:914} INFO - Processing file /opt/airflow/dags/pipeline.py for tasks to queue
[2026-05-25T14:43:10.458+0000] {logging_mixin.py:190} INFO - [2026-05-25T14:43:10.458+0000] {dagbag.py:588} INFO - Filling up the DagBag from /opt/airflow/dags/pipeline.py
[2026-05-25T14:43:10.476+0000] {processor.py:925} INFO - DAG(s) 'lastfm_pipeline' retrieved from /opt/airflow/dags/pipeline.py
[2026-05-25T14:43:10.506+0000] {logging_mixin.py:190} INFO - [2026-05-25T14:43:10.505+0000] {dag.py:3239} INFO - Sync 1 DAGs
[2026-05-25T14:43:10.531+0000] {logging_mixin.py:190} INFO - [2026-05-25T14:43:10.531+0000] {dag.py:4180} INFO - Setting next_dagrun for lastfm_pipeline to 2026-05-24 00:00:00+00:00, run_after=2026-05-25 00:00:00+00:00
[2026-05-25T14:43:10.547+0000] {processor.py:208} INFO - Processing /opt/airflow/dags/pipeline.py took 0.099 seconds
[2026-05-25T14:43:40.655+0000] {processor.py:186} INFO - Started process (PID=1835) to work on /opt/airflow/dags/pipeline.py
[2026-05-25T14:43:40.656+0000] {processor.py:914} INFO - Processing file /opt/airflow/dags/pipeline.py for tasks to queue
[2026-05-25T14:43:40.658+0000] {logging_mixin.py:190} INFO - [2026-05-25T14:43:40.658+0000] {dagbag.py:588} INFO - Filling up the DagBag from /opt/airflow/dags/pipeline.py
[2026-05-25T14:43:40.675+0000] {processor.py:925} INFO - DAG(s) 'lastfm_pipeline' retrieved from /opt/airflow/dags/pipeline.py
[2026-05-25T14:43:40.706+0000] {logging_mixin.py:190} INFO - [2026-05-25T14:43:40.705+0000] {dag.py:3239} INFO - Sync 1 DAGs
[2026-05-25T14:43:40.731+0000] {logging_mixin.py:190} INFO - [2026-05-25T14:43:40.731+0000] {dag.py:4180} INFO - Setting next_dagrun for lastfm_pipeline to 2026-05-24 00:00:00+00:00, run_after=2026-05-25 00:00:00+00:00
[2026-05-25T14:43:40.748+0000] {processor.py:208} INFO - Processing /opt/airflow/dags/pipeline.py took 0.100 seconds
[2026-05-25T14:44:10.864+0000] {processor.py:186} INFO - Started process (PID=1840) to work on /opt/airflow/dags/pipeline.py
[2026-05-25T14:44:10.865+0000] {processor.py:914} INFO - Processing file /opt/airflow/dags/pipeline.py for tasks to queue
[2026-05-25T14:44:10.867+0000] {logging_mixin.py:190} INFO - [2026-05-25T14:44:10.867+0000] {dagbag.py:588} INFO - Filling up the DagBag from /opt/airflow/dags/pipeline.py
[2026-05-25T14:44:10.885+0000] {processor.py:925} INFO - DAG(s) 'lastfm_pipeline' retrieved from /opt/airflow/dags/pipeline.py
[2026-05-25T14:44:10.916+0000] {logging_mixin.py:190} INFO - [2026-05-25T14:44:10.915+0000] {dag.py:3239} INFO - Sync 1 DAGs
[2026-05-25T14:44:10.940+0000] {logging_mixin.py:190} INFO - [2026-05-25T14:44:10.940+0000] {dag.py:4180} INFO - Setting next_dagrun for lastfm_pipeline to 2026-05-24 00:00:00+00:00, run_after=2026-05-25 00:00:00+00:00
[2026-05-25T14:44:10.957+0000] {processor.py:208} INFO - Processing /opt/airflow/dags/pipeline.py took 0.100 seconds
[2026-05-25T14:44:41.066+0000] {processor.py:186} INFO - Started process (PID=1845) to work on /opt/airflow/dags/pipeline.py
[2026-05-25T14:44:41.069+0000] {processor.py:914} INFO - Processing file /opt/airflow/dags/pipeline.py for tasks to queue
[2026-05-25T14:44:41.072+0000] {logging_mixin.py:190} INFO - [2026-05-25T14:44:41.072+0000] {dagbag.py:588} INFO - Filling up the DagBag from /opt/airflow/dags/pipeline.py
[2026-05-25T14:44:41.089+0000] {processor.py:925} INFO - DAG(s) 'lastfm_pipeline' retrieved from /opt/airflow/dags/pipeline.py
[2026-05-25T14:44:41.119+0000] {logging_mixin.py:190} INFO - [2026-05-25T14:44:41.119+0000] {dag.py:3239} INFO - Sync 1 DAGs
[2026-05-25T14:44:41.143+0000] {logging_mixin.py:190} INFO - [2026-05-25T14:44:41.143+0000] {dag.py:4180} INFO - Setting next_dagrun for lastfm_pipeline to 2026-05-24 00:00:00+00:00, run_after=2026-05-25 00:00:00+00:00
[2026-05-25T14:44:41.160+0000] {processor.py:208} INFO - Processing /opt/airflow/dags/pipeline.py took 0.100 seconds
[2026-05-25T14:45:11.258+0000] {processor.py:186} INFO - Started process (PID=1850) to work on /opt/airflow/dags/pipeline.py
[2026-05-25T14:45:11.258+0000] {processor.py:914} INFO - Processing file /opt/airflow/dags/pipeline.py for tasks to queue
[2026-05-25T14:45:11.261+0000] {logging_mixin.py:190} INFO - [2026-05-25T14:45:11.260+0000] {dagbag.py:588} INFO - Filling up the DagBag from /opt/airflow/dags/pipeline.py
[2026-05-25T14:45:11.278+0000] {processor.py:925} INFO - DAG(s) 'lastfm_pipeline' retrieved from /opt/airflow/dags/pipeline.py
[2026-05-25T14:45:11.308+0000] {logging_mixin.py:190} INFO - [2026-05-25T14:45:11.308+0000] {dag.py:3239} INFO - Sync 1 DAGs
[2026-05-25T14:45:11.333+0000] {logging_mixin.py:190} INFO - [2026-05-25T14:45:11.333+0000] {dag.py:4180} INFO - Setting next_dagrun for lastfm_pipeline to 2026-05-24 00:00:00+00:00, run_after=2026-05-25 00:00:00+00:00
[2026-05-25T14:45:11.350+0000] {processor.py:208} INFO - Processing /opt/airflow/dags/pipeline.py took 0.098 seconds
[2026-05-25T14:45:41.466+0000] {processor.py:186} INFO - Started process (PID=1855) to work on /opt/airflow/dags/pipeline.py
[2026-05-25T14:45:41.469+0000] {processor.py:914} INFO - Processing file /opt/airflow/dags/pipeline.py for tasks to queue
[2026-05-25T14:45:41.471+0000] {logging_mixin.py:190} INFO - [2026-05-25T14:45:41.471+0000] {dagbag.py:588} INFO - Filling up the DagBag from /opt/airflow/dags/pipeline.py
[2026-05-25T14:45:41.487+0000] {processor.py:925} INFO - DAG(s) 'lastfm_pipeline' retrieved from /opt/airflow/dags/pipeline.py
[2026-05-25T14:45:41.519+0000] {logging_mixin.py:190} INFO - [2026-05-25T14:45:41.519+0000] {dag.py:3239} INFO - Sync 1 DAGs
[2026-05-25T14:45:41.543+0000] {logging_mixin.py:190} INFO - [2026-05-25T14:45:41.543+0000] {dag.py:4180} INFO - Setting next_dagrun for lastfm_pipeline to 2026-05-24 00:00:00+00:00, run_after=2026-05-25 00:00:00+00:00
[2026-05-25T14:45:41.559+0000] {processor.py:208} INFO - Processing /opt/airflow/dags/pipeline.py took 0.099 seconds
[2026-05-25T14:46:11.665+0000] {processor.py:186} INFO - Started process (PID=1860) to work on /opt/airflow/dags/pipeline.py
[2026-05-25T14:46:11.666+0000] {processor.py:914} INFO - Processing file /opt/airflow/dags/pipeline.py for tasks to queue
[2026-05-25T14:46:11.668+0000] {logging_mixin.py:190} INFO - [2026-05-25T14:46:11.667+0000] {dagbag.py:588} INFO - Filling up the DagBag from /opt/airflow/dags/pipeline.py
[2026-05-25T14:46:11.684+0000] {processor.py:925} INFO - DAG(s) 'lastfm_pipeline' retrieved from /opt/airflow/dags/pipeline.py
[2026-05-25T14:46:11.714+0000] {logging_mixin.py:190} INFO - [2026-05-25T14:46:11.714+0000] {dag.py:3239} INFO - Sync 1 DAGs
[2026-05-25T14:46:11.739+0000] {logging_mixin.py:190} INFO - [2026-05-25T14:46:11.738+0000] {dag.py:4180} INFO - Setting next_dagrun for lastfm_pipeline to 2026-05-24 00:00:00+00:00, run_after=2026-05-25 00:00:00+00:00
[2026-05-25T14:46:11.757+0000] {processor.py:208} INFO - Processing /opt/airflow/dags/pipeline.py took 0.098 seconds
[2026-05-25T14:46:41.887+0000] {processor.py:186} INFO - Started process (PID=1865) to work on /opt/airflow/dags/pipeline.py
[2026-05-25T14:46:41.888+0000] {processor.py:914} INFO - Processing file /opt/airflow/dags/pipeline.py for tasks to queue
[2026-05-25T14:46:41.890+0000] {logging_mixin.py:190} INFO - [2026-05-25T14:46:41.890+0000] {dagbag.py:588} INFO - Filling up the DagBag from /opt/airflow/dags/pipeline.py
[2026-05-25T14:46:41.907+0000] {processor.py:925} INFO - DAG(s) 'lastfm_pipeline' retrieved from /opt/airflow/dags/pipeline.py
[2026-05-25T14:46:41.935+0000] {logging_mixin.py:190} INFO - [2026-05-25T14:46:41.934+0000] {dag.py:3239} INFO - Sync 1 DAGs
[2026-05-25T14:46:41.960+0000] {logging_mixin.py:190} INFO - [2026-05-25T14:46:41.960+0000] {dag.py:4180} INFO - Setting next_dagrun for lastfm_pipeline to 2026-05-24 00:00:00+00:00, run_after=2026-05-25 00:00:00+00:00
[2026-05-25T14:46:41.977+0000] {processor.py:208} INFO - Processing /opt/airflow/dags/pipeline.py took 0.096 seconds
[2026-05-25T14:47:12.075+0000] {processor.py:186} INFO - Started process (PID=1870) to work on /opt/airflow/dags/pipeline.py
[2026-05-25T14:47:12.076+0000] {processor.py:914} INFO - Processing file /opt/airflow/dags/pipeline.py for tasks to queue
[2026-05-25T14:47:12.078+0000] {logging_mixin.py:190} INFO - [2026-05-25T14:47:12.078+0000] {dagbag.py:588} INFO - Filling up the DagBag from /opt/airflow/dags/pipeline.py
[2026-05-25T14:47:12.096+0000] {processor.py:925} INFO - DAG(s) 'lastfm_pipeline' retrieved from /opt/airflow/dags/pipeline.py
[2026-05-25T14:47:12.129+0000] {logging_mixin.py:190} INFO - [2026-05-25T14:47:12.129+0000] {dag.py:3239} INFO - Sync 1 DAGs
[2026-05-25T14:47:12.154+0000] {logging_mixin.py:190} INFO - [2026-05-25T14:47:12.154+0000] {dag.py:4180} INFO - Setting next_dagrun for lastfm_pipeline to 2026-05-24 00:00:00+00:00, run_after=2026-05-25 00:00:00+00:00
[2026-05-25T14:47:12.167+0000] {processor.py:208} INFO - Processing /opt/airflow/dags/pipeline.py took 0.099 seconds
[2026-05-25T14:47:42.356+0000] {processor.py:186} INFO - Started process (PID=1875) to work on /opt/airflow/dags/pipeline.py
[2026-05-25T14:47:42.356+0000] {processor.py:914} INFO - Processing file /opt/airflow/dags/pipeline.py for tasks to queue
[2026-05-25T14:47:42.360+0000] {logging_mixin.py:190} INFO - [2026-05-25T14:47:42.359+0000] {dagbag.py:588} INFO - Filling up the DagBag from /opt/airflow/dags/pipeline.py
[2026-05-25T14:47:42.381+0000] {processor.py:925} INFO - DAG(s) 'lastfm_pipeline' retrieved from /opt/airflow/dags/pipeline.py
[2026-05-25T14:47:42.413+0000] {logging_mixin.py:190} INFO - [2026-05-25T14:47:42.413+0000] {dag.py:3239} INFO - Sync 1 DAGs
[2026-05-25T14:47:42.436+0000] {logging_mixin.py:190} INFO - [2026-05-25T14:47:42.436+0000] {dag.py:4180} INFO - Setting next_dagrun for lastfm_pipeline to 2026-05-24 00:00:00+00:00, run_after=2026-05-25 00:00:00+00:00
[2026-05-25T14:47:42.449+0000] {processor.py:208} INFO - Processing /opt/airflow/dags/pipeline.py took 0.099 seconds
[2026-05-25T14:48:12.481+0000] {processor.py:186} INFO - Started process (PID=1880) to work on /opt/airflow/dags/pipeline.py
[2026-05-25T14:48:12.482+0000] {processor.py:914} INFO - Processing file /opt/airflow/dags/pipeline.py for tasks to queue
[2026-05-25T14:48:12.484+0000] {logging_mixin.py:190} INFO - [2026-05-25T14:48:12.484+0000] {dagbag.py:588} INFO - Filling up the DagBag from /opt/airflow/dags/pipeline.py
[2026-05-25T14:48:12.500+0000] {processor.py:925} INFO - DAG(s) 'lastfm_pipeline' retrieved from /opt/airflow/dags/pipeline.py
[2026-05-25T14:48:12.531+0000] {logging_mixin.py:190} INFO - [2026-05-25T14:48:12.530+0000] {dag.py:3239} INFO - Sync 1 DAGs
[2026-05-25T14:48:12.556+0000] {logging_mixin.py:190} INFO - [2026-05-25T14:48:12.556+0000] {dag.py:4180} INFO - Setting next_dagrun for lastfm_pipeline to 2026-05-24 00:00:00+00:00, run_after=2026-05-25 00:00:00+00:00
[2026-05-25T14:48:12.572+0000] {processor.py:208} INFO - Processing /opt/airflow/dags/pipeline.py took 0.097 seconds
[2026-05-25T14:48:42.638+0000] {processor.py:186} INFO - Started process (PID=1885) to work on /opt/airflow/dags/pipeline.py
[2026-05-25T14:48:42.641+0000] {processor.py:914} INFO - Processing file /opt/airflow/dags/pipeline.py for tasks to queue
[2026-05-25T14:48:42.644+0000] {logging_mixin.py:190} INFO - [2026-05-25T14:48:42.644+0000] {dagbag.py:588} INFO - Filling up the DagBag from /opt/airflow/dags/pipeline.py
[2026-05-25T14:48:42.661+0000] {processor.py:925} INFO - DAG(s) 'lastfm_pipeline' retrieved from /opt/airflow/dags/pipeline.py
[2026-05-25T14:48:42.687+0000] {logging_mixin.py:190} INFO - [2026-05-25T14:48:42.687+0000] {dag.py:3239} INFO - Sync 1 DAGs
[2026-05-25T14:48:42.705+0000] {logging_mixin.py:190} INFO - [2026-05-25T14:48:42.705+0000] {dag.py:4180} INFO - Setting next_dagrun for lastfm_pipeline to 2026-05-24 00:00:00+00:00, run_after=2026-05-25 00:00:00+00:00
[2026-05-25T14:48:42.719+0000] {processor.py:208} INFO - Processing /opt/airflow/dags/pipeline.py took 0.086 seconds
[2026-05-25T14:49:12.896+0000] {processor.py:186} INFO - Started process (PID=1890) to work on /opt/airflow/dags/pipeline.py
[2026-05-25T14:49:12.897+0000] {processor.py:914} INFO - Processing file /opt/airflow/dags/pipeline.py for tasks to queue
[2026-05-25T14:49:12.899+0000] {logging_mixin.py:190} INFO - [2026-05-25T14:49:12.899+0000] {dagbag.py:588} INFO - Filling up the DagBag from /opt/airflow/dags/pipeline.py
[2026-05-25T14:49:12.915+0000] {processor.py:925} INFO - DAG(s) 'lastfm_pipeline' retrieved from /opt/airflow/dags/pipeline.py
[2026-05-25T14:49:12.944+0000] {logging_mixin.py:190} INFO - [2026-05-25T14:49:12.944+0000] {dag.py:3239} INFO - Sync 1 DAGs
[2026-05-25T14:49:12.968+0000] {logging_mixin.py:190} INFO - [2026-05-25T14:49:12.968+0000] {dag.py:4180} INFO - Setting next_dagrun for lastfm_pipeline to 2026-05-24 00:00:00+00:00, run_after=2026-05-25 00:00:00+00:00
[2026-05-25T14:49:12.985+0000] {processor.py:208} INFO - Processing /opt/airflow/dags/pipeline.py took 0.095 seconds
[2026-05-25T14:49:43.068+0000] {processor.py:186} INFO - Started process (PID=1895) to work on /opt/airflow/dags/pipeline.py
[2026-05-25T14:49:43.069+0000] {processor.py:914} INFO - Processing file /opt/airflow/dags/pipeline.py for tasks to queue
[2026-05-25T14:49:43.071+0000] {logging_mixin.py:190} INFO - [2026-05-25T14:49:43.071+0000] {dagbag.py:588} INFO - Filling up the DagBag from /opt/airflow/dags/pipeline.py
[2026-05-25T14:49:43.087+0000] {processor.py:925} INFO - DAG(s) 'lastfm_pipeline' retrieved from /opt/airflow/dags/pipeline.py
[2026-05-25T14:49:43.117+0000] {logging_mixin.py:190} INFO - [2026-05-25T14:49:43.116+0000] {dag.py:3239} INFO - Sync 1 DAGs
[2026-05-25T14:49:43.142+0000] {logging_mixin.py:190} INFO - [2026-05-25T14:49:43.142+0000] {dag.py:4180} INFO - Setting next_dagrun for lastfm_pipeline to 2026-05-24 00:00:00+00:00, run_after=2026-05-25 00:00:00+00:00
[2026-05-25T14:49:43.159+0000] {processor.py:208} INFO - Processing /opt/airflow/dags/pipeline.py took 0.098 seconds
[2026-05-25T14:50:13.300+0000] {processor.py:186} INFO - Started process (PID=1900) to work on /opt/airflow/dags/pipeline.py
[2026-05-25T14:50:13.300+0000] {processor.py:914} INFO - Processing file /opt/airflow/dags/pipeline.py for tasks to queue
[2026-05-25T14:50:13.302+0000] {logging_mixin.py:190} INFO - [2026-05-25T14:50:13.302+0000] {dagbag.py:588} INFO - Filling up the DagBag from /opt/airflow/dags/pipeline.py
[2026-05-25T14:50:13.319+0000] {processor.py:925} INFO - DAG(s) 'lastfm_pipeline' retrieved from /opt/airflow/dags/pipeline.py
[2026-05-25T14:50:13.351+0000] {logging_mixin.py:190} INFO - [2026-05-25T14:50:13.351+0000] {dag.py:3239} INFO - Sync 1 DAGs
[2026-05-25T14:50:13.376+0000] {logging_mixin.py:190} INFO - [2026-05-25T14:50:13.376+0000] {dag.py:4180} INFO - Setting next_dagrun for lastfm_pipeline to 2026-05-24 00:00:00+00:00, run_after=2026-05-25 00:00:00+00:00
[2026-05-25T14:50:13.392+0000] {processor.py:208} INFO - Processing /opt/airflow/dags/pipeline.py took 0.099 seconds
[2026-05-25T14:50:43.469+0000] {processor.py:186} INFO - Started process (PID=1905) to work on /opt/airflow/dags/pipeline.py
[2026-05-25T14:50:43.471+0000] {processor.py:914} INFO - Processing file /opt/airflow/dags/pipeline.py for tasks to queue
[2026-05-25T14:50:43.474+0000] {logging_mixin.py:190} INFO - [2026-05-25T14:50:43.473+0000] {dagbag.py:588} INFO - Filling up the DagBag from /opt/airflow/dags/pipeline.py
[2026-05-25T14:50:43.490+0000] {processor.py:925} INFO - DAG(s) 'lastfm_pipeline' retrieved from /opt/airflow/dags/pipeline.py
[2026-05-25T14:50:43.521+0000] {logging_mixin.py:190} INFO - [2026-05-25T14:50:43.520+0000] {dag.py:3239} INFO - Sync 1 DAGs
[2026-05-25T14:50:43.546+0000] {logging_mixin.py:190} INFO - [2026-05-25T14:50:43.546+0000] {dag.py:4180} INFO - Setting next_dagrun for lastfm_pipeline to 2026-05-24 00:00:00+00:00, run_after=2026-05-25 00:00:00+00:00
[2026-05-25T14:50:43.565+0000] {processor.py:208} INFO - Processing /opt/airflow/dags/pipeline.py took 0.102 seconds
[2026-05-25T14:51:13.715+0000] {processor.py:186} INFO - Started process (PID=1910) to work on /opt/airflow/dags/pipeline.py
[2026-05-25T14:51:13.715+0000] {processor.py:914} INFO - Processing file /opt/airflow/dags/pipeline.py for tasks to queue
[2026-05-25T14:51:13.717+0000] {logging_mixin.py:190} INFO - [2026-05-25T14:51:13.717+0000] {dagbag.py:588} INFO - Filling up the DagBag from /opt/airflow/dags/pipeline.py
[2026-05-25T14:51:13.732+0000] {processor.py:925} INFO - DAG(s) 'lastfm_pipeline' retrieved from /opt/airflow/dags/pipeline.py
[2026-05-25T14:51:13.762+0000] {logging_mixin.py:190} INFO - [2026-05-25T14:51:13.761+0000] {dag.py:3239} INFO - Sync 1 DAGs
[2026-05-25T14:51:13.786+0000] {logging_mixin.py:190} INFO - [2026-05-25T14:51:13.786+0000] {dag.py:4180} INFO - Setting next_dagrun for lastfm_pipeline to 2026-05-24 00:00:00+00:00, run_after=2026-05-25 00:00:00+00:00
[2026-05-25T14:51:13.803+0000] {processor.py:208} INFO - Processing /opt/airflow/dags/pipeline.py took 0.095 seconds
[2026-05-25T14:51:43.890+0000] {processor.py:186} INFO - Started process (PID=1915) to work on /opt/airflow/dags/pipeline.py
[2026-05-25T14:51:43.893+0000] {processor.py:914} INFO - Processing file /opt/airflow/dags/pipeline.py for tasks to queue
[2026-05-25T14:51:43.895+0000] {logging_mixin.py:190} INFO - [2026-05-25T14:51:43.895+0000] {dagbag.py:588} INFO - Filling up the DagBag from /opt/airflow/dags/pipeline.py
[2026-05-25T14:51:43.914+0000] {processor.py:925} INFO - DAG(s) 'lastfm_pipeline' retrieved from /opt/airflow/dags/pipeline.py
[2026-05-25T14:51:43.946+0000] {logging_mixin.py:190} INFO - [2026-05-25T14:51:43.945+0000] {dag.py:3239} INFO - Sync 1 DAGs
[2026-05-25T14:51:43.971+0000] {logging_mixin.py:190} INFO - [2026-05-25T14:51:43.971+0000] {dag.py:4180} INFO - Setting next_dagrun for lastfm_pipeline to 2026-05-24 00:00:00+00:00, run_after=2026-05-25 00:00:00+00:00
[2026-05-25T14:51:43.988+0000] {processor.py:208} INFO - Processing /opt/airflow/dags/pipeline.py took 0.105 seconds
[2026-05-25T14:52:14.142+0000] {processor.py:186} INFO - Started process (PID=1920) to work on /opt/airflow/dags/pipeline.py
[2026-05-25T14:52:14.142+0000] {processor.py:914} INFO - Processing file /opt/airflow/dags/pipeline.py for tasks to queue
[2026-05-25T14:52:14.145+0000] {logging_mixin.py:190} INFO - [2026-05-25T14:52:14.144+0000] {dagbag.py:588} INFO - Filling up the DagBag from /opt/airflow/dags/pipeline.py
[2026-05-25T14:52:14.160+0000] {processor.py:925} INFO - DAG(s) 'lastfm_pipeline' retrieved from /opt/airflow/dags/pipeline.py
[2026-05-25T14:52:14.189+0000] {logging_mixin.py:190} INFO - [2026-05-25T14:52:14.189+0000] {dag.py:3239} INFO - Sync 1 DAGs
[2026-05-25T14:52:14.216+0000] {logging_mixin.py:190} INFO - [2026-05-25T14:52:14.215+0000] {dag.py:4180} INFO - Setting next_dagrun for lastfm_pipeline to 2026-05-24 00:00:00+00:00, run_after=2026-05-25 00:00:00+00:00
[2026-05-25T14:52:14.233+0000] {processor.py:208} INFO - Processing /opt/airflow/dags/pipeline.py took 0.097 seconds
[2026-05-25T14:52:44.314+0000] {processor.py:186} INFO - Started process (PID=1925) to work on /opt/airflow/dags/pipeline.py
[2026-05-25T14:52:44.315+0000] {processor.py:914} INFO - Processing file /opt/airflow/dags/pipeline.py for tasks to queue
[2026-05-25T14:52:44.318+0000] {logging_mixin.py:190} INFO - [2026-05-25T14:52:44.317+0000] {dagbag.py:588} INFO - Filling up the DagBag from /opt/airflow/dags/pipeline.py
[2026-05-25T14:52:44.333+0000] {processor.py:925} INFO - DAG(s) 'lastfm_pipeline' retrieved from /opt/airflow/dags/pipeline.py
[2026-05-25T14:52:44.363+0000] {logging_mixin.py:190} INFO - [2026-05-25T14:52:44.363+0000] {dag.py:3239} INFO - Sync 1 DAGs
[2026-05-25T14:52:44.389+0000] {logging_mixin.py:190} INFO - [2026-05-25T14:52:44.389+0000] {dag.py:4180} INFO - Setting next_dagrun for lastfm_pipeline to 2026-05-24 00:00:00+00:00, run_after=2026-05-25 00:00:00+00:00
[2026-05-25T14:52:44.405+0000] {processor.py:208} INFO - Processing /opt/airflow/dags/pipeline.py took 0.098 seconds
[2026-05-25T14:53:14.545+0000] {processor.py:186} INFO - Started process (PID=1930) to work on /opt/airflow/dags/pipeline.py
[2026-05-25T14:53:14.546+0000] {processor.py:914} INFO - Processing file /opt/airflow/dags/pipeline.py for tasks to queue
[2026-05-25T14:53:14.548+0000] {logging_mixin.py:190} INFO - [2026-05-25T14:53:14.548+0000] {dagbag.py:588} INFO - Filling up the DagBag from /opt/airflow/dags/pipeline.py
[2026-05-25T14:53:14.565+0000] {processor.py:925} INFO - DAG(s) 'lastfm_pipeline' retrieved from /opt/airflow/dags/pipeline.py
[2026-05-25T14:53:14.594+0000] {logging_mixin.py:190} INFO - [2026-05-25T14:53:14.593+0000] {dag.py:3239} INFO - Sync 1 DAGs
[2026-05-25T14:53:14.617+0000] {logging_mixin.py:190} INFO - [2026-05-25T14:53:14.617+0000] {dag.py:4180} INFO - Setting next_dagrun for lastfm_pipeline to 2026-05-24 00:00:00+00:00, run_after=2026-05-25 00:00:00+00:00
[2026-05-25T14:53:14.634+0000] {processor.py:208} INFO - Processing /opt/airflow/dags/pipeline.py took 0.095 seconds
[2026-05-25T14:53:44.716+0000] {processor.py:186} INFO - Started process (PID=1935) to work on /opt/airflow/dags/pipeline.py
[2026-05-25T14:53:44.718+0000] {processor.py:914} INFO - Processing file /opt/airflow/dags/pipeline.py for tasks to queue
[2026-05-25T14:53:44.721+0000] {logging_mixin.py:190} INFO - [2026-05-25T14:53:44.720+0000] {dagbag.py:588} INFO - Filling up the DagBag from /opt/airflow/dags/pipeline.py
[2026-05-25T14:53:44.737+0000] {processor.py:925} INFO - DAG(s) 'lastfm_pipeline' retrieved from /opt/airflow/dags/pipeline.py
[2026-05-25T14:53:44.767+0000] {logging_mixin.py:190} INFO - [2026-05-25T14:53:44.766+0000] {dag.py:3239} INFO - Sync 1 DAGs
[2026-05-25T14:53:44.791+0000] {logging_mixin.py:190} INFO - [2026-05-25T14:53:44.790+0000] {dag.py:4180} INFO - Setting next_dagrun for lastfm_pipeline to 2026-05-24 00:00:00+00:00, run_after=2026-05-25 00:00:00+00:00
[2026-05-25T14:53:44.808+0000] {processor.py:208} INFO - Processing /opt/airflow/dags/pipeline.py took 0.098 seconds
[2026-05-25T14:54:14.953+0000] {processor.py:186} INFO - Started process (PID=1940) to work on /opt/airflow/dags/pipeline.py
[2026-05-25T14:54:14.954+0000] {processor.py:914} INFO - Processing file /opt/airflow/dags/pipeline.py for tasks to queue
[2026-05-25T14:54:14.956+0000] {logging_mixin.py:190} INFO - [2026-05-25T14:54:14.955+0000] {dagbag.py:588} INFO - Filling up the DagBag from /opt/airflow/dags/pipeline.py
[2026-05-25T14:54:14.972+0000] {processor.py:925} INFO - DAG(s) 'lastfm_pipeline' retrieved from /opt/airflow/dags/pipeline.py
[2026-05-25T14:54:15.002+0000] {logging_mixin.py:190} INFO - [2026-05-25T14:54:15.002+0000] {dag.py:3239} INFO - Sync 1 DAGs
[2026-05-25T14:54:15.029+0000] {logging_mixin.py:190} INFO - [2026-05-25T14:54:15.028+0000] {dag.py:4180} INFO - Setting next_dagrun for lastfm_pipeline to 2026-05-24 00:00:00+00:00, run_after=2026-05-25 00:00:00+00:00
[2026-05-25T14:54:15.045+0000] {processor.py:208} INFO - Processing /opt/airflow/dags/pipeline.py took 0.100 seconds
[2026-05-25T14:54:45.134+0000] {processor.py:186} INFO - Started process (PID=1945) to work on /opt/airflow/dags/pipeline.py
[2026-05-25T14:54:45.134+0000] {processor.py:914} INFO - Processing file /opt/airflow/dags/pipeline.py for tasks to queue
[2026-05-25T14:54:45.137+0000] {logging_mixin.py:190} INFO - [2026-05-25T14:54:45.136+0000] {dagbag.py:588} INFO - Filling up the DagBag from /opt/airflow/dags/pipeline.py
[2026-05-25T14:54:45.153+0000] {processor.py:925} INFO - DAG(s) 'lastfm_pipeline' retrieved from /opt/airflow/dags/pipeline.py
[2026-05-25T14:54:45.180+0000] {logging_mixin.py:190} INFO - [2026-05-25T14:54:45.180+0000] {dag.py:3239} INFO - Sync 1 DAGs
[2026-05-25T14:54:45.202+0000] {logging_mixin.py:190} INFO - [2026-05-25T14:54:45.202+0000] {dag.py:4180} INFO - Setting next_dagrun for lastfm_pipeline to 2026-05-24 00:00:00+00:00, run_after=2026-05-25 00:00:00+00:00
[2026-05-25T14:54:45.216+0000] {processor.py:208} INFO - Processing /opt/airflow/dags/pipeline.py took 0.090 seconds
[2026-05-25T14:55:15.355+0000] {processor.py:186} INFO - Started process (PID=1950) to work on /opt/airflow/dags/pipeline.py
[2026-05-25T14:55:15.355+0000] {processor.py:914} INFO - Processing file /opt/airflow/dags/pipeline.py for tasks to queue
[2026-05-25T14:55:15.358+0000] {logging_mixin.py:190} INFO - [2026-05-25T14:55:15.358+0000] {dagbag.py:588} INFO - Filling up the DagBag from /opt/airflow/dags/pipeline.py
[2026-05-25T14:55:15.376+0000] {processor.py:925} INFO - DAG(s) 'lastfm_pipeline' retrieved from /opt/airflow/dags/pipeline.py
[2026-05-25T14:55:15.406+0000] {logging_mixin.py:190} INFO - [2026-05-25T14:55:15.406+0000] {dag.py:3239} INFO - Sync 1 DAGs
[2026-05-25T14:55:15.431+0000] {logging_mixin.py:190} INFO - [2026-05-25T14:55:15.431+0000] {dag.py:4180} INFO - Setting next_dagrun for lastfm_pipeline to 2026-05-24 00:00:00+00:00, run_after=2026-05-25 00:00:00+00:00
[2026-05-25T14:55:15.446+0000] {processor.py:208} INFO - Processing /opt/airflow/dags/pipeline.py took 0.097 seconds
[2026-05-25T14:55:45.532+0000] {processor.py:186} INFO - Started process (PID=1955) to work on /opt/airflow/dags/pipeline.py
[2026-05-25T14:55:45.533+0000] {processor.py:914} INFO - Processing file /opt/airflow/dags/pipeline.py for tasks to queue
[2026-05-25T14:55:45.535+0000] {logging_mixin.py:190} INFO - [2026-05-25T14:55:45.535+0000] {dagbag.py:588} INFO - Filling up the DagBag from /opt/airflow/dags/pipeline.py
[2026-05-25T14:55:45.562+0000] {processor.py:925} INFO - DAG(s) 'lastfm_pipeline' retrieved from /opt/airflow/dags/pipeline.py
[2026-05-25T14:55:45.617+0000] {logging_mixin.py:190} INFO - [2026-05-25T14:55:45.616+0000] {dag.py:3239} INFO - Sync 1 DAGs
[2026-05-25T14:55:45.645+0000] {logging_mixin.py:190} INFO - [2026-05-25T14:55:45.645+0000] {dag.py:4180} INFO - Setting next_dagrun for lastfm_pipeline to 2026-05-24 00:00:00+00:00, run_after=2026-05-25 00:00:00+00:00
[2026-05-25T14:55:45.664+0000] {processor.py:208} INFO - Processing /opt/airflow/dags/pipeline.py took 0.143 seconds
[2026-05-25T14:56:15.775+0000] {processor.py:186} INFO - Started process (PID=1960) to work on /opt/airflow/dags/pipeline.py
[2026-05-25T14:56:15.776+0000] {processor.py:914} INFO - Processing file /opt/airflow/dags/pipeline.py for tasks to queue
[2026-05-25T14:56:15.778+0000] {logging_mixin.py:190} INFO - [2026-05-25T14:56:15.778+0000] {dagbag.py:588} INFO - Filling up the DagBag from /opt/airflow/dags/pipeline.py
[2026-05-25T14:56:15.796+0000] {processor.py:925} INFO - DAG(s) 'lastfm_pipeline' retrieved from /opt/airflow/dags/pipeline.py
[2026-05-25T14:56:15.830+0000] {logging_mixin.py:190} INFO - [2026-05-25T14:56:15.830+0000] {dag.py:3239} INFO - Sync 1 DAGs
[2026-05-25T14:56:15.855+0000] {logging_mixin.py:190} INFO - [2026-05-25T14:56:15.855+0000] {dag.py:4180} INFO - Setting next_dagrun for lastfm_pipeline to 2026-05-24 00:00:00+00:00, run_after=2026-05-25 00:00:00+00:00
[2026-05-25T14:56:15.871+0000] {processor.py:208} INFO - Processing /opt/airflow/dags/pipeline.py took 0.103 seconds
[2026-05-25T14:56:46.006+0000] {processor.py:186} INFO - Started process (PID=1965) to work on /opt/airflow/dags/pipeline.py
[2026-05-25T14:56:46.007+0000] {processor.py:914} INFO - Processing file /opt/airflow/dags/pipeline.py for tasks to queue
[2026-05-25T14:56:46.010+0000] {logging_mixin.py:190} INFO - [2026-05-25T14:56:46.009+0000] {dagbag.py:588} INFO - Filling up the DagBag from /opt/airflow/dags/pipeline.py
[2026-05-25T14:56:46.026+0000] {processor.py:925} INFO - DAG(s) 'lastfm_pipeline' retrieved from /opt/airflow/dags/pipeline.py
[2026-05-25T14:56:46.057+0000] {logging_mixin.py:190} INFO - [2026-05-25T14:56:46.057+0000] {dag.py:3239} INFO - Sync 1 DAGs
[2026-05-25T14:56:46.081+0000] {logging_mixin.py:190} INFO - [2026-05-25T14:56:46.081+0000] {dag.py:4180} INFO - Setting next_dagrun for lastfm_pipeline to 2026-05-24 00:00:00+00:00, run_after=2026-05-25 00:00:00+00:00
[2026-05-25T14:56:46.096+0000] {processor.py:208} INFO - Processing /opt/airflow/dags/pipeline.py took 0.096 seconds
[2026-05-25T14:57:16.199+0000] {processor.py:186} INFO - Started process (PID=1970) to work on /opt/airflow/dags/pipeline.py
[2026-05-25T14:57:16.202+0000] {processor.py:914} INFO - Processing file /opt/airflow/dags/pipeline.py for tasks to queue
[2026-05-25T14:57:16.205+0000] {logging_mixin.py:190} INFO - [2026-05-25T14:57:16.205+0000] {dagbag.py:588} INFO - Filling up the DagBag from /opt/airflow/dags/pipeline.py
[2026-05-25T14:57:16.223+0000] {processor.py:925} INFO - DAG(s) 'lastfm_pipeline' retrieved from /opt/airflow/dags/pipeline.py
[2026-05-25T14:57:16.255+0000] {logging_mixin.py:190} INFO - [2026-05-25T14:57:16.255+0000] {dag.py:3239} INFO - Sync 1 DAGs
[2026-05-25T14:57:16.282+0000] {logging_mixin.py:190} INFO - [2026-05-25T14:57:16.282+0000] {dag.py:4180} INFO - Setting next_dagrun for lastfm_pipeline to 2026-05-24 00:00:00+00:00, run_after=2026-05-25 00:00:00+00:00
[2026-05-25T14:57:16.299+0000] {processor.py:208} INFO - Processing /opt/airflow/dags/pipeline.py took 0.106 seconds
[2026-05-25T14:57:46.419+0000] {processor.py:186} INFO - Started process (PID=1975) to work on /opt/airflow/dags/pipeline.py
[2026-05-25T14:57:46.419+0000] {processor.py:914} INFO - Processing file /opt/airflow/dags/pipeline.py for tasks to queue
[2026-05-25T14:57:46.422+0000] {logging_mixin.py:190} INFO - [2026-05-25T14:57:46.421+0000] {dagbag.py:588} INFO - Filling up the DagBag from /opt/airflow/dags/pipeline.py
[2026-05-25T14:57:46.437+0000] {processor.py:925} INFO - DAG(s) 'lastfm_pipeline' retrieved from /opt/airflow/dags/pipeline.py
[2026-05-25T14:57:46.467+0000] {logging_mixin.py:190} INFO - [2026-05-25T14:57:46.467+0000] {dag.py:3239} INFO - Sync 1 DAGs
[2026-05-25T14:57:46.493+0000] {logging_mixin.py:190} INFO - [2026-05-25T14:57:46.492+0000] {dag.py:4180} INFO - Setting next_dagrun for lastfm_pipeline to 2026-05-24 00:00:00+00:00, run_after=2026-05-25 00:00:00+00:00
[2026-05-25T14:57:46.512+0000] {processor.py:208} INFO - Processing /opt/airflow/dags/pipeline.py took 0.100 seconds
[2026-05-25T14:58:16.617+0000] {processor.py:186} INFO - Started process (PID=1980) to work on /opt/airflow/dags/pipeline.py
[2026-05-25T14:58:16.619+0000] {processor.py:914} INFO - Processing file /opt/airflow/dags/pipeline.py for tasks to queue
[2026-05-25T14:58:16.622+0000] {logging_mixin.py:190} INFO - [2026-05-25T14:58:16.621+0000] {dagbag.py:588} INFO - Filling up the DagBag from /opt/airflow/dags/pipeline.py
[2026-05-25T14:58:16.639+0000] {processor.py:925} INFO - DAG(s) 'lastfm_pipeline' retrieved from /opt/airflow/dags/pipeline.py
[2026-05-25T14:58:16.669+0000] {logging_mixin.py:190} INFO - [2026-05-25T14:58:16.669+0000] {dag.py:3239} INFO - Sync 1 DAGs
[2026-05-25T14:58:16.695+0000] {logging_mixin.py:190} INFO - [2026-05-25T14:58:16.694+0000] {dag.py:4180} INFO - Setting next_dagrun for lastfm_pipeline to 2026-05-24 00:00:00+00:00, run_after=2026-05-25 00:00:00+00:00
[2026-05-25T14:58:16.710+0000] {processor.py:208} INFO - Processing /opt/airflow/dags/pipeline.py took 0.100 seconds
[2026-05-25T14:58:46.840+0000] {processor.py:186} INFO - Started process (PID=1985) to work on /opt/airflow/dags/pipeline.py
[2026-05-25T14:58:46.841+0000] {processor.py:914} INFO - Processing file /opt/airflow/dags/pipeline.py for tasks to queue
[2026-05-25T14:58:46.843+0000] {logging_mixin.py:190} INFO - [2026-05-25T14:58:46.843+0000] {dagbag.py:588} INFO - Filling up the DagBag from /opt/airflow/dags/pipeline.py
[2026-05-25T14:58:46.863+0000] {processor.py:925} INFO - DAG(s) 'lastfm_pipeline' retrieved from /opt/airflow/dags/pipeline.py
[2026-05-25T14:58:46.895+0000] {logging_mixin.py:190} INFO - [2026-05-25T14:58:46.894+0000] {dag.py:3239} INFO - Sync 1 DAGs
[2026-05-25T14:58:46.920+0000] {logging_mixin.py:190} INFO - [2026-05-25T14:58:46.920+0000] {dag.py:4180} INFO - Setting next_dagrun for lastfm_pipeline to 2026-05-24 00:00:00+00:00, run_after=2026-05-25 00:00:00+00:00
[2026-05-25T14:58:46.936+0000] {processor.py:208} INFO - Processing /opt/airflow/dags/pipeline.py took 0.103 seconds
[2026-05-25T14:59:17.031+0000] {processor.py:186} INFO - Started process (PID=1990) to work on /opt/airflow/dags/pipeline.py
[2026-05-25T14:59:17.032+0000] {processor.py:914} INFO - Processing file /opt/airflow/dags/pipeline.py for tasks to queue
[2026-05-25T14:59:17.034+0000] {logging_mixin.py:190} INFO - [2026-05-25T14:59:17.033+0000] {dagbag.py:588} INFO - Filling up the DagBag from /opt/airflow/dags/pipeline.py
[2026-05-25T14:59:17.052+0000] {processor.py:925} INFO - DAG(s) 'lastfm_pipeline' retrieved from /opt/airflow/dags/pipeline.py
[2026-05-25T14:59:17.086+0000] {logging_mixin.py:190} INFO - [2026-05-25T14:59:17.086+0000] {dag.py:3239} INFO - Sync 1 DAGs
[2026-05-25T14:59:17.112+0000] {logging_mixin.py:190} INFO - [2026-05-25T14:59:17.112+0000] {dag.py:4180} INFO - Setting next_dagrun for lastfm_pipeline to 2026-05-24 00:00:00+00:00, run_after=2026-05-25 00:00:00+00:00
[2026-05-25T14:59:17.129+0000] {processor.py:208} INFO - Processing /opt/airflow/dags/pipeline.py took 0.104 seconds
[2026-05-25T14:59:47.261+0000] {processor.py:186} INFO - Started process (PID=1995) to work on /opt/airflow/dags/pipeline.py
[2026-05-25T14:59:47.262+0000] {processor.py:914} INFO - Processing file /opt/airflow/dags/pipeline.py for tasks to queue
[2026-05-25T14:59:47.265+0000] {logging_mixin.py:190} INFO - [2026-05-25T14:59:47.264+0000] {dagbag.py:588} INFO - Filling up the DagBag from /opt/airflow/dags/pipeline.py
[2026-05-25T14:59:47.338+0000] {processor.py:925} INFO - DAG(s) 'lastfm_pipeline' retrieved from /opt/airflow/dags/pipeline.py
[2026-05-25T14:59:47.380+0000] {logging_mixin.py:190} INFO - [2026-05-25T14:59:47.380+0000] {dag.py:3239} INFO - Sync 1 DAGs
[2026-05-25T14:59:47.414+0000] {logging_mixin.py:190} INFO - [2026-05-25T14:59:47.414+0000] {dag.py:4180} INFO - Setting next_dagrun for lastfm_pipeline to 2026-05-24 00:00:00+00:00, run_after=2026-05-25 00:00:00+00:00
[2026-05-25T14:59:47.439+0000] {processor.py:208} INFO - Processing /opt/airflow/dags/pipeline.py took 0.185 seconds
[2026-05-25T15:00:17.498+0000] {processor.py:186} INFO - Started process (PID=2000) to work on /opt/airflow/dags/pipeline.py
[2026-05-25T15:00:17.499+0000] {processor.py:914} INFO - Processing file /opt/airflow/dags/pipeline.py for tasks to queue
[2026-05-25T15:00:17.502+0000] {logging_mixin.py:190} INFO - [2026-05-25T15:00:17.501+0000] {dagbag.py:588} INFO - Filling up the DagBag from /opt/airflow/dags/pipeline.py
[2026-05-25T15:00:17.524+0000] {processor.py:925} INFO - DAG(s) 'lastfm_pipeline' retrieved from /opt/airflow/dags/pipeline.py
[2026-05-25T15:00:17.567+0000] {logging_mixin.py:190} INFO - [2026-05-25T15:00:17.566+0000] {dag.py:3239} INFO - Sync 1 DAGs
[2026-05-25T15:00:17.601+0000] {logging_mixin.py:190} INFO - [2026-05-25T15:00:17.600+0000] {dag.py:4180} INFO - Setting next_dagrun for lastfm_pipeline to 2026-05-24 00:00:00+00:00, run_after=2026-05-25 00:00:00+00:00
[2026-05-25T15:00:17.626+0000] {processor.py:208} INFO - Processing /opt/airflow/dags/pipeline.py took 0.136 seconds
[2026-05-25T15:00:47.840+0000] {processor.py:186} INFO - Started process (PID=2005) to work on /opt/airflow/dags/pipeline.py
[2026-05-25T15:00:47.841+0000] {processor.py:914} INFO - Processing file /opt/airflow/dags/pipeline.py for tasks to queue
[2026-05-25T15:00:47.844+0000] {logging_mixin.py:190} INFO - [2026-05-25T15:00:47.843+0000] {dagbag.py:588} INFO - Filling up the DagBag from /opt/airflow/dags/pipeline.py
[2026-05-25T15:00:47.867+0000] {processor.py:925} INFO - DAG(s) 'lastfm_pipeline' retrieved from /opt/airflow/dags/pipeline.py
[2026-05-25T15:00:47.907+0000] {logging_mixin.py:190} INFO - [2026-05-25T15:00:47.907+0000] {dag.py:3239} INFO - Sync 1 DAGs
[2026-05-25T15:00:47.941+0000] {logging_mixin.py:190} INFO - [2026-05-25T15:00:47.941+0000] {dag.py:4180} INFO - Setting next_dagrun for lastfm_pipeline to 2026-05-24 00:00:00+00:00, run_after=2026-05-25 00:00:00+00:00
[2026-05-25T15:00:47.963+0000] {processor.py:208} INFO - Processing /opt/airflow/dags/pipeline.py took 0.131 seconds
[2026-05-25T15:01:18.041+0000] {processor.py:186} INFO - Started process (PID=2010) to work on /opt/airflow/dags/pipeline.py
[2026-05-25T15:01:18.042+0000] {processor.py:914} INFO - Processing file /opt/airflow/dags/pipeline.py for tasks to queue
[2026-05-25T15:01:18.045+0000] {logging_mixin.py:190} INFO - [2026-05-25T15:01:18.044+0000] {dagbag.py:588} INFO - Filling up the DagBag from /opt/airflow/dags/pipeline.py
[2026-05-25T15:01:18.066+0000] {processor.py:925} INFO - DAG(s) 'lastfm_pipeline' retrieved from /opt/airflow/dags/pipeline.py
[2026-05-25T15:01:18.107+0000] {logging_mixin.py:190} INFO - [2026-05-25T15:01:18.106+0000] {dag.py:3239} INFO - Sync 1 DAGs
[2026-05-25T15:01:18.141+0000] {logging_mixin.py:190} INFO - [2026-05-25T15:01:18.141+0000] {dag.py:4180} INFO - Setting next_dagrun for lastfm_pipeline to 2026-05-24 00:00:00+00:00, run_after=2026-05-25 00:00:00+00:00
[2026-05-25T15:01:18.167+0000] {processor.py:208} INFO - Processing /opt/airflow/dags/pipeline.py took 0.134 seconds
[2026-05-25T15:01:48.380+0000] {processor.py:186} INFO - Started process (PID=2015) to work on /opt/airflow/dags/pipeline.py
[2026-05-25T15:01:48.383+0000] {processor.py:914} INFO - Processing file /opt/airflow/dags/pipeline.py for tasks to queue
[2026-05-25T15:01:48.387+0000] {logging_mixin.py:190} INFO - [2026-05-25T15:01:48.386+0000] {dagbag.py:588} INFO - Filling up the DagBag from /opt/airflow/dags/pipeline.py
[2026-05-25T15:01:48.408+0000] {processor.py:925} INFO - DAG(s) 'lastfm_pipeline' retrieved from /opt/airflow/dags/pipeline.py
[2026-05-25T15:01:48.447+0000] {logging_mixin.py:190} INFO - [2026-05-25T15:01:48.447+0000] {dag.py:3239} INFO - Sync 1 DAGs
[2026-05-25T15:01:48.480+0000] {logging_mixin.py:190} INFO - [2026-05-25T15:01:48.479+0000] {dag.py:4180} INFO - Setting next_dagrun for lastfm_pipeline to 2026-05-24 00:00:00+00:00, run_after=2026-05-25 00:00:00+00:00
[2026-05-25T15:01:48.506+0000] {processor.py:208} INFO - Processing /opt/airflow/dags/pipeline.py took 0.134 seconds
[2026-05-25T15:02:18.580+0000] {processor.py:186} INFO - Started process (PID=2020) to work on /opt/airflow/dags/pipeline.py
[2026-05-25T15:02:18.581+0000] {processor.py:914} INFO - Processing file /opt/airflow/dags/pipeline.py for tasks to queue
[2026-05-25T15:02:18.584+0000] {logging_mixin.py:190} INFO - [2026-05-25T15:02:18.584+0000] {dagbag.py:588} INFO - Filling up the DagBag from /opt/airflow/dags/pipeline.py
[2026-05-25T15:02:18.606+0000] {processor.py:925} INFO - DAG(s) 'lastfm_pipeline' retrieved from /opt/airflow/dags/pipeline.py
[2026-05-25T15:02:18.645+0000] {logging_mixin.py:190} INFO - [2026-05-25T15:02:18.645+0000] {dag.py:3239} INFO - Sync 1 DAGs
[2026-05-25T15:02:18.677+0000] {logging_mixin.py:190} INFO - [2026-05-25T15:02:18.677+0000] {dag.py:4180} INFO - Setting next_dagrun for lastfm_pipeline to 2026-05-24 00:00:00+00:00, run_after=2026-05-25 00:00:00+00:00
[2026-05-25T15:02:18.702+0000] {processor.py:208} INFO - Processing /opt/airflow/dags/pipeline.py took 0.130 seconds
[2026-05-25T15:02:48.920+0000] {processor.py:186} INFO - Started process (PID=2025) to work on /opt/airflow/dags/pipeline.py
[2026-05-25T15:02:48.923+0000] {processor.py:914} INFO - Processing file /opt/airflow/dags/pipeline.py for tasks to queue
[2026-05-25T15:02:48.926+0000] {logging_mixin.py:190} INFO - [2026-05-25T15:02:48.926+0000] {dagbag.py:588} INFO - Filling up the DagBag from /opt/airflow/dags/pipeline.py
[2026-05-25T15:02:48.949+0000] {processor.py:925} INFO - DAG(s) 'lastfm_pipeline' retrieved from /opt/airflow/dags/pipeline.py
[2026-05-25T15:02:48.990+0000] {logging_mixin.py:190} INFO - [2026-05-25T15:02:48.990+0000] {dag.py:3239} INFO - Sync 1 DAGs
[2026-05-25T15:02:49.024+0000] {logging_mixin.py:190} INFO - [2026-05-25T15:02:49.024+0000] {dag.py:4180} INFO - Setting next_dagrun for lastfm_pipeline to 2026-05-24 00:00:00+00:00, run_after=2026-05-25 00:00:00+00:00
[2026-05-25T15:02:49.050+0000] {processor.py:208} INFO - Processing /opt/airflow/dags/pipeline.py took 0.141 seconds
[2026-05-25T15:03:19.128+0000] {processor.py:186} INFO - Started process (PID=2030) to work on /opt/airflow/dags/pipeline.py
[2026-05-25T15:03:19.128+0000] {processor.py:914} INFO - Processing file /opt/airflow/dags/pipeline.py for tasks to queue
[2026-05-25T15:03:19.131+0000] {logging_mixin.py:190} INFO - [2026-05-25T15:03:19.130+0000] {dagbag.py:588} INFO - Filling up the DagBag from /opt/airflow/dags/pipeline.py
[2026-05-25T15:03:19.152+0000] {processor.py:925} INFO - DAG(s) 'lastfm_pipeline' retrieved from /opt/airflow/dags/pipeline.py
[2026-05-25T15:03:19.193+0000] {logging_mixin.py:190} INFO - [2026-05-25T15:03:19.192+0000] {dag.py:3239} INFO - Sync 1 DAGs
[2026-05-25T15:03:19.225+0000] {logging_mixin.py:190} INFO - [2026-05-25T15:03:19.225+0000] {dag.py:4180} INFO - Setting next_dagrun for lastfm_pipeline to 2026-05-24 00:00:00+00:00, run_after=2026-05-25 00:00:00+00:00
[2026-05-25T15:03:19.252+0000] {processor.py:208} INFO - Processing /opt/airflow/dags/pipeline.py took 0.132 seconds
[2026-05-25T15:03:49.468+0000] {processor.py:186} INFO - Started process (PID=2035) to work on /opt/airflow/dags/pipeline.py
[2026-05-25T15:03:49.470+0000] {processor.py:914} INFO - Processing file /opt/airflow/dags/pipeline.py for tasks to queue
[2026-05-25T15:03:49.473+0000] {logging_mixin.py:190} INFO - [2026-05-25T15:03:49.473+0000] {dagbag.py:588} INFO - Filling up the DagBag from /opt/airflow/dags/pipeline.py
[2026-05-25T15:03:49.494+0000] {processor.py:925} INFO - DAG(s) 'lastfm_pipeline' retrieved from /opt/airflow/dags/pipeline.py
[2026-05-25T15:03:49.534+0000] {logging_mixin.py:190} INFO - [2026-05-25T15:03:49.534+0000] {dag.py:3239} INFO - Sync 1 DAGs
[2026-05-25T15:03:49.570+0000] {logging_mixin.py:190} INFO - [2026-05-25T15:03:49.570+0000] {dag.py:4180} INFO - Setting next_dagrun for lastfm_pipeline to 2026-05-24 00:00:00+00:00, run_after=2026-05-25 00:00:00+00:00
[2026-05-25T15:03:49.594+0000] {processor.py:208} INFO - Processing /opt/airflow/dags/pipeline.py took 0.134 seconds
[2026-05-25T15:04:19.673+0000] {processor.py:186} INFO - Started process (PID=2040) to work on /opt/airflow/dags/pipeline.py
[2026-05-25T15:04:19.674+0000] {processor.py:914} INFO - Processing file /opt/airflow/dags/pipeline.py for tasks to queue
[2026-05-25T15:04:19.677+0000] {logging_mixin.py:190} INFO - [2026-05-25T15:04:19.677+0000] {dagbag.py:588} INFO - Filling up the DagBag from /opt/airflow/dags/pipeline.py
[2026-05-25T15:04:19.701+0000] {processor.py:925} INFO - DAG(s) 'lastfm_pipeline' retrieved from /opt/airflow/dags/pipeline.py
[2026-05-25T15:04:19.744+0000] {logging_mixin.py:190} INFO - [2026-05-25T15:04:19.744+0000] {dag.py:3239} INFO - Sync 1 DAGs
[2026-05-25T15:04:19.780+0000] {logging_mixin.py:190} INFO - [2026-05-25T15:04:19.779+0000] {dag.py:4180} INFO - Setting next_dagrun for lastfm_pipeline to 2026-05-24 00:00:00+00:00, run_after=2026-05-25 00:00:00+00:00
[2026-05-25T15:04:19.808+0000] {processor.py:208} INFO - Processing /opt/airflow/dags/pipeline.py took 0.144 seconds
[2026-05-25T15:04:50.007+0000] {processor.py:186} INFO - Started process (PID=2045) to work on /opt/airflow/dags/pipeline.py
[2026-05-25T15:04:50.010+0000] {processor.py:914} INFO - Processing file /opt/airflow/dags/pipeline.py for tasks to queue
[2026-05-25T15:04:50.013+0000] {logging_mixin.py:190} INFO - [2026-05-25T15:04:50.012+0000] {dagbag.py:588} INFO - Filling up the DagBag from /opt/airflow/dags/pipeline.py
[2026-05-25T15:04:50.036+0000] {processor.py:925} INFO - DAG(s) 'lastfm_pipeline' retrieved from /opt/airflow/dags/pipeline.py
[2026-05-25T15:04:50.079+0000] {logging_mixin.py:190} INFO - [2026-05-25T15:04:50.079+0000] {dag.py:3239} INFO - Sync 1 DAGs
[2026-05-25T15:04:50.115+0000] {logging_mixin.py:190} INFO - [2026-05-25T15:04:50.114+0000] {dag.py:4180} INFO - Setting next_dagrun for lastfm_pipeline to 2026-05-24 00:00:00+00:00, run_after=2026-05-25 00:00:00+00:00
[2026-05-25T15:04:50.140+0000] {processor.py:208} INFO - Processing /opt/airflow/dags/pipeline.py took 0.141 seconds
[2026-05-25T15:05:20.204+0000] {processor.py:186} INFO - Started process (PID=2050) to work on /opt/airflow/dags/pipeline.py
[2026-05-25T15:05:20.205+0000] {processor.py:914} INFO - Processing file /opt/airflow/dags/pipeline.py for tasks to queue
[2026-05-25T15:05:20.209+0000] {logging_mixin.py:190} INFO - [2026-05-25T15:05:20.208+0000] {dagbag.py:588} INFO - Filling up the DagBag from /opt/airflow/dags/pipeline.py
[2026-05-25T15:05:20.233+0000] {processor.py:925} INFO - DAG(s) 'lastfm_pipeline' retrieved from /opt/airflow/dags/pipeline.py
[2026-05-25T15:05:20.274+0000] {logging_mixin.py:190} INFO - [2026-05-25T15:05:20.273+0000] {dag.py:3239} INFO - Sync 1 DAGs
[2026-05-25T15:05:20.311+0000] {logging_mixin.py:190} INFO - [2026-05-25T15:05:20.311+0000] {dag.py:4180} INFO - Setting next_dagrun for lastfm_pipeline to 2026-05-24 00:00:00+00:00, run_after=2026-05-25 00:00:00+00:00
[2026-05-25T15:05:20.337+0000] {processor.py:208} INFO - Processing /opt/airflow/dags/pipeline.py took 0.142 seconds
[2026-05-25T15:05:50.549+0000] {processor.py:186} INFO - Started process (PID=2055) to work on /opt/airflow/dags/pipeline.py
[2026-05-25T15:05:50.550+0000] {processor.py:914} INFO - Processing file /opt/airflow/dags/pipeline.py for tasks to queue
[2026-05-25T15:05:50.553+0000] {logging_mixin.py:190} INFO - [2026-05-25T15:05:50.553+0000] {dagbag.py:588} INFO - Filling up the DagBag from /opt/airflow/dags/pipeline.py
[2026-05-25T15:05:50.577+0000] {processor.py:925} INFO - DAG(s) 'lastfm_pipeline' retrieved from /opt/airflow/dags/pipeline.py
[2026-05-25T15:05:50.622+0000] {logging_mixin.py:190} INFO - [2026-05-25T15:05:50.621+0000] {dag.py:3239} INFO - Sync 1 DAGs
[2026-05-25T15:05:50.660+0000] {logging_mixin.py:190} INFO - [2026-05-25T15:05:50.659+0000] {dag.py:4180} INFO - Setting next_dagrun for lastfm_pipeline to 2026-05-24 00:00:00+00:00, run_after=2026-05-25 00:00:00+00:00
[2026-05-25T15:05:50.683+0000] {processor.py:208} INFO - Processing /opt/airflow/dags/pipeline.py took 0.145 seconds
[2026-05-25T15:06:20.762+0000] {processor.py:186} INFO - Started process (PID=2060) to work on /opt/airflow/dags/pipeline.py
[2026-05-25T15:06:20.763+0000] {processor.py:914} INFO - Processing file /opt/airflow/dags/pipeline.py for tasks to queue
[2026-05-25T15:06:20.766+0000] {logging_mixin.py:190} INFO - [2026-05-25T15:06:20.766+0000] {dagbag.py:588} INFO - Filling up the DagBag from /opt/airflow/dags/pipeline.py
[2026-05-25T15:06:20.791+0000] {processor.py:925} INFO - DAG(s) 'lastfm_pipeline' retrieved from /opt/airflow/dags/pipeline.py
[2026-05-25T15:06:20.835+0000] {logging_mixin.py:190} INFO - [2026-05-25T15:06:20.835+0000] {dag.py:3239} INFO - Sync 1 DAGs
[2026-05-25T15:06:20.871+0000] {logging_mixin.py:190} INFO - [2026-05-25T15:06:20.870+0000] {dag.py:4180} INFO - Setting next_dagrun for lastfm_pipeline to 2026-05-24 00:00:00+00:00, run_after=2026-05-25 00:00:00+00:00
[2026-05-25T15:06:20.900+0000] {processor.py:208} INFO - Processing /opt/airflow/dags/pipeline.py took 0.146 seconds
[2026-05-25T15:06:51.131+0000] {processor.py:186} INFO - Started process (PID=2065) to work on /opt/airflow/dags/pipeline.py
[2026-05-25T15:06:51.134+0000] {processor.py:914} INFO - Processing file /opt/airflow/dags/pipeline.py for tasks to queue
[2026-05-25T15:06:51.138+0000] {logging_mixin.py:190} INFO - [2026-05-25T15:06:51.137+0000] {dagbag.py:588} INFO - Filling up the DagBag from /opt/airflow/dags/pipeline.py
[2026-05-25T15:06:51.163+0000] {processor.py:925} INFO - DAG(s) 'lastfm_pipeline' retrieved from /opt/airflow/dags/pipeline.py
[2026-05-25T15:06:51.206+0000] {logging_mixin.py:190} INFO - [2026-05-25T15:06:51.206+0000] {dag.py:3239} INFO - Sync 1 DAGs
[2026-05-25T15:06:51.245+0000] {logging_mixin.py:190} INFO - [2026-05-25T15:06:51.245+0000] {dag.py:4180} INFO - Setting next_dagrun for lastfm_pipeline to 2026-05-24 00:00:00+00:00, run_after=2026-05-25 00:00:00+00:00
[2026-05-25T15:06:51.273+0000] {processor.py:208} INFO - Processing /opt/airflow/dags/pipeline.py took 0.151 seconds
[2026-05-25T15:07:21.349+0000] {processor.py:186} INFO - Started process (PID=2070) to work on /opt/airflow/dags/pipeline.py
[2026-05-25T15:07:21.350+0000] {processor.py:914} INFO - Processing file /opt/airflow/dags/pipeline.py for tasks to queue
[2026-05-25T15:07:21.353+0000] {logging_mixin.py:190} INFO - [2026-05-25T15:07:21.352+0000] {dagbag.py:588} INFO - Filling up the DagBag from /opt/airflow/dags/pipeline.py
[2026-05-25T15:07:21.375+0000] {processor.py:925} INFO - DAG(s) 'lastfm_pipeline' retrieved from /opt/airflow/dags/pipeline.py
[2026-05-25T15:07:21.422+0000] {logging_mixin.py:190} INFO - [2026-05-25T15:07:21.422+0000] {dag.py:3239} INFO - Sync 1 DAGs
[2026-05-25T15:07:21.459+0000] {logging_mixin.py:190} INFO - [2026-05-25T15:07:21.458+0000] {dag.py:4180} INFO - Setting next_dagrun for lastfm_pipeline to 2026-05-24 00:00:00+00:00, run_after=2026-05-25 00:00:00+00:00
[2026-05-25T15:07:21.484+0000] {processor.py:208} INFO - Processing /opt/airflow/dags/pipeline.py took 0.143 seconds
[2026-05-25T15:07:51.705+0000] {processor.py:186} INFO - Started process (PID=2075) to work on /opt/airflow/dags/pipeline.py
[2026-05-25T15:07:51.709+0000] {processor.py:914} INFO - Processing file /opt/airflow/dags/pipeline.py for tasks to queue
[2026-05-25T15:07:51.713+0000] {logging_mixin.py:190} INFO - [2026-05-25T15:07:51.712+0000] {dagbag.py:588} INFO - Filling up the DagBag from /opt/airflow/dags/pipeline.py
[2026-05-25T15:07:51.737+0000] {processor.py:925} INFO - DAG(s) 'lastfm_pipeline' retrieved from /opt/airflow/dags/pipeline.py
[2026-05-25T15:07:51.787+0000] {logging_mixin.py:190} INFO - [2026-05-25T15:07:51.786+0000] {dag.py:3239} INFO - Sync 1 DAGs
[2026-05-25T15:07:51.824+0000] {logging_mixin.py:190} INFO - [2026-05-25T15:07:51.824+0000] {dag.py:4180} INFO - Setting next_dagrun for lastfm_pipeline to 2026-05-24 00:00:00+00:00, run_after=2026-05-25 00:00:00+00:00
[2026-05-25T15:07:51.854+0000] {processor.py:208} INFO - Processing /opt/airflow/dags/pipeline.py took 0.158 seconds
[2026-05-25T15:08:21.925+0000] {processor.py:186} INFO - Started process (PID=2080) to work on /opt/airflow/dags/pipeline.py
[2026-05-25T15:08:21.925+0000] {processor.py:914} INFO - Processing file /opt/airflow/dags/pipeline.py for tasks to queue
[2026-05-25T15:08:21.928+0000] {logging_mixin.py:190} INFO - [2026-05-25T15:08:21.928+0000] {dagbag.py:588} INFO - Filling up the DagBag from /opt/airflow/dags/pipeline.py
[2026-05-25T15:08:21.950+0000] {processor.py:925} INFO - DAG(s) 'lastfm_pipeline' retrieved from /opt/airflow/dags/pipeline.py
[2026-05-25T15:08:21.992+0000] {logging_mixin.py:190} INFO - [2026-05-25T15:08:21.991+0000] {dag.py:3239} INFO - Sync 1 DAGs
[2026-05-25T15:08:22.026+0000] {logging_mixin.py:190} INFO - [2026-05-25T15:08:22.026+0000] {dag.py:4180} INFO - Setting next_dagrun for lastfm_pipeline to 2026-05-24 00:00:00+00:00, run_after=2026-05-25 00:00:00+00:00
[2026-05-25T15:08:22.054+0000] {processor.py:208} INFO - Processing /opt/airflow/dags/pipeline.py took 0.138 seconds
[2026-05-25T15:08:52.272+0000] {processor.py:186} INFO - Started process (PID=2085) to work on /opt/airflow/dags/pipeline.py
[2026-05-25T15:08:52.275+0000] {processor.py:914} INFO - Processing file /opt/airflow/dags/pipeline.py for tasks to queue
[2026-05-25T15:08:52.278+0000] {logging_mixin.py:190} INFO - [2026-05-25T15:08:52.277+0000] {dagbag.py:588} INFO - Filling up the DagBag from /opt/airflow/dags/pipeline.py
[2026-05-25T15:08:52.302+0000] {processor.py:925} INFO - DAG(s) 'lastfm_pipeline' retrieved from /opt/airflow/dags/pipeline.py
[2026-05-25T15:08:52.342+0000] {logging_mixin.py:190} INFO - [2026-05-25T15:08:52.342+0000] {dag.py:3239} INFO - Sync 1 DAGs
[2026-05-25T15:08:52.377+0000] {logging_mixin.py:190} INFO - [2026-05-25T15:08:52.376+0000] {dag.py:4180} INFO - Setting next_dagrun for lastfm_pipeline to 2026-05-24 00:00:00+00:00, run_after=2026-05-25 00:00:00+00:00
[2026-05-25T15:08:52.401+0000] {processor.py:208} INFO - Processing /opt/airflow/dags/pipeline.py took 0.136 seconds
[2026-05-25T15:09:22.488+0000] {processor.py:186} INFO - Started process (PID=2090) to work on /opt/airflow/dags/pipeline.py
[2026-05-25T15:09:22.489+0000] {processor.py:914} INFO - Processing file /opt/airflow/dags/pipeline.py for tasks to queue
[2026-05-25T15:09:22.492+0000] {logging_mixin.py:190} INFO - [2026-05-25T15:09:22.491+0000] {dagbag.py:588} INFO - Filling up the DagBag from /opt/airflow/dags/pipeline.py
[2026-05-25T15:09:22.514+0000] {processor.py:925} INFO - DAG(s) 'lastfm_pipeline' retrieved from /opt/airflow/dags/pipeline.py
[2026-05-25T15:09:22.554+0000] {logging_mixin.py:190} INFO - [2026-05-25T15:09:22.554+0000] {dag.py:3239} INFO - Sync 1 DAGs
[2026-05-25T15:09:22.589+0000] {logging_mixin.py:190} INFO - [2026-05-25T15:09:22.589+0000] {dag.py:4180} INFO - Setting next_dagrun for lastfm_pipeline to 2026-05-24 00:00:00+00:00, run_after=2026-05-25 00:00:00+00:00
[2026-05-25T15:09:22.612+0000] {processor.py:208} INFO - Processing /opt/airflow/dags/pipeline.py took 0.133 seconds
[2026-05-25T15:09:52.847+0000] {processor.py:186} INFO - Started process (PID=2095) to work on /opt/airflow/dags/pipeline.py
[2026-05-25T15:09:52.849+0000] {processor.py:914} INFO - Processing file /opt/airflow/dags/pipeline.py for tasks to queue
[2026-05-25T15:09:52.852+0000] {logging_mixin.py:190} INFO - [2026-05-25T15:09:52.852+0000] {dagbag.py:588} INFO - Filling up the DagBag from /opt/airflow/dags/pipeline.py
[2026-05-25T15:09:52.879+0000] {processor.py:925} INFO - DAG(s) 'lastfm_pipeline' retrieved from /opt/airflow/dags/pipeline.py
[2026-05-25T15:09:52.920+0000] {logging_mixin.py:190} INFO - [2026-05-25T15:09:52.920+0000] {dag.py:3239} INFO - Sync 1 DAGs
[2026-05-25T15:09:52.955+0000] {logging_mixin.py:190} INFO - [2026-05-25T15:09:52.954+0000] {dag.py:4180} INFO - Setting next_dagrun for lastfm_pipeline to 2026-05-24 00:00:00+00:00, run_after=2026-05-25 00:00:00+00:00
[2026-05-25T15:09:52.982+0000] {processor.py:208} INFO - Processing /opt/airflow/dags/pipeline.py took 0.145 seconds
[2026-05-25T15:10:23.066+0000] {processor.py:186} INFO - Started process (PID=2100) to work on /opt/airflow/dags/pipeline.py
[2026-05-25T15:10:23.069+0000] {processor.py:914} INFO - Processing file /opt/airflow/dags/pipeline.py for tasks to queue
[2026-05-25T15:10:23.073+0000] {logging_mixin.py:190} INFO - [2026-05-25T15:10:23.073+0000] {dagbag.py:588} INFO - Filling up the DagBag from /opt/airflow/dags/pipeline.py
[2026-05-25T15:10:23.100+0000] {processor.py:925} INFO - DAG(s) 'lastfm_pipeline' retrieved from /opt/airflow/dags/pipeline.py
[2026-05-25T15:10:23.144+0000] {logging_mixin.py:190} INFO - [2026-05-25T15:10:23.143+0000] {dag.py:3239} INFO - Sync 1 DAGs
[2026-05-25T15:10:23.178+0000] {logging_mixin.py:190} INFO - [2026-05-25T15:10:23.177+0000] {dag.py:4180} INFO - Setting next_dagrun for lastfm_pipeline to 2026-05-24 00:00:00+00:00, run_after=2026-05-25 00:00:00+00:00
[2026-05-25T15:10:23.203+0000] {processor.py:208} INFO - Processing /opt/airflow/dags/pipeline.py took 0.148 seconds
[2026-05-25T15:10:53.410+0000] {processor.py:186} INFO - Started process (PID=2105) to work on /opt/airflow/dags/pipeline.py
[2026-05-25T15:10:53.411+0000] {processor.py:914} INFO - Processing file /opt/airflow/dags/pipeline.py for tasks to queue
[2026-05-25T15:10:53.415+0000] {logging_mixin.py:190} INFO - [2026-05-25T15:10:53.414+0000] {dagbag.py:588} INFO - Filling up the DagBag from /opt/airflow/dags/pipeline.py
[2026-05-25T15:10:53.440+0000] {processor.py:925} INFO - DAG(s) 'lastfm_pipeline' retrieved from /opt/airflow/dags/pipeline.py
[2026-05-25T15:10:53.485+0000] {logging_mixin.py:190} INFO - [2026-05-25T15:10:53.485+0000] {dag.py:3239} INFO - Sync 1 DAGs
[2026-05-25T15:10:53.518+0000] {logging_mixin.py:190} INFO - [2026-05-25T15:10:53.518+0000] {dag.py:4180} INFO - Setting next_dagrun for lastfm_pipeline to 2026-05-24 00:00:00+00:00, run_after=2026-05-25 00:00:00+00:00
[2026-05-25T15:10:53.544+0000] {processor.py:208} INFO - Processing /opt/airflow/dags/pipeline.py took 0.145 seconds
[2026-05-25T15:11:23.627+0000] {processor.py:186} INFO - Started process (PID=2110) to work on /opt/airflow/dags/pipeline.py
[2026-05-25T15:11:23.630+0000] {processor.py:914} INFO - Processing file /opt/airflow/dags/pipeline.py for tasks to queue
[2026-05-25T15:11:23.633+0000] {logging_mixin.py:190} INFO - [2026-05-25T15:11:23.633+0000] {dagbag.py:588} INFO - Filling up the DagBag from /opt/airflow/dags/pipeline.py
[2026-05-25T15:11:23.655+0000] {processor.py:925} INFO - DAG(s) 'lastfm_pipeline' retrieved from /opt/airflow/dags/pipeline.py
[2026-05-25T15:11:23.696+0000] {logging_mixin.py:190} INFO - [2026-05-25T15:11:23.696+0000] {dag.py:3239} INFO - Sync 1 DAGs
[2026-05-25T15:11:23.730+0000] {logging_mixin.py:190} INFO - [2026-05-25T15:11:23.729+0000] {dag.py:4180} INFO - Setting next_dagrun for lastfm_pipeline to 2026-05-24 00:00:00+00:00, run_after=2026-05-25 00:00:00+00:00
[2026-05-25T15:11:23.754+0000] {processor.py:208} INFO - Processing /opt/airflow/dags/pipeline.py took 0.136 seconds
[2026-05-25T15:11:53.985+0000] {processor.py:186} INFO - Started process (PID=2115) to work on /opt/airflow/dags/pipeline.py
[2026-05-25T15:11:53.987+0000] {processor.py:914} INFO - Processing file /opt/airflow/dags/pipeline.py for tasks to queue
[2026-05-25T15:11:53.990+0000] {logging_mixin.py:190} INFO - [2026-05-25T15:11:53.990+0000] {dagbag.py:588} INFO - Filling up the DagBag from /opt/airflow/dags/pipeline.py
[2026-05-25T15:11:54.015+0000] {processor.py:925} INFO - DAG(s) 'lastfm_pipeline' retrieved from /opt/airflow/dags/pipeline.py
[2026-05-25T15:11:54.061+0000] {logging_mixin.py:190} INFO - [2026-05-25T15:11:54.060+0000] {dag.py:3239} INFO - Sync 1 DAGs
[2026-05-25T15:11:54.095+0000] {logging_mixin.py:190} INFO - [2026-05-25T15:11:54.095+0000] {dag.py:4180} INFO - Setting next_dagrun for lastfm_pipeline to 2026-05-24 00:00:00+00:00, run_after=2026-05-25 00:00:00+00:00
[2026-05-25T15:11:54.123+0000] {processor.py:208} INFO - Processing /opt/airflow/dags/pipeline.py took 0.147 seconds
[2026-05-25T15:12:24.208+0000] {processor.py:186} INFO - Started process (PID=2120) to work on /opt/airflow/dags/pipeline.py
[2026-05-25T15:12:24.209+0000] {processor.py:914} INFO - Processing file /opt/airflow/dags/pipeline.py for tasks to queue
[2026-05-25T15:12:24.212+0000] {logging_mixin.py:190} INFO - [2026-05-25T15:12:24.212+0000] {dagbag.py:588} INFO - Filling up the DagBag from /opt/airflow/dags/pipeline.py
[2026-05-25T15:12:24.234+0000] {processor.py:925} INFO - DAG(s) 'lastfm_pipeline' retrieved from /opt/airflow/dags/pipeline.py
[2026-05-25T15:12:24.277+0000] {logging_mixin.py:190} INFO - [2026-05-25T15:12:24.276+0000] {dag.py:3239} INFO - Sync 1 DAGs
[2026-05-25T15:12:24.319+0000] {logging_mixin.py:190} INFO - [2026-05-25T15:12:24.319+0000] {dag.py:4180} INFO - Setting next_dagrun for lastfm_pipeline to 2026-05-24 00:00:00+00:00, run_after=2026-05-25 00:00:00+00:00
[2026-05-25T15:12:24.345+0000] {processor.py:208} INFO - Processing /opt/airflow/dags/pipeline.py took 0.146 seconds
[2026-05-25T15:12:54.557+0000] {processor.py:186} INFO - Started process (PID=2125) to work on /opt/airflow/dags/pipeline.py
[2026-05-25T15:12:54.558+0000] {processor.py:914} INFO - Processing file /opt/airflow/dags/pipeline.py for tasks to queue
[2026-05-25T15:12:54.561+0000] {logging_mixin.py:190} INFO - [2026-05-25T15:12:54.560+0000] {dagbag.py:588} INFO - Filling up the DagBag from /opt/airflow/dags/pipeline.py
[2026-05-25T15:12:54.583+0000] {processor.py:925} INFO - DAG(s) 'lastfm_pipeline' retrieved from /opt/airflow/dags/pipeline.py
[2026-05-25T15:12:54.623+0000] {logging_mixin.py:190} INFO - [2026-05-25T15:12:54.623+0000] {dag.py:3239} INFO - Sync 1 DAGs
[2026-05-25T15:12:54.658+0000] {logging_mixin.py:190} INFO - [2026-05-25T15:12:54.658+0000] {dag.py:4180} INFO - Setting next_dagrun for lastfm_pipeline to 2026-05-24 00:00:00+00:00, run_after=2026-05-25 00:00:00+00:00
[2026-05-25T15:12:54.683+0000] {processor.py:208} INFO - Processing /opt/airflow/dags/pipeline.py took 0.134 seconds
[2026-05-25T15:13:24.773+0000] {processor.py:186} INFO - Started process (PID=2130) to work on /opt/airflow/dags/pipeline.py
[2026-05-25T15:13:24.776+0000] {processor.py:914} INFO - Processing file /opt/airflow/dags/pipeline.py for tasks to queue
[2026-05-25T15:13:24.780+0000] {logging_mixin.py:190} INFO - [2026-05-25T15:13:24.779+0000] {dagbag.py:588} INFO - Filling up the DagBag from /opt/airflow/dags/pipeline.py
[2026-05-25T15:13:24.802+0000] {processor.py:925} INFO - DAG(s) 'lastfm_pipeline' retrieved from /opt/airflow/dags/pipeline.py
[2026-05-25T15:13:24.844+0000] {logging_mixin.py:190} INFO - [2026-05-25T15:13:24.843+0000] {dag.py:3239} INFO - Sync 1 DAGs
[2026-05-25T15:13:24.878+0000] {logging_mixin.py:190} INFO - [2026-05-25T15:13:24.878+0000] {dag.py:4180} INFO - Setting next_dagrun for lastfm_pipeline to 2026-05-24 00:00:00+00:00, run_after=2026-05-25 00:00:00+00:00
[2026-05-25T15:13:24.905+0000] {processor.py:208} INFO - Processing /opt/airflow/dags/pipeline.py took 0.140 seconds
[2026-05-25T15:13:55.121+0000] {processor.py:186} INFO - Started process (PID=2135) to work on /opt/airflow/dags/pipeline.py
[2026-05-25T15:13:55.121+0000] {processor.py:914} INFO - Processing file /opt/airflow/dags/pipeline.py for tasks to queue
[2026-05-25T15:13:55.124+0000] {logging_mixin.py:190} INFO - [2026-05-25T15:13:55.124+0000] {dagbag.py:588} INFO - Filling up the DagBag from /opt/airflow/dags/pipeline.py
[2026-05-25T15:13:55.152+0000] {processor.py:925} INFO - DAG(s) 'lastfm_pipeline' retrieved from /opt/airflow/dags/pipeline.py
[2026-05-25T15:13:55.194+0000] {logging_mixin.py:190} INFO - [2026-05-25T15:13:55.194+0000] {dag.py:3239} INFO - Sync 1 DAGs
[2026-05-25T15:13:55.228+0000] {logging_mixin.py:190} INFO - [2026-05-25T15:13:55.228+0000] {dag.py:4180} INFO - Setting next_dagrun for lastfm_pipeline to 2026-05-24 00:00:00+00:00, run_after=2026-05-25 00:00:00+00:00
[2026-05-25T15:13:55.255+0000] {processor.py:208} INFO - Processing /opt/airflow/dags/pipeline.py took 0.143 seconds
[2026-05-25T15:14:25.348+0000] {processor.py:186} INFO - Started process (PID=2140) to work on /opt/airflow/dags/pipeline.py
[2026-05-25T15:14:25.351+0000] {processor.py:914} INFO - Processing file /opt/airflow/dags/pipeline.py for tasks to queue
[2026-05-25T15:14:25.354+0000] {logging_mixin.py:190} INFO - [2026-05-25T15:14:25.354+0000] {dagbag.py:588} INFO - Filling up the DagBag from /opt/airflow/dags/pipeline.py
[2026-05-25T15:14:25.376+0000] {processor.py:925} INFO - DAG(s) 'lastfm_pipeline' retrieved from /opt/airflow/dags/pipeline.py
[2026-05-25T15:14:25.418+0000] {logging_mixin.py:190} INFO - [2026-05-25T15:14:25.417+0000] {dag.py:3239} INFO - Sync 1 DAGs
[2026-05-25T15:14:25.452+0000] {logging_mixin.py:190} INFO - [2026-05-25T15:14:25.452+0000] {dag.py:4180} INFO - Setting next_dagrun for lastfm_pipeline to 2026-05-24 00:00:00+00:00, run_after=2026-05-25 00:00:00+00:00
[2026-05-25T15:14:25.478+0000] {processor.py:208} INFO - Processing /opt/airflow/dags/pipeline.py took 0.139 seconds
[2026-05-25T15:14:55.687+0000] {processor.py:186} INFO - Started process (PID=2145) to work on /opt/airflow/dags/pipeline.py
[2026-05-25T15:14:55.688+0000] {processor.py:914} INFO - Processing file /opt/airflow/dags/pipeline.py for tasks to queue
[2026-05-25T15:14:55.692+0000] {logging_mixin.py:190} INFO - [2026-05-25T15:14:55.691+0000] {dagbag.py:588} INFO - Filling up the DagBag from /opt/airflow/dags/pipeline.py
[2026-05-25T15:14:55.714+0000] {processor.py:925} INFO - DAG(s) 'lastfm_pipeline' retrieved from /opt/airflow/dags/pipeline.py
[2026-05-25T15:14:55.755+0000] {logging_mixin.py:190} INFO - [2026-05-25T15:14:55.755+0000] {dag.py:3239} INFO - Sync 1 DAGs
[2026-05-25T15:14:55.789+0000] {logging_mixin.py:190} INFO - [2026-05-25T15:14:55.789+0000] {dag.py:4180} INFO - Setting next_dagrun for lastfm_pipeline to 2026-05-24 00:00:00+00:00, run_after=2026-05-25 00:00:00+00:00
[2026-05-25T15:14:55.817+0000] {processor.py:208} INFO - Processing /opt/airflow/dags/pipeline.py took 0.138 seconds
[2026-05-25T15:15:25.910+0000] {processor.py:186} INFO - Started process (PID=2150) to work on /opt/airflow/dags/pipeline.py
[2026-05-25T15:15:25.911+0000] {processor.py:914} INFO - Processing file /opt/airflow/dags/pipeline.py for tasks to queue
[2026-05-25T15:15:25.914+0000] {logging_mixin.py:190} INFO - [2026-05-25T15:15:25.914+0000] {dagbag.py:588} INFO - Filling up the DagBag from /opt/airflow/dags/pipeline.py
[2026-05-25T15:15:25.936+0000] {processor.py:925} INFO - DAG(s) 'lastfm_pipeline' retrieved from /opt/airflow/dags/pipeline.py
[2026-05-25T15:15:25.977+0000] {logging_mixin.py:190} INFO - [2026-05-25T15:15:25.977+0000] {dag.py:3239} INFO - Sync 1 DAGs
[2026-05-25T15:15:26.014+0000] {logging_mixin.py:190} INFO - [2026-05-25T15:15:26.014+0000] {dag.py:4180} INFO - Setting next_dagrun for lastfm_pipeline to 2026-05-24 00:00:00+00:00, run_after=2026-05-25 00:00:00+00:00
[2026-05-25T15:15:26.044+0000] {processor.py:208} INFO - Processing /opt/airflow/dags/pipeline.py took 0.143 seconds
[2026-05-25T15:15:56.243+0000] {processor.py:186} INFO - Started process (PID=2155) to work on /opt/airflow/dags/pipeline.py
[2026-05-25T15:15:56.244+0000] {processor.py:914} INFO - Processing file /opt/airflow/dags/pipeline.py for tasks to queue
[2026-05-25T15:15:56.247+0000] {logging_mixin.py:190} INFO - [2026-05-25T15:15:56.247+0000] {dagbag.py:588} INFO - Filling up the DagBag from /opt/airflow/dags/pipeline.py
[2026-05-25T15:15:56.268+0000] {processor.py:925} INFO - DAG(s) 'lastfm_pipeline' retrieved from /opt/airflow/dags/pipeline.py
[2026-05-25T15:15:56.312+0000] {logging_mixin.py:190} INFO - [2026-05-25T15:15:56.312+0000] {dag.py:3239} INFO - Sync 1 DAGs
[2026-05-25T15:15:56.353+0000] {logging_mixin.py:190} INFO - [2026-05-25T15:15:56.353+0000] {dag.py:4180} INFO - Setting next_dagrun for lastfm_pipeline to 2026-05-24 00:00:00+00:00, run_after=2026-05-25 00:00:00+00:00
[2026-05-25T15:15:56.383+0000] {processor.py:208} INFO - Processing /opt/airflow/dags/pipeline.py took 0.148 seconds
[2026-05-25T15:16:26.473+0000] {processor.py:186} INFO - Started process (PID=2160) to work on /opt/airflow/dags/pipeline.py
[2026-05-25T15:16:26.475+0000] {processor.py:914} INFO - Processing file /opt/airflow/dags/pipeline.py for tasks to queue
[2026-05-25T15:16:26.478+0000] {logging_mixin.py:190} INFO - [2026-05-25T15:16:26.478+0000] {dagbag.py:588} INFO - Filling up the DagBag from /opt/airflow/dags/pipeline.py
[2026-05-25T15:16:26.504+0000] {processor.py:925} INFO - DAG(s) 'lastfm_pipeline' retrieved from /opt/airflow/dags/pipeline.py
[2026-05-25T15:16:26.551+0000] {logging_mixin.py:190} INFO - [2026-05-25T15:16:26.550+0000] {dag.py:3239} INFO - Sync 1 DAGs
[2026-05-25T15:16:26.589+0000] {logging_mixin.py:190} INFO - [2026-05-25T15:16:26.588+0000] {dag.py:4180} INFO - Setting next_dagrun for lastfm_pipeline to 2026-05-24 00:00:00+00:00, run_after=2026-05-25 00:00:00+00:00
[2026-05-25T15:16:26.617+0000] {processor.py:208} INFO - Processing /opt/airflow/dags/pipeline.py took 0.154 seconds
[2026-05-25T15:16:56.830+0000] {processor.py:186} INFO - Started process (PID=2165) to work on /opt/airflow/dags/pipeline.py
[2026-05-25T15:16:56.831+0000] {processor.py:914} INFO - Processing file /opt/airflow/dags/pipeline.py for tasks to queue
[2026-05-25T15:16:56.833+0000] {logging_mixin.py:190} INFO - [2026-05-25T15:16:56.833+0000] {dagbag.py:588} INFO - Filling up the DagBag from /opt/airflow/dags/pipeline.py
[2026-05-25T15:16:56.856+0000] {processor.py:925} INFO - DAG(s) 'lastfm_pipeline' retrieved from /opt/airflow/dags/pipeline.py
[2026-05-25T15:16:56.901+0000] {logging_mixin.py:190} INFO - [2026-05-25T15:16:56.901+0000] {dag.py:3239} INFO - Sync 1 DAGs
[2026-05-25T15:16:56.939+0000] {logging_mixin.py:190} INFO - [2026-05-25T15:16:56.938+0000] {dag.py:4180} INFO - Setting next_dagrun for lastfm_pipeline to 2026-05-24 00:00:00+00:00, run_after=2026-05-25 00:00:00+00:00
[2026-05-25T15:16:56.963+0000] {processor.py:208} INFO - Processing /opt/airflow/dags/pipeline.py took 0.141 seconds
[2026-05-25T15:17:27.057+0000] {processor.py:186} INFO - Started process (PID=2170) to work on /opt/airflow/dags/pipeline.py
[2026-05-25T15:17:27.060+0000] {processor.py:914} INFO - Processing file /opt/airflow/dags/pipeline.py for tasks to queue
[2026-05-25T15:17:27.063+0000] {logging_mixin.py:190} INFO - [2026-05-25T15:17:27.063+0000] {dagbag.py:588} INFO - Filling up the DagBag from /opt/airflow/dags/pipeline.py
[2026-05-25T15:17:27.087+0000] {processor.py:925} INFO - DAG(s) 'lastfm_pipeline' retrieved from /opt/airflow/dags/pipeline.py
[2026-05-25T15:17:27.129+0000] {logging_mixin.py:190} INFO - [2026-05-25T15:17:27.129+0000] {dag.py:3239} INFO - Sync 1 DAGs
[2026-05-25T15:17:27.164+0000] {logging_mixin.py:190} INFO - [2026-05-25T15:17:27.164+0000] {dag.py:4180} INFO - Setting next_dagrun for lastfm_pipeline to 2026-05-24 00:00:00+00:00, run_after=2026-05-25 00:00:00+00:00
[2026-05-25T15:17:27.190+0000] {processor.py:208} INFO - Processing /opt/airflow/dags/pipeline.py took 0.142 seconds
[2026-05-25T15:17:57.387+0000] {processor.py:186} INFO - Started process (PID=2175) to work on /opt/airflow/dags/pipeline.py
[2026-05-25T15:17:57.388+0000] {processor.py:914} INFO - Processing file /opt/airflow/dags/pipeline.py for tasks to queue
[2026-05-25T15:17:57.391+0000] {logging_mixin.py:190} INFO - [2026-05-25T15:17:57.390+0000] {dagbag.py:588} INFO - Filling up the DagBag from /opt/airflow/dags/pipeline.py
[2026-05-25T15:17:57.415+0000] {processor.py:925} INFO - DAG(s) 'lastfm_pipeline' retrieved from /opt/airflow/dags/pipeline.py
[2026-05-25T15:17:57.460+0000] {logging_mixin.py:190} INFO - [2026-05-25T15:17:57.460+0000] {dag.py:3239} INFO - Sync 1 DAGs
[2026-05-25T15:17:57.503+0000] {logging_mixin.py:190} INFO - [2026-05-25T15:17:57.503+0000] {dag.py:4180} INFO - Setting next_dagrun for lastfm_pipeline to 2026-05-24 00:00:00+00:00, run_after=2026-05-25 00:00:00+00:00
[2026-05-25T15:17:57.534+0000] {processor.py:208} INFO - Processing /opt/airflow/dags/pipeline.py took 0.156 seconds
[2026-05-25T15:18:27.609+0000] {processor.py:186} INFO - Started process (PID=2180) to work on /opt/airflow/dags/pipeline.py
[2026-05-25T15:18:27.612+0000] {processor.py:914} INFO - Processing file /opt/airflow/dags/pipeline.py for tasks to queue
[2026-05-25T15:18:27.615+0000] {logging_mixin.py:190} INFO - [2026-05-25T15:18:27.614+0000] {dagbag.py:588} INFO - Filling up the DagBag from /opt/airflow/dags/pipeline.py
[2026-05-25T15:18:27.638+0000] {processor.py:925} INFO - DAG(s) 'lastfm_pipeline' retrieved from /opt/airflow/dags/pipeline.py
[2026-05-25T15:18:27.680+0000] {logging_mixin.py:190} INFO - [2026-05-25T15:18:27.680+0000] {dag.py:3239} INFO - Sync 1 DAGs
[2026-05-25T15:18:27.715+0000] {logging_mixin.py:190} INFO - [2026-05-25T15:18:27.715+0000] {dag.py:4180} INFO - Setting next_dagrun for lastfm_pipeline to 2026-05-24 00:00:00+00:00, run_after=2026-05-25 00:00:00+00:00
[2026-05-25T15:18:27.738+0000] {processor.py:208} INFO - Processing /opt/airflow/dags/pipeline.py took 0.139 seconds
[2026-05-25T15:18:57.962+0000] {processor.py:186} INFO - Started process (PID=2185) to work on /opt/airflow/dags/pipeline.py
[2026-05-25T15:18:57.963+0000] {processor.py:914} INFO - Processing file /opt/airflow/dags/pipeline.py for tasks to queue
[2026-05-25T15:18:57.967+0000] {logging_mixin.py:190} INFO - [2026-05-25T15:18:57.966+0000] {dagbag.py:588} INFO - Filling up the DagBag from /opt/airflow/dags/pipeline.py
[2026-05-25T15:18:57.989+0000] {processor.py:925} INFO - DAG(s) 'lastfm_pipeline' retrieved from /opt/airflow/dags/pipeline.py
[2026-05-25T15:18:58.029+0000] {logging_mixin.py:190} INFO - [2026-05-25T15:18:58.028+0000] {dag.py:3239} INFO - Sync 1 DAGs
[2026-05-25T15:18:58.063+0000] {logging_mixin.py:190} INFO - [2026-05-25T15:18:58.063+0000] {dag.py:4180} INFO - Setting next_dagrun for lastfm_pipeline to 2026-05-24 00:00:00+00:00, run_after=2026-05-25 00:00:00+00:00
[2026-05-25T15:18:58.089+0000] {processor.py:208} INFO - Processing /opt/airflow/dags/pipeline.py took 0.135 seconds
[2026-05-25T15:19:28.187+0000] {processor.py:186} INFO - Started process (PID=2190) to work on /opt/airflow/dags/pipeline.py
[2026-05-25T15:19:28.190+0000] {processor.py:914} INFO - Processing file /opt/airflow/dags/pipeline.py for tasks to queue
[2026-05-25T15:19:28.194+0000] {logging_mixin.py:190} INFO - [2026-05-25T15:19:28.193+0000] {dagbag.py:588} INFO - Filling up the DagBag from /opt/airflow/dags/pipeline.py
[2026-05-25T15:19:28.217+0000] {processor.py:925} INFO - DAG(s) 'lastfm_pipeline' retrieved from /opt/airflow/dags/pipeline.py
[2026-05-25T15:19:28.258+0000] {logging_mixin.py:190} INFO - [2026-05-25T15:19:28.258+0000] {dag.py:3239} INFO - Sync 1 DAGs
[2026-05-25T15:19:28.293+0000] {logging_mixin.py:190} INFO - [2026-05-25T15:19:28.292+0000] {dag.py:4180} INFO - Setting next_dagrun for lastfm_pipeline to 2026-05-24 00:00:00+00:00, run_after=2026-05-25 00:00:00+00:00
[2026-05-25T15:19:28.318+0000] {processor.py:208} INFO - Processing /opt/airflow/dags/pipeline.py took 0.140 seconds
[2026-05-25T15:19:58.531+0000] {processor.py:186} INFO - Started process (PID=2195) to work on /opt/airflow/dags/pipeline.py
[2026-05-25T15:19:58.531+0000] {processor.py:914} INFO - Processing file /opt/airflow/dags/pipeline.py for tasks to queue
[2026-05-25T15:19:58.535+0000] {logging_mixin.py:190} INFO - [2026-05-25T15:19:58.534+0000] {dagbag.py:588} INFO - Filling up the DagBag from /opt/airflow/dags/pipeline.py
[2026-05-25T15:19:58.559+0000] {processor.py:925} INFO - DAG(s) 'lastfm_pipeline' retrieved from /opt/airflow/dags/pipeline.py
[2026-05-25T15:19:58.599+0000] {logging_mixin.py:190} INFO - [2026-05-25T15:19:58.599+0000] {dag.py:3239} INFO - Sync 1 DAGs
[2026-05-25T15:19:58.639+0000] {logging_mixin.py:190} INFO - [2026-05-25T15:19:58.639+0000] {dag.py:4180} INFO - Setting next_dagrun for lastfm_pipeline to 2026-05-24 00:00:00+00:00, run_after=2026-05-25 00:00:00+00:00
[2026-05-25T15:19:58.669+0000] {processor.py:208} INFO - Processing /opt/airflow/dags/pipeline.py took 0.147 seconds
[2026-05-25T15:20:28.751+0000] {processor.py:186} INFO - Started process (PID=2200) to work on /opt/airflow/dags/pipeline.py
[2026-05-25T15:20:28.754+0000] {processor.py:914} INFO - Processing file /opt/airflow/dags/pipeline.py for tasks to queue
[2026-05-25T15:20:28.758+0000] {logging_mixin.py:190} INFO - [2026-05-25T15:20:28.757+0000] {dagbag.py:588} INFO - Filling up the DagBag from /opt/airflow/dags/pipeline.py
[2026-05-25T15:20:28.783+0000] {processor.py:925} INFO - DAG(s) 'lastfm_pipeline' retrieved from /opt/airflow/dags/pipeline.py
[2026-05-25T15:20:28.825+0000] {logging_mixin.py:190} INFO - [2026-05-25T15:20:28.825+0000] {dag.py:3239} INFO - Sync 1 DAGs
[2026-05-25T15:20:28.860+0000] {logging_mixin.py:190} INFO - [2026-05-25T15:20:28.859+0000] {dag.py:4180} INFO - Setting next_dagrun for lastfm_pipeline to 2026-05-24 00:00:00+00:00, run_after=2026-05-25 00:00:00+00:00
[2026-05-25T15:20:28.890+0000] {processor.py:208} INFO - Processing /opt/airflow/dags/pipeline.py took 0.149 seconds
[2026-05-25T15:20:59.099+0000] {processor.py:186} INFO - Started process (PID=2205) to work on /opt/airflow/dags/pipeline.py
[2026-05-25T15:20:59.100+0000] {processor.py:914} INFO - Processing file /opt/airflow/dags/pipeline.py for tasks to queue
[2026-05-25T15:20:59.103+0000] {logging_mixin.py:190} INFO - [2026-05-25T15:20:59.102+0000] {dagbag.py:588} INFO - Filling up the DagBag from /opt/airflow/dags/pipeline.py
[2026-05-25T15:20:59.126+0000] {processor.py:925} INFO - DAG(s) 'lastfm_pipeline' retrieved from /opt/airflow/dags/pipeline.py
[2026-05-25T15:20:59.167+0000] {logging_mixin.py:190} INFO - [2026-05-25T15:20:59.167+0000] {dag.py:3239} INFO - Sync 1 DAGs
[2026-05-25T15:20:59.203+0000] {logging_mixin.py:190} INFO - [2026-05-25T15:20:59.203+0000] {dag.py:4180} INFO - Setting next_dagrun for lastfm_pipeline to 2026-05-24 00:00:00+00:00, run_after=2026-05-25 00:00:00+00:00
[2026-05-25T15:20:59.231+0000] {processor.py:208} INFO - Processing /opt/airflow/dags/pipeline.py took 0.139 seconds
[2026-05-25T15:21:29.314+0000] {processor.py:186} INFO - Started process (PID=2210) to work on /opt/airflow/dags/pipeline.py
[2026-05-25T15:21:29.317+0000] {processor.py:914} INFO - Processing file /opt/airflow/dags/pipeline.py for tasks to queue
[2026-05-25T15:21:29.320+0000] {logging_mixin.py:190} INFO - [2026-05-25T15:21:29.320+0000] {dagbag.py:588} INFO - Filling up the DagBag from /opt/airflow/dags/pipeline.py
[2026-05-25T15:21:29.345+0000] {processor.py:925} INFO - DAG(s) 'lastfm_pipeline' retrieved from /opt/airflow/dags/pipeline.py
[2026-05-25T15:21:29.387+0000] {logging_mixin.py:190} INFO - [2026-05-25T15:21:29.386+0000] {dag.py:3239} INFO - Sync 1 DAGs
[2026-05-25T15:21:29.423+0000] {logging_mixin.py:190} INFO - [2026-05-25T15:21:29.423+0000] {dag.py:4180} INFO - Setting next_dagrun for lastfm_pipeline to 2026-05-24 00:00:00+00:00, run_after=2026-05-25 00:00:00+00:00
[2026-05-25T15:21:29.450+0000] {processor.py:208} INFO - Processing /opt/airflow/dags/pipeline.py took 0.144 seconds
[2026-05-25T15:21:59.672+0000] {processor.py:186} INFO - Started process (PID=2215) to work on /opt/airflow/dags/pipeline.py
[2026-05-25T15:21:59.673+0000] {processor.py:914} INFO - Processing file /opt/airflow/dags/pipeline.py for tasks to queue
[2026-05-25T15:21:59.676+0000] {logging_mixin.py:190} INFO - [2026-05-25T15:21:59.675+0000] {dagbag.py:588} INFO - Filling up the DagBag from /opt/airflow/dags/pipeline.py
[2026-05-25T15:21:59.702+0000] {processor.py:925} INFO - DAG(s) 'lastfm_pipeline' retrieved from /opt/airflow/dags/pipeline.py
[2026-05-25T15:21:59.746+0000] {logging_mixin.py:190} INFO - [2026-05-25T15:21:59.745+0000] {dag.py:3239} INFO - Sync 1 DAGs
[2026-05-25T15:21:59.780+0000] {logging_mixin.py:190} INFO - [2026-05-25T15:21:59.779+0000] {dag.py:4180} INFO - Setting next_dagrun for lastfm_pipeline to 2026-05-24 00:00:00+00:00, run_after=2026-05-25 00:00:00+00:00
[2026-05-25T15:21:59.807+0000] {processor.py:208} INFO - Processing /opt/airflow/dags/pipeline.py took 0.146 seconds
[2026-05-25T15:22:29.893+0000] {processor.py:186} INFO - Started process (PID=2220) to work on /opt/airflow/dags/pipeline.py
[2026-05-25T15:22:29.896+0000] {processor.py:914} INFO - Processing file /opt/airflow/dags/pipeline.py for tasks to queue
[2026-05-25T15:22:29.900+0000] {logging_mixin.py:190} INFO - [2026-05-25T15:22:29.899+0000] {dagbag.py:588} INFO - Filling up the DagBag from /opt/airflow/dags/pipeline.py
[2026-05-25T15:22:29.927+0000] {processor.py:925} INFO - DAG(s) 'lastfm_pipeline' retrieved from /opt/airflow/dags/pipeline.py
[2026-05-25T15:22:29.969+0000] {logging_mixin.py:190} INFO - [2026-05-25T15:22:29.969+0000] {dag.py:3239} INFO - Sync 1 DAGs
[2026-05-25T15:22:30.003+0000] {logging_mixin.py:190} INFO - [2026-05-25T15:22:30.002+0000] {dag.py:4180} INFO - Setting next_dagrun for lastfm_pipeline to 2026-05-24 00:00:00+00:00, run_after=2026-05-25 00:00:00+00:00
[2026-05-25T15:22:30.029+0000] {processor.py:208} INFO - Processing /opt/airflow/dags/pipeline.py took 0.145 seconds
[2026-05-25T15:23:00.233+0000] {processor.py:186} INFO - Started process (PID=2225) to work on /opt/airflow/dags/pipeline.py
[2026-05-25T15:23:00.234+0000] {processor.py:914} INFO - Processing file /opt/airflow/dags/pipeline.py for tasks to queue
[2026-05-25T15:23:00.238+0000] {logging_mixin.py:190} INFO - [2026-05-25T15:23:00.237+0000] {dagbag.py:588} INFO - Filling up the DagBag from /opt/airflow/dags/pipeline.py
[2026-05-25T15:23:00.263+0000] {processor.py:925} INFO - DAG(s) 'lastfm_pipeline' retrieved from /opt/airflow/dags/pipeline.py
[2026-05-25T15:23:00.310+0000] {logging_mixin.py:190} INFO - [2026-05-25T15:23:00.309+0000] {dag.py:3239} INFO - Sync 1 DAGs
[2026-05-25T15:23:00.348+0000] {logging_mixin.py:190} INFO - [2026-05-25T15:23:00.348+0000] {dag.py:4180} INFO - Setting next_dagrun for lastfm_pipeline to 2026-05-24 00:00:00+00:00, run_after=2026-05-25 00:00:00+00:00
[2026-05-25T15:23:00.372+0000] {processor.py:208} INFO - Processing /opt/airflow/dags/pipeline.py took 0.150 seconds
[2026-05-25T15:23:30.446+0000] {processor.py:186} INFO - Started process (PID=2230) to work on /opt/airflow/dags/pipeline.py
[2026-05-25T15:23:30.450+0000] {processor.py:914} INFO - Processing file /opt/airflow/dags/pipeline.py for tasks to queue
[2026-05-25T15:23:30.454+0000] {logging_mixin.py:190} INFO - [2026-05-25T15:23:30.453+0000] {dagbag.py:588} INFO - Filling up the DagBag from /opt/airflow/dags/pipeline.py
[2026-05-25T15:23:30.476+0000] {processor.py:925} INFO - DAG(s) 'lastfm_pipeline' retrieved from /opt/airflow/dags/pipeline.py
[2026-05-25T15:23:30.519+0000] {logging_mixin.py:190} INFO - [2026-05-25T15:23:30.518+0000] {dag.py:3239} INFO - Sync 1 DAGs
[2026-05-25T15:23:30.553+0000] {logging_mixin.py:190} INFO - [2026-05-25T15:23:30.552+0000] {dag.py:4180} INFO - Setting next_dagrun for lastfm_pipeline to 2026-05-24 00:00:00+00:00, run_after=2026-05-25 00:00:00+00:00
[2026-05-25T15:23:30.580+0000] {processor.py:208} INFO - Processing /opt/airflow/dags/pipeline.py took 0.143 seconds
[2026-05-25T15:24:00.787+0000] {processor.py:186} INFO - Started process (PID=2235) to work on /opt/airflow/dags/pipeline.py
[2026-05-25T15:24:00.788+0000] {processor.py:914} INFO - Processing file /opt/airflow/dags/pipeline.py for tasks to queue
[2026-05-25T15:24:00.792+0000] {logging_mixin.py:190} INFO - [2026-05-25T15:24:00.792+0000] {dagbag.py:588} INFO - Filling up the DagBag from /opt/airflow/dags/pipeline.py
[2026-05-25T15:24:00.816+0000] {processor.py:925} INFO - DAG(s) 'lastfm_pipeline' retrieved from /opt/airflow/dags/pipeline.py
[2026-05-25T15:24:00.860+0000] {logging_mixin.py:190} INFO - [2026-05-25T15:24:00.859+0000] {dag.py:3239} INFO - Sync 1 DAGs
[2026-05-25T15:24:00.893+0000] {logging_mixin.py:190} INFO - [2026-05-25T15:24:00.893+0000] {dag.py:4180} INFO - Setting next_dagrun for lastfm_pipeline to 2026-05-24 00:00:00+00:00, run_after=2026-05-25 00:00:00+00:00
[2026-05-25T15:24:00.918+0000] {processor.py:208} INFO - Processing /opt/airflow/dags/pipeline.py took 0.141 seconds
[2026-05-25T15:24:31.008+0000] {processor.py:186} INFO - Started process (PID=2240) to work on /opt/airflow/dags/pipeline.py
[2026-05-25T15:24:31.011+0000] {processor.py:914} INFO - Processing file /opt/airflow/dags/pipeline.py for tasks to queue
[2026-05-25T15:24:31.015+0000] {logging_mixin.py:190} INFO - [2026-05-25T15:24:31.014+0000] {dagbag.py:588} INFO - Filling up the DagBag from /opt/airflow/dags/pipeline.py
[2026-05-25T15:24:31.041+0000] {processor.py:925} INFO - DAG(s) 'lastfm_pipeline' retrieved from /opt/airflow/dags/pipeline.py
[2026-05-25T15:24:31.090+0000] {logging_mixin.py:190} INFO - [2026-05-25T15:24:31.089+0000] {dag.py:3239} INFO - Sync 1 DAGs
[2026-05-25T15:24:31.132+0000] {logging_mixin.py:190} INFO - [2026-05-25T15:24:31.131+0000] {dag.py:4180} INFO - Setting next_dagrun for lastfm_pipeline to 2026-05-24 00:00:00+00:00, run_after=2026-05-25 00:00:00+00:00
[2026-05-25T15:24:31.164+0000] {processor.py:208} INFO - Processing /opt/airflow/dags/pipeline.py took 0.165 seconds
[2026-05-25T15:25:01.366+0000] {processor.py:186} INFO - Started process (PID=2245) to work on /opt/airflow/dags/pipeline.py
[2026-05-25T15:25:01.367+0000] {processor.py:914} INFO - Processing file /opt/airflow/dags/pipeline.py for tasks to queue
[2026-05-25T15:25:01.370+0000] {logging_mixin.py:190} INFO - [2026-05-25T15:25:01.370+0000] {dagbag.py:588} INFO - Filling up the DagBag from /opt/airflow/dags/pipeline.py
[2026-05-25T15:25:01.394+0000] {processor.py:925} INFO - DAG(s) 'lastfm_pipeline' retrieved from /opt/airflow/dags/pipeline.py
[2026-05-25T15:25:01.436+0000] {logging_mixin.py:190} INFO - [2026-05-25T15:25:01.436+0000] {dag.py:3239} INFO - Sync 1 DAGs
[2026-05-25T15:25:01.471+0000] {logging_mixin.py:190} INFO - [2026-05-25T15:25:01.471+0000] {dag.py:4180} INFO - Setting next_dagrun for lastfm_pipeline to 2026-05-24 00:00:00+00:00, run_after=2026-05-25 00:00:00+00:00
[2026-05-25T15:25:01.496+0000] {processor.py:208} INFO - Processing /opt/airflow/dags/pipeline.py took 0.140 seconds
[2026-05-25T15:25:31.611+0000] {processor.py:186} INFO - Started process (PID=2250) to work on /opt/airflow/dags/pipeline.py
[2026-05-25T15:25:31.614+0000] {processor.py:914} INFO - Processing file /opt/airflow/dags/pipeline.py for tasks to queue
[2026-05-25T15:25:31.618+0000] {logging_mixin.py:190} INFO - [2026-05-25T15:25:31.617+0000] {dagbag.py:588} INFO - Filling up the DagBag from /opt/airflow/dags/pipeline.py
[2026-05-25T15:25:31.641+0000] {processor.py:925} INFO - DAG(s) 'lastfm_pipeline' retrieved from /opt/airflow/dags/pipeline.py
[2026-05-25T15:25:31.685+0000] {logging_mixin.py:190} INFO - [2026-05-25T15:25:31.685+0000] {dag.py:3239} INFO - Sync 1 DAGs
[2026-05-25T15:25:31.720+0000] {logging_mixin.py:190} INFO - [2026-05-25T15:25:31.720+0000] {dag.py:4180} INFO - Setting next_dagrun for lastfm_pipeline to 2026-05-24 00:00:00+00:00, run_after=2026-05-25 00:00:00+00:00
[2026-05-25T15:25:31.744+0000] {processor.py:208} INFO - Processing /opt/airflow/dags/pipeline.py took 0.142 seconds
[2026-05-25T15:26:01.942+0000] {processor.py:186} INFO - Started process (PID=2255) to work on /opt/airflow/dags/pipeline.py
[2026-05-25T15:26:01.943+0000] {processor.py:914} INFO - Processing file /opt/airflow/dags/pipeline.py for tasks to queue
[2026-05-25T15:26:01.946+0000] {logging_mixin.py:190} INFO - [2026-05-25T15:26:01.945+0000] {dagbag.py:588} INFO - Filling up the DagBag from /opt/airflow/dags/pipeline.py
[2026-05-25T15:26:01.972+0000] {processor.py:925} INFO - DAG(s) 'lastfm_pipeline' retrieved from /opt/airflow/dags/pipeline.py
[2026-05-25T15:26:02.021+0000] {logging_mixin.py:190} INFO - [2026-05-25T15:26:02.021+0000] {dag.py:3239} INFO - Sync 1 DAGs
[2026-05-25T15:26:02.059+0000] {logging_mixin.py:190} INFO - [2026-05-25T15:26:02.059+0000] {dag.py:4180} INFO - Setting next_dagrun for lastfm_pipeline to 2026-05-24 00:00:00+00:00, run_after=2026-05-25 00:00:00+00:00
[2026-05-25T15:26:02.084+0000] {processor.py:208} INFO - Processing /opt/airflow/dags/pipeline.py took 0.153 seconds
[2026-05-25T15:26:32.173+0000] {processor.py:186} INFO - Started process (PID=2260) to work on /opt/airflow/dags/pipeline.py
[2026-05-25T15:26:32.176+0000] {processor.py:914} INFO - Processing file /opt/airflow/dags/pipeline.py for tasks to queue
[2026-05-25T15:26:32.179+0000] {logging_mixin.py:190} INFO - [2026-05-25T15:26:32.178+0000] {dagbag.py:588} INFO - Filling up the DagBag from /opt/airflow/dags/pipeline.py
[2026-05-25T15:26:32.201+0000] {processor.py:925} INFO - DAG(s) 'lastfm_pipeline' retrieved from /opt/airflow/dags/pipeline.py
[2026-05-25T15:26:32.243+0000] {logging_mixin.py:190} INFO - [2026-05-25T15:26:32.242+0000] {dag.py:3239} INFO - Sync 1 DAGs
[2026-05-25T15:26:32.277+0000] {logging_mixin.py:190} INFO - [2026-05-25T15:26:32.276+0000] {dag.py:4180} INFO - Setting next_dagrun for lastfm_pipeline to 2026-05-24 00:00:00+00:00, run_after=2026-05-25 00:00:00+00:00
[2026-05-25T15:26:32.317+0000] {processor.py:208} INFO - Processing /opt/airflow/dags/pipeline.py took 0.153 seconds
[2026-05-25T15:27:02.540+0000] {processor.py:186} INFO - Started process (PID=2265) to work on /opt/airflow/dags/pipeline.py
[2026-05-25T15:27:02.543+0000] {processor.py:914} INFO - Processing file /opt/airflow/dags/pipeline.py for tasks to queue
[2026-05-25T15:27:02.547+0000] {logging_mixin.py:190} INFO - [2026-05-25T15:27:02.547+0000] {dagbag.py:588} INFO - Filling up the DagBag from /opt/airflow/dags/pipeline.py
[2026-05-25T15:27:02.569+0000] {processor.py:925} INFO - DAG(s) 'lastfm_pipeline' retrieved from /opt/airflow/dags/pipeline.py
[2026-05-25T15:27:02.609+0000] {logging_mixin.py:190} INFO - [2026-05-25T15:27:02.608+0000] {dag.py:3239} INFO - Sync 1 DAGs
[2026-05-25T15:27:02.645+0000] {logging_mixin.py:190} INFO - [2026-05-25T15:27:02.644+0000] {dag.py:4180} INFO - Setting next_dagrun for lastfm_pipeline to 2026-05-24 00:00:00+00:00, run_after=2026-05-25 00:00:00+00:00
[2026-05-25T15:27:02.667+0000] {processor.py:208} INFO - Processing /opt/airflow/dags/pipeline.py took 0.135 seconds
[2026-05-25T15:27:32.772+0000] {processor.py:186} INFO - Started process (PID=2270) to work on /opt/airflow/dags/pipeline.py
[2026-05-25T15:27:32.773+0000] {processor.py:914} INFO - Processing file /opt/airflow/dags/pipeline.py for tasks to queue
[2026-05-25T15:27:32.776+0000] {logging_mixin.py:190} INFO - [2026-05-25T15:27:32.776+0000] {dagbag.py:588} INFO - Filling up the DagBag from /opt/airflow/dags/pipeline.py
[2026-05-25T15:27:32.799+0000] {processor.py:925} INFO - DAG(s) 'lastfm_pipeline' retrieved from /opt/airflow/dags/pipeline.py
[2026-05-25T15:27:32.840+0000] {logging_mixin.py:190} INFO - [2026-05-25T15:27:32.839+0000] {dag.py:3239} INFO - Sync 1 DAGs
[2026-05-25T15:27:32.874+0000] {logging_mixin.py:190} INFO - [2026-05-25T15:27:32.874+0000] {dag.py:4180} INFO - Setting next_dagrun for lastfm_pipeline to 2026-05-24 00:00:00+00:00, run_after=2026-05-25 00:00:00+00:00
[2026-05-25T15:27:32.900+0000] {processor.py:208} INFO - Processing /opt/airflow/dags/pipeline.py took 0.139 seconds
[2026-05-25T15:28:03.101+0000] {processor.py:186} INFO - Started process (PID=2275) to work on /opt/airflow/dags/pipeline.py
[2026-05-25T15:28:03.104+0000] {processor.py:914} INFO - Processing file /opt/airflow/dags/pipeline.py for tasks to queue
[2026-05-25T15:28:03.108+0000] {logging_mixin.py:190} INFO - [2026-05-25T15:28:03.107+0000] {dagbag.py:588} INFO - Filling up the DagBag from /opt/airflow/dags/pipeline.py
[2026-05-25T15:28:03.134+0000] {processor.py:925} INFO - DAG(s) 'lastfm_pipeline' retrieved from /opt/airflow/dags/pipeline.py
[2026-05-25T15:28:03.182+0000] {logging_mixin.py:190} INFO - [2026-05-25T15:28:03.181+0000] {dag.py:3239} INFO - Sync 1 DAGs
[2026-05-25T15:28:03.219+0000] {logging_mixin.py:190} INFO - [2026-05-25T15:28:03.219+0000] {dag.py:4180} INFO - Setting next_dagrun for lastfm_pipeline to 2026-05-24 00:00:00+00:00, run_after=2026-05-25 00:00:00+00:00
[2026-05-25T15:28:03.246+0000] {processor.py:208} INFO - Processing /opt/airflow/dags/pipeline.py took 0.156 seconds
[2026-05-25T15:28:33.321+0000] {processor.py:186} INFO - Started process (PID=2280) to work on /opt/airflow/dags/pipeline.py
[2026-05-25T15:28:33.322+0000] {processor.py:914} INFO - Processing file /opt/airflow/dags/pipeline.py for tasks to queue
[2026-05-25T15:28:33.326+0000] {logging_mixin.py:190} INFO - [2026-05-25T15:28:33.325+0000] {dagbag.py:588} INFO - Filling up the DagBag from /opt/airflow/dags/pipeline.py
[2026-05-25T15:28:33.355+0000] {processor.py:925} INFO - DAG(s) 'lastfm_pipeline' retrieved from /opt/airflow/dags/pipeline.py
[2026-05-25T15:28:33.404+0000] {logging_mixin.py:190} INFO - [2026-05-25T15:28:33.404+0000] {dag.py:3239} INFO - Sync 1 DAGs
[2026-05-25T15:28:33.443+0000] {logging_mixin.py:190} INFO - [2026-05-25T15:28:33.443+0000] {dag.py:4180} INFO - Setting next_dagrun for lastfm_pipeline to 2026-05-24 00:00:00+00:00, run_after=2026-05-25 00:00:00+00:00
[2026-05-25T15:28:33.465+0000] {processor.py:208} INFO - Processing /opt/airflow/dags/pipeline.py took 0.152 seconds
[2026-05-25T15:29:03.682+0000] {processor.py:186} INFO - Started process (PID=2285) to work on /opt/airflow/dags/pipeline.py
[2026-05-25T15:29:03.685+0000] {processor.py:914} INFO - Processing file /opt/airflow/dags/pipeline.py for tasks to queue
[2026-05-25T15:29:03.690+0000] {logging_mixin.py:190} INFO - [2026-05-25T15:29:03.689+0000] {dagbag.py:588} INFO - Filling up the DagBag from /opt/airflow/dags/pipeline.py
[2026-05-25T15:29:03.715+0000] {processor.py:925} INFO - DAG(s) 'lastfm_pipeline' retrieved from /opt/airflow/dags/pipeline.py
[2026-05-25T15:29:03.758+0000] {logging_mixin.py:190} INFO - [2026-05-25T15:29:03.757+0000] {dag.py:3239} INFO - Sync 1 DAGs
[2026-05-25T15:29:03.792+0000] {logging_mixin.py:190} INFO - [2026-05-25T15:29:03.791+0000] {dag.py:4180} INFO - Setting next_dagrun for lastfm_pipeline to 2026-05-24 00:00:00+00:00, run_after=2026-05-25 00:00:00+00:00
[2026-05-25T15:29:03.820+0000] {processor.py:208} INFO - Processing /opt/airflow/dags/pipeline.py took 0.150 seconds
[2026-05-25T15:29:33.899+0000] {processor.py:186} INFO - Started process (PID=2290) to work on /opt/airflow/dags/pipeline.py
[2026-05-25T15:29:33.900+0000] {processor.py:914} INFO - Processing file /opt/airflow/dags/pipeline.py for tasks to queue
[2026-05-25T15:29:33.903+0000] {logging_mixin.py:190} INFO - [2026-05-25T15:29:33.902+0000] {dagbag.py:588} INFO - Filling up the DagBag from /opt/airflow/dags/pipeline.py
[2026-05-25T15:29:33.925+0000] {processor.py:925} INFO - DAG(s) 'lastfm_pipeline' retrieved from /opt/airflow/dags/pipeline.py
[2026-05-25T15:29:33.967+0000] {logging_mixin.py:190} INFO - [2026-05-25T15:29:33.966+0000] {dag.py:3239} INFO - Sync 1 DAGs
[2026-05-25T15:29:34.002+0000] {logging_mixin.py:190} INFO - [2026-05-25T15:29:34.001+0000] {dag.py:4180} INFO - Setting next_dagrun for lastfm_pipeline to 2026-05-24 00:00:00+00:00, run_after=2026-05-25 00:00:00+00:00
[2026-05-25T15:29:34.028+0000] {processor.py:208} INFO - Processing /opt/airflow/dags/pipeline.py took 0.138 seconds
[2026-05-25T15:30:04.244+0000] {processor.py:186} INFO - Started process (PID=2295) to work on /opt/airflow/dags/pipeline.py
[2026-05-25T15:30:04.246+0000] {processor.py:914} INFO - Processing file /opt/airflow/dags/pipeline.py for tasks to queue
[2026-05-25T15:30:04.249+0000] {logging_mixin.py:190} INFO - [2026-05-25T15:30:04.249+0000] {dagbag.py:588} INFO - Filling up the DagBag from /opt/airflow/dags/pipeline.py
[2026-05-25T15:30:04.272+0000] {processor.py:925} INFO - DAG(s) 'lastfm_pipeline' retrieved from /opt/airflow/dags/pipeline.py
[2026-05-25T15:30:04.316+0000] {logging_mixin.py:190} INFO - [2026-05-25T15:30:04.315+0000] {dag.py:3239} INFO - Sync 1 DAGs
[2026-05-25T15:30:04.349+0000] {logging_mixin.py:190} INFO - [2026-05-25T15:30:04.349+0000] {dag.py:4180} INFO - Setting next_dagrun for lastfm_pipeline to 2026-05-24 00:00:00+00:00, run_after=2026-05-25 00:00:00+00:00
[2026-05-25T15:30:04.374+0000] {processor.py:208} INFO - Processing /opt/airflow/dags/pipeline.py took 0.139 seconds
[2026-05-25T15:30:34.463+0000] {processor.py:186} INFO - Started process (PID=2300) to work on /opt/airflow/dags/pipeline.py
[2026-05-25T15:30:34.464+0000] {processor.py:914} INFO - Processing file /opt/airflow/dags/pipeline.py for tasks to queue
[2026-05-25T15:30:34.469+0000] {logging_mixin.py:190} INFO - [2026-05-25T15:30:34.468+0000] {dagbag.py:588} INFO - Filling up the DagBag from /opt/airflow/dags/pipeline.py
[2026-05-25T15:30:34.494+0000] {processor.py:925} INFO - DAG(s) 'lastfm_pipeline' retrieved from /opt/airflow/dags/pipeline.py
[2026-05-25T15:30:34.544+0000] {logging_mixin.py:190} INFO - [2026-05-25T15:30:34.544+0000] {dag.py:3239} INFO - Sync 1 DAGs
[2026-05-25T15:30:34.584+0000] {logging_mixin.py:190} INFO - [2026-05-25T15:30:34.583+0000] {dag.py:4180} INFO - Setting next_dagrun for lastfm_pipeline to 2026-05-24 00:00:00+00:00, run_after=2026-05-25 00:00:00+00:00
[2026-05-25T15:30:34.612+0000] {processor.py:208} INFO - Processing /opt/airflow/dags/pipeline.py took 0.158 seconds
[2026-05-25T15:31:04.811+0000] {processor.py:186} INFO - Started process (PID=2305) to work on /opt/airflow/dags/pipeline.py
[2026-05-25T15:31:04.814+0000] {processor.py:914} INFO - Processing file /opt/airflow/dags/pipeline.py for tasks to queue
[2026-05-25T15:31:04.818+0000] {logging_mixin.py:190} INFO - [2026-05-25T15:31:04.817+0000] {dagbag.py:588} INFO - Filling up the DagBag from /opt/airflow/dags/pipeline.py
[2026-05-25T15:31:04.839+0000] {processor.py:925} INFO - DAG(s) 'lastfm_pipeline' retrieved from /opt/airflow/dags/pipeline.py
[2026-05-25T15:31:04.879+0000] {logging_mixin.py:190} INFO - [2026-05-25T15:31:04.878+0000] {dag.py:3239} INFO - Sync 1 DAGs
[2026-05-25T15:31:04.915+0000] {logging_mixin.py:190} INFO - [2026-05-25T15:31:04.915+0000] {dag.py:4180} INFO - Setting next_dagrun for lastfm_pipeline to 2026-05-24 00:00:00+00:00, run_after=2026-05-25 00:00:00+00:00
[2026-05-25T15:31:04.937+0000] {processor.py:208} INFO - Processing /opt/airflow/dags/pipeline.py took 0.134 seconds
[2026-05-25T15:31:35.027+0000] {processor.py:186} INFO - Started process (PID=2310) to work on /opt/airflow/dags/pipeline.py
[2026-05-25T15:31:35.027+0000] {processor.py:914} INFO - Processing file /opt/airflow/dags/pipeline.py for tasks to queue
[2026-05-25T15:31:35.030+0000] {logging_mixin.py:190} INFO - [2026-05-25T15:31:35.030+0000] {dagbag.py:588} INFO - Filling up the DagBag from /opt/airflow/dags/pipeline.py
[2026-05-25T15:31:35.053+0000] {processor.py:925} INFO - DAG(s) 'lastfm_pipeline' retrieved from /opt/airflow/dags/pipeline.py
[2026-05-25T15:31:35.096+0000] {logging_mixin.py:190} INFO - [2026-05-25T15:31:35.095+0000] {dag.py:3239} INFO - Sync 1 DAGs
[2026-05-25T15:31:35.132+0000] {logging_mixin.py:190} INFO - [2026-05-25T15:31:35.132+0000] {dag.py:4180} INFO - Setting next_dagrun for lastfm_pipeline to 2026-05-24 00:00:00+00:00, run_after=2026-05-25 00:00:00+00:00
[2026-05-25T15:31:35.159+0000] {processor.py:208} INFO - Processing /opt/airflow/dags/pipeline.py took 0.141 seconds
[2026-05-25T15:32:05.384+0000] {processor.py:186} INFO - Started process (PID=2315) to work on /opt/airflow/dags/pipeline.py
[2026-05-25T15:32:05.385+0000] {processor.py:914} INFO - Processing file /opt/airflow/dags/pipeline.py for tasks to queue
[2026-05-25T15:32:05.388+0000] {logging_mixin.py:190} INFO - [2026-05-25T15:32:05.388+0000] {dagbag.py:588} INFO - Filling up the DagBag from /opt/airflow/dags/pipeline.py
[2026-05-25T15:32:05.411+0000] {processor.py:925} INFO - DAG(s) 'lastfm_pipeline' retrieved from /opt/airflow/dags/pipeline.py
[2026-05-25T15:32:05.452+0000] {logging_mixin.py:190} INFO - [2026-05-25T15:32:05.451+0000] {dag.py:3239} INFO - Sync 1 DAGs
[2026-05-25T15:32:05.486+0000] {logging_mixin.py:190} INFO - [2026-05-25T15:32:05.485+0000] {dag.py:4180} INFO - Setting next_dagrun for lastfm_pipeline to 2026-05-24 00:00:00+00:00, run_after=2026-05-25 00:00:00+00:00
[2026-05-25T15:32:05.513+0000] {processor.py:208} INFO - Processing /opt/airflow/dags/pipeline.py took 0.137 seconds
[2026-05-25T15:32:35.603+0000] {processor.py:186} INFO - Started process (PID=2320) to work on /opt/airflow/dags/pipeline.py
[2026-05-25T15:32:35.604+0000] {processor.py:914} INFO - Processing file /opt/airflow/dags/pipeline.py for tasks to queue
[2026-05-25T15:32:35.607+0000] {logging_mixin.py:190} INFO - [2026-05-25T15:32:35.607+0000] {dagbag.py:588} INFO - Filling up the DagBag from /opt/airflow/dags/pipeline.py
[2026-05-25T15:32:35.629+0000] {processor.py:925} INFO - DAG(s) 'lastfm_pipeline' retrieved from /opt/airflow/dags/pipeline.py
[2026-05-25T15:32:35.672+0000] {logging_mixin.py:190} INFO - [2026-05-25T15:32:35.671+0000] {dag.py:3239} INFO - Sync 1 DAGs
[2026-05-25T15:32:35.715+0000] {logging_mixin.py:190} INFO - [2026-05-25T15:32:35.714+0000] {dag.py:4180} INFO - Setting next_dagrun for lastfm_pipeline to 2026-05-24 00:00:00+00:00, run_after=2026-05-25 00:00:00+00:00
[2026-05-25T15:32:35.745+0000] {processor.py:208} INFO - Processing /opt/airflow/dags/pipeline.py took 0.151 seconds
[2026-05-25T15:33:05.943+0000] {processor.py:186} INFO - Started process (PID=2325) to work on /opt/airflow/dags/pipeline.py
[2026-05-25T15:33:05.946+0000] {processor.py:914} INFO - Processing file /opt/airflow/dags/pipeline.py for tasks to queue
[2026-05-25T15:33:05.950+0000] {logging_mixin.py:190} INFO - [2026-05-25T15:33:05.949+0000] {dagbag.py:588} INFO - Filling up the DagBag from /opt/airflow/dags/pipeline.py
[2026-05-25T15:33:05.971+0000] {processor.py:925} INFO - DAG(s) 'lastfm_pipeline' retrieved from /opt/airflow/dags/pipeline.py
[2026-05-25T15:33:06.011+0000] {logging_mixin.py:190} INFO - [2026-05-25T15:33:06.011+0000] {dag.py:3239} INFO - Sync 1 DAGs
[2026-05-25T15:33:06.047+0000] {logging_mixin.py:190} INFO - [2026-05-25T15:33:06.047+0000] {dag.py:4180} INFO - Setting next_dagrun for lastfm_pipeline to 2026-05-24 00:00:00+00:00, run_after=2026-05-25 00:00:00+00:00
[2026-05-25T15:33:06.075+0000] {processor.py:208} INFO - Processing /opt/airflow/dags/pipeline.py took 0.140 seconds
[2026-05-25T15:33:36.167+0000] {processor.py:186} INFO - Started process (PID=2330) to work on /opt/airflow/dags/pipeline.py
[2026-05-25T15:33:36.168+0000] {processor.py:914} INFO - Processing file /opt/airflow/dags/pipeline.py for tasks to queue
[2026-05-25T15:33:36.171+0000] {logging_mixin.py:190} INFO - [2026-05-25T15:33:36.171+0000] {dagbag.py:588} INFO - Filling up the DagBag from /opt/airflow/dags/pipeline.py
[2026-05-25T15:33:36.193+0000] {processor.py:925} INFO - DAG(s) 'lastfm_pipeline' retrieved from /opt/airflow/dags/pipeline.py
[2026-05-25T15:33:36.235+0000] {logging_mixin.py:190} INFO - [2026-05-25T15:33:36.235+0000] {dag.py:3239} INFO - Sync 1 DAGs
[2026-05-25T15:33:36.270+0000] {logging_mixin.py:190} INFO - [2026-05-25T15:33:36.269+0000] {dag.py:4180} INFO - Setting next_dagrun for lastfm_pipeline to 2026-05-24 00:00:00+00:00, run_after=2026-05-25 00:00:00+00:00
[2026-05-25T15:33:36.297+0000] {processor.py:208} INFO - Processing /opt/airflow/dags/pipeline.py took 0.138 seconds
[2026-05-25T15:34:06.512+0000] {processor.py:186} INFO - Started process (PID=2335) to work on /opt/airflow/dags/pipeline.py
[2026-05-25T15:34:06.515+0000] {processor.py:914} INFO - Processing file /opt/airflow/dags/pipeline.py for tasks to queue
[2026-05-25T15:34:06.518+0000] {logging_mixin.py:190} INFO - [2026-05-25T15:34:06.517+0000] {dagbag.py:588} INFO - Filling up the DagBag from /opt/airflow/dags/pipeline.py
[2026-05-25T15:34:06.543+0000] {processor.py:925} INFO - DAG(s) 'lastfm_pipeline' retrieved from /opt/airflow/dags/pipeline.py
[2026-05-25T15:34:06.589+0000] {logging_mixin.py:190} INFO - [2026-05-25T15:34:06.589+0000] {dag.py:3239} INFO - Sync 1 DAGs
[2026-05-25T15:34:06.627+0000] {logging_mixin.py:190} INFO - [2026-05-25T15:34:06.627+0000] {dag.py:4180} INFO - Setting next_dagrun for lastfm_pipeline to 2026-05-24 00:00:00+00:00, run_after=2026-05-25 00:00:00+00:00
[2026-05-25T15:34:06.656+0000] {processor.py:208} INFO - Processing /opt/airflow/dags/pipeline.py took 0.155 seconds
[2026-05-25T15:34:36.718+0000] {processor.py:186} INFO - Started process (PID=2340) to work on /opt/airflow/dags/pipeline.py
[2026-05-25T15:34:36.718+0000] {processor.py:914} INFO - Processing file /opt/airflow/dags/pipeline.py for tasks to queue
[2026-05-25T15:34:36.722+0000] {logging_mixin.py:190} INFO - [2026-05-25T15:34:36.721+0000] {dagbag.py:588} INFO - Filling up the DagBag from /opt/airflow/dags/pipeline.py
[2026-05-25T15:34:36.744+0000] {processor.py:925} INFO - DAG(s) 'lastfm_pipeline' retrieved from /opt/airflow/dags/pipeline.py
[2026-05-25T15:34:36.782+0000] {logging_mixin.py:190} INFO - [2026-05-25T15:34:36.782+0000] {dag.py:3239} INFO - Sync 1 DAGs
[2026-05-25T15:34:36.814+0000] {logging_mixin.py:190} INFO - [2026-05-25T15:34:36.814+0000] {dag.py:4180} INFO - Setting next_dagrun for lastfm_pipeline to 2026-05-24 00:00:00+00:00, run_after=2026-05-25 00:00:00+00:00
[2026-05-25T15:34:36.840+0000] {processor.py:208} INFO - Processing /opt/airflow/dags/pipeline.py took 0.131 seconds
[2026-05-25T15:35:07.084+0000] {processor.py:186} INFO - Started process (PID=2345) to work on /opt/airflow/dags/pipeline.py
[2026-05-25T15:35:07.087+0000] {processor.py:914} INFO - Processing file /opt/airflow/dags/pipeline.py for tasks to queue
[2026-05-25T15:35:07.090+0000] {logging_mixin.py:190} INFO - [2026-05-25T15:35:07.089+0000] {dagbag.py:588} INFO - Filling up the DagBag from /opt/airflow/dags/pipeline.py
[2026-05-25T15:35:07.112+0000] {processor.py:925} INFO - DAG(s) 'lastfm_pipeline' retrieved from /opt/airflow/dags/pipeline.py
[2026-05-25T15:35:07.149+0000] {logging_mixin.py:190} INFO - [2026-05-25T15:35:07.149+0000] {dag.py:3239} INFO - Sync 1 DAGs
[2026-05-25T15:35:07.182+0000] {logging_mixin.py:190} INFO - [2026-05-25T15:35:07.182+0000] {dag.py:4180} INFO - Setting next_dagrun for lastfm_pipeline to 2026-05-24 00:00:00+00:00, run_after=2026-05-25 00:00:00+00:00
[2026-05-25T15:35:07.206+0000] {processor.py:208} INFO - Processing /opt/airflow/dags/pipeline.py took 0.132 seconds
[2026-05-25T15:35:37.293+0000] {processor.py:186} INFO - Started process (PID=2350) to work on /opt/airflow/dags/pipeline.py
[2026-05-25T15:35:37.294+0000] {processor.py:914} INFO - Processing file /opt/airflow/dags/pipeline.py for tasks to queue
[2026-05-25T15:35:37.298+0000] {logging_mixin.py:190} INFO - [2026-05-25T15:35:37.297+0000] {dagbag.py:588} INFO - Filling up the DagBag from /opt/airflow/dags/pipeline.py
[2026-05-25T15:35:37.325+0000] {processor.py:925} INFO - DAG(s) 'lastfm_pipeline' retrieved from /opt/airflow/dags/pipeline.py
[2026-05-25T15:35:37.368+0000] {logging_mixin.py:190} INFO - [2026-05-25T15:35:37.368+0000] {dag.py:3239} INFO - Sync 1 DAGs
[2026-05-25T15:35:37.404+0000] {logging_mixin.py:190} INFO - [2026-05-25T15:35:37.403+0000] {dag.py:4180} INFO - Setting next_dagrun for lastfm_pipeline to 2026-05-24 00:00:00+00:00, run_after=2026-05-25 00:00:00+00:00
[2026-05-25T15:35:37.431+0000] {processor.py:208} INFO - Processing /opt/airflow/dags/pipeline.py took 0.148 seconds
[2026-05-25T15:36:07.624+0000] {processor.py:186} INFO - Started process (PID=2355) to work on /opt/airflow/dags/pipeline.py
[2026-05-25T15:36:07.626+0000] {processor.py:914} INFO - Processing file /opt/airflow/dags/pipeline.py for tasks to queue
[2026-05-25T15:36:07.628+0000] {logging_mixin.py:190} INFO - [2026-05-25T15:36:07.628+0000] {dagbag.py:588} INFO - Filling up the DagBag from /opt/airflow/dags/pipeline.py
[2026-05-25T15:36:07.651+0000] {processor.py:925} INFO - DAG(s) 'lastfm_pipeline' retrieved from /opt/airflow/dags/pipeline.py
[2026-05-25T15:36:07.694+0000] {logging_mixin.py:190} INFO - [2026-05-25T15:36:07.694+0000] {dag.py:3239} INFO - Sync 1 DAGs
[2026-05-25T15:36:07.731+0000] {logging_mixin.py:190} INFO - [2026-05-25T15:36:07.731+0000] {dag.py:4180} INFO - Setting next_dagrun for lastfm_pipeline to 2026-05-24 00:00:00+00:00, run_after=2026-05-25 00:00:00+00:00
[2026-05-25T15:36:07.757+0000] {processor.py:208} INFO - Processing /opt/airflow/dags/pipeline.py took 0.141 seconds
[2026-05-25T15:36:37.859+0000] {processor.py:186} INFO - Started process (PID=2360) to work on /opt/airflow/dags/pipeline.py
[2026-05-25T15:36:37.860+0000] {processor.py:914} INFO - Processing file /opt/airflow/dags/pipeline.py for tasks to queue
[2026-05-25T15:36:37.863+0000] {logging_mixin.py:190} INFO - [2026-05-25T15:36:37.863+0000] {dagbag.py:588} INFO - Filling up the DagBag from /opt/airflow/dags/pipeline.py
[2026-05-25T15:36:37.885+0000] {processor.py:925} INFO - DAG(s) 'lastfm_pipeline' retrieved from /opt/airflow/dags/pipeline.py
[2026-05-25T15:36:37.924+0000] {logging_mixin.py:190} INFO - [2026-05-25T15:36:37.924+0000] {dag.py:3239} INFO - Sync 1 DAGs
[2026-05-25T15:36:37.959+0000] {logging_mixin.py:190} INFO - [2026-05-25T15:36:37.958+0000] {dag.py:4180} INFO - Setting next_dagrun for lastfm_pipeline to 2026-05-24 00:00:00+00:00, run_after=2026-05-25 00:00:00+00:00
[2026-05-25T15:36:37.983+0000] {processor.py:208} INFO - Processing /opt/airflow/dags/pipeline.py took 0.133 seconds
[2026-05-25T15:37:08.205+0000] {processor.py:186} INFO - Started process (PID=2365) to work on /opt/airflow/dags/pipeline.py
[2026-05-25T15:37:08.206+0000] {processor.py:914} INFO - Processing file /opt/airflow/dags/pipeline.py for tasks to queue
[2026-05-25T15:37:08.211+0000] {logging_mixin.py:190} INFO - [2026-05-25T15:37:08.210+0000] {dagbag.py:588} INFO - Filling up the DagBag from /opt/airflow/dags/pipeline.py
[2026-05-25T15:37:08.233+0000] {processor.py:925} INFO - DAG(s) 'lastfm_pipeline' retrieved from /opt/airflow/dags/pipeline.py
[2026-05-25T15:37:08.275+0000] {logging_mixin.py:190} INFO - [2026-05-25T15:37:08.274+0000] {dag.py:3239} INFO - Sync 1 DAGs
[2026-05-25T15:37:08.307+0000] {logging_mixin.py:190} INFO - [2026-05-25T15:37:08.307+0000] {dag.py:4180} INFO - Setting next_dagrun for lastfm_pipeline to 2026-05-24 00:00:00+00:00, run_after=2026-05-25 00:00:00+00:00
[2026-05-25T15:37:08.334+0000] {processor.py:208} INFO - Processing /opt/airflow/dags/pipeline.py took 0.139 seconds
[2026-05-25T15:37:38.414+0000] {processor.py:186} INFO - Started process (PID=2370) to work on /opt/airflow/dags/pipeline.py
[2026-05-25T15:37:38.415+0000] {processor.py:914} INFO - Processing file /opt/airflow/dags/pipeline.py for tasks to queue
[2026-05-25T15:37:38.419+0000] {logging_mixin.py:190} INFO - [2026-05-25T15:37:38.418+0000] {dagbag.py:588} INFO - Filling up the DagBag from /opt/airflow/dags/pipeline.py
[2026-05-25T15:37:38.441+0000] {processor.py:925} INFO - DAG(s) 'lastfm_pipeline' retrieved from /opt/airflow/dags/pipeline.py
[2026-05-25T15:37:38.483+0000] {logging_mixin.py:190} INFO - [2026-05-25T15:37:38.483+0000] {dag.py:3239} INFO - Sync 1 DAGs
[2026-05-25T15:37:38.517+0000] {logging_mixin.py:190} INFO - [2026-05-25T15:37:38.516+0000] {dag.py:4180} INFO - Setting next_dagrun for lastfm_pipeline to 2026-05-24 00:00:00+00:00, run_after=2026-05-25 00:00:00+00:00
[2026-05-25T15:37:38.544+0000] {processor.py:208} INFO - Processing /opt/airflow/dags/pipeline.py took 0.138 seconds
[2026-05-25T15:38:08.774+0000] {processor.py:186} INFO - Started process (PID=2375) to work on /opt/airflow/dags/pipeline.py
[2026-05-25T15:38:08.777+0000] {processor.py:914} INFO - Processing file /opt/airflow/dags/pipeline.py for tasks to queue
[2026-05-25T15:38:08.780+0000] {logging_mixin.py:190} INFO - [2026-05-25T15:38:08.780+0000] {dagbag.py:588} INFO - Filling up the DagBag from /opt/airflow/dags/pipeline.py
[2026-05-25T15:38:08.806+0000] {processor.py:925} INFO - DAG(s) 'lastfm_pipeline' retrieved from /opt/airflow/dags/pipeline.py
[2026-05-25T15:38:08.854+0000] {logging_mixin.py:190} INFO - [2026-05-25T15:38:08.854+0000] {dag.py:3239} INFO - Sync 1 DAGs
[2026-05-25T15:38:08.896+0000] {logging_mixin.py:190} INFO - [2026-05-25T15:38:08.896+0000] {dag.py:4180} INFO - Setting next_dagrun for lastfm_pipeline to 2026-05-24 00:00:00+00:00, run_after=2026-05-25 00:00:00+00:00
[2026-05-25T15:38:08.927+0000] {processor.py:208} INFO - Processing /opt/airflow/dags/pipeline.py took 0.163 seconds
[2026-05-25T15:38:38.988+0000] {processor.py:186} INFO - Started process (PID=2380) to work on /opt/airflow/dags/pipeline.py
[2026-05-25T15:38:38.989+0000] {processor.py:914} INFO - Processing file /opt/airflow/dags/pipeline.py for tasks to queue
[2026-05-25T15:38:38.992+0000] {logging_mixin.py:190} INFO - [2026-05-25T15:38:38.991+0000] {dagbag.py:588} INFO - Filling up the DagBag from /opt/airflow/dags/pipeline.py
[2026-05-25T15:38:39.014+0000] {processor.py:925} INFO - DAG(s) 'lastfm_pipeline' retrieved from /opt/airflow/dags/pipeline.py
[2026-05-25T15:38:39.055+0000] {logging_mixin.py:190} INFO - [2026-05-25T15:38:39.055+0000] {dag.py:3239} INFO - Sync 1 DAGs
[2026-05-25T15:38:39.091+0000] {logging_mixin.py:190} INFO - [2026-05-25T15:38:39.091+0000] {dag.py:4180} INFO - Setting next_dagrun for lastfm_pipeline to 2026-05-24 00:00:00+00:00, run_after=2026-05-25 00:00:00+00:00
[2026-05-25T15:38:39.120+0000] {processor.py:208} INFO - Processing /opt/airflow/dags/pipeline.py took 0.140 seconds
[2026-05-25T15:39:09.196+0000] {processor.py:186} INFO - Started process (PID=2385) to work on /opt/airflow/dags/pipeline.py
[2026-05-25T15:39:09.199+0000] {processor.py:914} INFO - Processing file /opt/airflow/dags/pipeline.py for tasks to queue
[2026-05-25T15:39:09.202+0000] {logging_mixin.py:190} INFO - [2026-05-25T15:39:09.201+0000] {dagbag.py:588} INFO - Filling up the DagBag from /opt/airflow/dags/pipeline.py
[2026-05-25T15:39:09.225+0000] {processor.py:925} INFO - DAG(s) 'lastfm_pipeline' retrieved from /opt/airflow/dags/pipeline.py
[2026-05-25T15:39:09.268+0000] {logging_mixin.py:190} INFO - [2026-05-25T15:39:09.268+0000] {dag.py:3239} INFO - Sync 1 DAGs
[2026-05-25T15:39:09.305+0000] {logging_mixin.py:190} INFO - [2026-05-25T15:39:09.304+0000] {dag.py:4180} INFO - Setting next_dagrun for lastfm_pipeline to 2026-05-24 00:00:00+00:00, run_after=2026-05-25 00:00:00+00:00
[2026-05-25T15:39:09.330+0000] {processor.py:208} INFO - Processing /opt/airflow/dags/pipeline.py took 0.143 seconds
[2026-05-25T15:39:39.557+0000] {processor.py:186} INFO - Started process (PID=2390) to work on /opt/airflow/dags/pipeline.py
[2026-05-25T15:39:39.558+0000] {processor.py:914} INFO - Processing file /opt/airflow/dags/pipeline.py for tasks to queue
[2026-05-25T15:39:39.561+0000] {logging_mixin.py:190} INFO - [2026-05-25T15:39:39.561+0000] {dagbag.py:588} INFO - Filling up the DagBag from /opt/airflow/dags/pipeline.py
[2026-05-25T15:39:39.583+0000] {processor.py:925} INFO - DAG(s) 'lastfm_pipeline' retrieved from /opt/airflow/dags/pipeline.py
[2026-05-25T15:39:39.623+0000] {logging_mixin.py:190} INFO - [2026-05-25T15:39:39.622+0000] {dag.py:3239} INFO - Sync 1 DAGs
[2026-05-25T15:39:39.656+0000] {logging_mixin.py:190} INFO - [2026-05-25T15:39:39.656+0000] {dag.py:4180} INFO - Setting next_dagrun for lastfm_pipeline to 2026-05-24 00:00:00+00:00, run_after=2026-05-25 00:00:00+00:00
[2026-05-25T15:39:39.684+0000] {processor.py:208} INFO - Processing /opt/airflow/dags/pipeline.py took 0.135 seconds
[2026-05-25T15:40:09.790+0000] {processor.py:186} INFO - Started process (PID=2395) to work on /opt/airflow/dags/pipeline.py
[2026-05-25T15:40:09.792+0000] {processor.py:914} INFO - Processing file /opt/airflow/dags/pipeline.py for tasks to queue
[2026-05-25T15:40:09.796+0000] {logging_mixin.py:190} INFO - [2026-05-25T15:40:09.795+0000] {dagbag.py:588} INFO - Filling up the DagBag from /opt/airflow/dags/pipeline.py
[2026-05-25T15:40:09.819+0000] {processor.py:925} INFO - DAG(s) 'lastfm_pipeline' retrieved from /opt/airflow/dags/pipeline.py
[2026-05-25T15:40:09.863+0000] {logging_mixin.py:190} INFO - [2026-05-25T15:40:09.863+0000] {dag.py:3239} INFO - Sync 1 DAGs
[2026-05-25T15:40:09.899+0000] {logging_mixin.py:190} INFO - [2026-05-25T15:40:09.898+0000] {dag.py:4180} INFO - Setting next_dagrun for lastfm_pipeline to 2026-05-24 00:00:00+00:00, run_after=2026-05-25 00:00:00+00:00
[2026-05-25T15:40:09.922+0000] {processor.py:208} INFO - Processing /opt/airflow/dags/pipeline.py took 0.141 seconds
[2026-05-25T15:40:40.139+0000] {processor.py:186} INFO - Started process (PID=2400) to work on /opt/airflow/dags/pipeline.py
[2026-05-25T15:40:40.140+0000] {processor.py:914} INFO - Processing file /opt/airflow/dags/pipeline.py for tasks to queue
[2026-05-25T15:40:40.143+0000] {logging_mixin.py:190} INFO - [2026-05-25T15:40:40.142+0000] {dagbag.py:588} INFO - Filling up the DagBag from /opt/airflow/dags/pipeline.py
[2026-05-25T15:40:40.166+0000] {processor.py:925} INFO - DAG(s) 'lastfm_pipeline' retrieved from /opt/airflow/dags/pipeline.py
[2026-05-25T15:40:40.208+0000] {logging_mixin.py:190} INFO - [2026-05-25T15:40:40.208+0000] {dag.py:3239} INFO - Sync 1 DAGs
[2026-05-25T15:40:40.246+0000] {logging_mixin.py:190} INFO - [2026-05-25T15:40:40.245+0000] {dag.py:4180} INFO - Setting next_dagrun for lastfm_pipeline to 2026-05-24 00:00:00+00:00, run_after=2026-05-25 00:00:00+00:00
[2026-05-25T15:40:40.274+0000] {processor.py:208} INFO - Processing /opt/airflow/dags/pipeline.py took 0.144 seconds
[2026-05-25T15:41:10.369+0000] {processor.py:186} INFO - Started process (PID=2405) to work on /opt/airflow/dags/pipeline.py
[2026-05-25T15:41:10.372+0000] {processor.py:914} INFO - Processing file /opt/airflow/dags/pipeline.py for tasks to queue
[2026-05-25T15:41:10.376+0000] {logging_mixin.py:190} INFO - [2026-05-25T15:41:10.375+0000] {dagbag.py:588} INFO - Filling up the DagBag from /opt/airflow/dags/pipeline.py
[2026-05-25T15:41:10.400+0000] {processor.py:925} INFO - DAG(s) 'lastfm_pipeline' retrieved from /opt/airflow/dags/pipeline.py
[2026-05-25T15:41:10.446+0000] {logging_mixin.py:190} INFO - [2026-05-25T15:41:10.445+0000] {dag.py:3239} INFO - Sync 1 DAGs
[2026-05-25T15:41:10.482+0000] {logging_mixin.py:190} INFO - [2026-05-25T15:41:10.482+0000] {dag.py:4180} INFO - Setting next_dagrun for lastfm_pipeline to 2026-05-24 00:00:00+00:00, run_after=2026-05-25 00:00:00+00:00
[2026-05-25T15:41:10.505+0000] {processor.py:208} INFO - Processing /opt/airflow/dags/pipeline.py took 0.145 seconds
[2026-05-25T15:41:40.714+0000] {processor.py:186} INFO - Started process (PID=2410) to work on /opt/airflow/dags/pipeline.py
[2026-05-25T15:41:40.715+0000] {processor.py:914} INFO - Processing file /opt/airflow/dags/pipeline.py for tasks to queue
[2026-05-25T15:41:40.719+0000] {logging_mixin.py:190} INFO - [2026-05-25T15:41:40.718+0000] {dagbag.py:588} INFO - Filling up the DagBag from /opt/airflow/dags/pipeline.py
[2026-05-25T15:41:40.741+0000] {processor.py:925} INFO - DAG(s) 'lastfm_pipeline' retrieved from /opt/airflow/dags/pipeline.py
[2026-05-25T15:41:40.783+0000] {logging_mixin.py:190} INFO - [2026-05-25T15:41:40.783+0000] {dag.py:3239} INFO - Sync 1 DAGs
[2026-05-25T15:41:40.819+0000] {logging_mixin.py:190} INFO - [2026-05-25T15:41:40.819+0000] {dag.py:4180} INFO - Setting next_dagrun for lastfm_pipeline to 2026-05-24 00:00:00+00:00, run_after=2026-05-25 00:00:00+00:00
[2026-05-25T15:41:40.845+0000] {processor.py:208} INFO - Processing /opt/airflow/dags/pipeline.py took 0.140 seconds
[2026-05-25T15:42:10.968+0000] {processor.py:186} INFO - Started process (PID=2415) to work on /opt/airflow/dags/pipeline.py
[2026-05-25T15:42:10.972+0000] {processor.py:914} INFO - Processing file /opt/airflow/dags/pipeline.py for tasks to queue
[2026-05-25T15:42:10.976+0000] {logging_mixin.py:190} INFO - [2026-05-25T15:42:10.975+0000] {dagbag.py:588} INFO - Filling up the DagBag from /opt/airflow/dags/pipeline.py
[2026-05-25T15:42:10.998+0000] {processor.py:925} INFO - DAG(s) 'lastfm_pipeline' retrieved from /opt/airflow/dags/pipeline.py
[2026-05-25T15:42:11.041+0000] {logging_mixin.py:190} INFO - [2026-05-25T15:42:11.041+0000] {dag.py:3239} INFO - Sync 1 DAGs
[2026-05-25T15:42:11.077+0000] {logging_mixin.py:190} INFO - [2026-05-25T15:42:11.076+0000] {dag.py:4180} INFO - Setting next_dagrun for lastfm_pipeline to 2026-05-24 00:00:00+00:00, run_after=2026-05-25 00:00:00+00:00
[2026-05-25T15:42:11.104+0000] {processor.py:208} INFO - Processing /opt/airflow/dags/pipeline.py took 0.145 seconds
[2026-05-25T15:42:41.295+0000] {processor.py:186} INFO - Started process (PID=2420) to work on /opt/airflow/dags/pipeline.py
[2026-05-25T15:42:41.296+0000] {processor.py:914} INFO - Processing file /opt/airflow/dags/pipeline.py for tasks to queue
[2026-05-25T15:42:41.299+0000] {logging_mixin.py:190} INFO - [2026-05-25T15:42:41.298+0000] {dagbag.py:588} INFO - Filling up the DagBag from /opt/airflow/dags/pipeline.py
[2026-05-25T15:42:41.323+0000] {processor.py:925} INFO - DAG(s) 'lastfm_pipeline' retrieved from /opt/airflow/dags/pipeline.py
[2026-05-25T15:42:41.367+0000] {logging_mixin.py:190} INFO - [2026-05-25T15:42:41.367+0000] {dag.py:3239} INFO - Sync 1 DAGs
[2026-05-25T15:42:41.401+0000] {logging_mixin.py:190} INFO - [2026-05-25T15:42:41.401+0000] {dag.py:4180} INFO - Setting next_dagrun for lastfm_pipeline to 2026-05-24 00:00:00+00:00, run_after=2026-05-25 00:00:00+00:00
[2026-05-25T15:42:41.427+0000] {processor.py:208} INFO - Processing /opt/airflow/dags/pipeline.py took 0.142 seconds
[2026-05-25T15:43:11.548+0000] {processor.py:186} INFO - Started process (PID=2425) to work on /opt/airflow/dags/pipeline.py
[2026-05-25T15:43:11.551+0000] {processor.py:914} INFO - Processing file /opt/airflow/dags/pipeline.py for tasks to queue
[2026-05-25T15:43:11.554+0000] {logging_mixin.py:190} INFO - [2026-05-25T15:43:11.553+0000] {dagbag.py:588} INFO - Filling up the DagBag from /opt/airflow/dags/pipeline.py
[2026-05-25T15:43:11.577+0000] {processor.py:925} INFO - DAG(s) 'lastfm_pipeline' retrieved from /opt/airflow/dags/pipeline.py
[2026-05-25T15:43:11.621+0000] {logging_mixin.py:190} INFO - [2026-05-25T15:43:11.621+0000] {dag.py:3239} INFO - Sync 1 DAGs
[2026-05-25T15:43:11.657+0000] {logging_mixin.py:190} INFO - [2026-05-25T15:43:11.657+0000] {dag.py:4180} INFO - Setting next_dagrun for lastfm_pipeline to 2026-05-24 00:00:00+00:00, run_after=2026-05-25 00:00:00+00:00
[2026-05-25T15:43:11.683+0000] {processor.py:208} INFO - Processing /opt/airflow/dags/pipeline.py took 0.145 seconds
[2026-05-25T15:43:41.868+0000] {processor.py:186} INFO - Started process (PID=2430) to work on /opt/airflow/dags/pipeline.py
[2026-05-25T15:43:41.869+0000] {processor.py:914} INFO - Processing file /opt/airflow/dags/pipeline.py for tasks to queue
[2026-05-25T15:43:41.872+0000] {logging_mixin.py:190} INFO - [2026-05-25T15:43:41.872+0000] {dagbag.py:588} INFO - Filling up the DagBag from /opt/airflow/dags/pipeline.py
[2026-05-25T15:43:41.896+0000] {processor.py:925} INFO - DAG(s) 'lastfm_pipeline' retrieved from /opt/airflow/dags/pipeline.py
[2026-05-25T15:43:41.938+0000] {logging_mixin.py:190} INFO - [2026-05-25T15:43:41.938+0000] {dag.py:3239} INFO - Sync 1 DAGs
[2026-05-25T15:43:41.972+0000] {logging_mixin.py:190} INFO - [2026-05-25T15:43:41.971+0000] {dag.py:4180} INFO - Setting next_dagrun for lastfm_pipeline to 2026-05-24 00:00:00+00:00, run_after=2026-05-25 00:00:00+00:00
[2026-05-25T15:43:42.000+0000] {processor.py:208} INFO - Processing /opt/airflow/dags/pipeline.py took 0.142 seconds
[2026-05-25T15:44:12.130+0000] {processor.py:186} INFO - Started process (PID=2435) to work on /opt/airflow/dags/pipeline.py
[2026-05-25T15:44:12.134+0000] {processor.py:914} INFO - Processing file /opt/airflow/dags/pipeline.py for tasks to queue
[2026-05-25T15:44:12.138+0000] {logging_mixin.py:190} INFO - [2026-05-25T15:44:12.137+0000] {dagbag.py:588} INFO - Filling up the DagBag from /opt/airflow/dags/pipeline.py
[2026-05-25T15:44:12.160+0000] {processor.py:925} INFO - DAG(s) 'lastfm_pipeline' retrieved from /opt/airflow/dags/pipeline.py
[2026-05-25T15:44:12.203+0000] {logging_mixin.py:190} INFO - [2026-05-25T15:44:12.203+0000] {dag.py:3239} INFO - Sync 1 DAGs
[2026-05-25T15:44:12.239+0000] {logging_mixin.py:190} INFO - [2026-05-25T15:44:12.238+0000] {dag.py:4180} INFO - Setting next_dagrun for lastfm_pipeline to 2026-05-24 00:00:00+00:00, run_after=2026-05-25 00:00:00+00:00
[2026-05-25T15:44:12.265+0000] {processor.py:208} INFO - Processing /opt/airflow/dags/pipeline.py took 0.143 seconds
[2026-05-25T15:44:42.441+0000] {processor.py:186} INFO - Started process (PID=2440) to work on /opt/airflow/dags/pipeline.py
[2026-05-25T15:44:42.442+0000] {processor.py:914} INFO - Processing file /opt/airflow/dags/pipeline.py for tasks to queue
[2026-05-25T15:44:42.447+0000] {logging_mixin.py:190} INFO - [2026-05-25T15:44:42.446+0000] {dagbag.py:588} INFO - Filling up the DagBag from /opt/airflow/dags/pipeline.py
[2026-05-25T15:44:42.472+0000] {processor.py:925} INFO - DAG(s) 'lastfm_pipeline' retrieved from /opt/airflow/dags/pipeline.py
[2026-05-25T15:44:42.514+0000] {logging_mixin.py:190} INFO - [2026-05-25T15:44:42.513+0000] {dag.py:3239} INFO - Sync 1 DAGs
[2026-05-25T15:44:42.549+0000] {logging_mixin.py:190} INFO - [2026-05-25T15:44:42.548+0000] {dag.py:4180} INFO - Setting next_dagrun for lastfm_pipeline to 2026-05-24 00:00:00+00:00, run_after=2026-05-25 00:00:00+00:00
[2026-05-25T15:44:42.574+0000] {processor.py:208} INFO - Processing /opt/airflow/dags/pipeline.py took 0.141 seconds
[2026-05-25T15:45:12.703+0000] {processor.py:186} INFO - Started process (PID=2445) to work on /opt/airflow/dags/pipeline.py
[2026-05-25T15:45:12.706+0000] {processor.py:914} INFO - Processing file /opt/airflow/dags/pipeline.py for tasks to queue
[2026-05-25T15:45:12.709+0000] {logging_mixin.py:190} INFO - [2026-05-25T15:45:12.709+0000] {dagbag.py:588} INFO - Filling up the DagBag from /opt/airflow/dags/pipeline.py
[2026-05-25T15:45:12.736+0000] {processor.py:925} INFO - DAG(s) 'lastfm_pipeline' retrieved from /opt/airflow/dags/pipeline.py
[2026-05-25T15:45:12.789+0000] {logging_mixin.py:190} INFO - [2026-05-25T15:45:12.788+0000] {dag.py:3239} INFO - Sync 1 DAGs
[2026-05-25T15:45:12.831+0000] {logging_mixin.py:190} INFO - [2026-05-25T15:45:12.830+0000] {dag.py:4180} INFO - Setting next_dagrun for lastfm_pipeline to 2026-05-24 00:00:00+00:00, run_after=2026-05-25 00:00:00+00:00
[2026-05-25T15:45:12.857+0000] {processor.py:208} INFO - Processing /opt/airflow/dags/pipeline.py took 0.164 seconds
[2026-05-25T15:45:43.005+0000] {processor.py:186} INFO - Started process (PID=2450) to work on /opt/airflow/dags/pipeline.py
[2026-05-25T15:45:43.006+0000] {processor.py:914} INFO - Processing file /opt/airflow/dags/pipeline.py for tasks to queue
[2026-05-25T15:45:43.009+0000] {logging_mixin.py:190} INFO - [2026-05-25T15:45:43.008+0000] {dagbag.py:588} INFO - Filling up the DagBag from /opt/airflow/dags/pipeline.py
[2026-05-25T15:45:43.030+0000] {processor.py:925} INFO - DAG(s) 'lastfm_pipeline' retrieved from /opt/airflow/dags/pipeline.py
[2026-05-25T15:45:43.070+0000] {logging_mixin.py:190} INFO - [2026-05-25T15:45:43.070+0000] {dag.py:3239} INFO - Sync 1 DAGs
[2026-05-25T15:45:43.103+0000] {logging_mixin.py:190} INFO - [2026-05-25T15:45:43.103+0000] {dag.py:4180} INFO - Setting next_dagrun for lastfm_pipeline to 2026-05-24 00:00:00+00:00, run_after=2026-05-25 00:00:00+00:00
[2026-05-25T15:45:43.129+0000] {processor.py:208} INFO - Processing /opt/airflow/dags/pipeline.py took 0.133 seconds
[2026-05-25T15:46:13.283+0000] {processor.py:186} INFO - Started process (PID=2455) to work on /opt/airflow/dags/pipeline.py
[2026-05-25T15:46:13.286+0000] {processor.py:914} INFO - Processing file /opt/airflow/dags/pipeline.py for tasks to queue
[2026-05-25T15:46:13.290+0000] {logging_mixin.py:190} INFO - [2026-05-25T15:46:13.290+0000] {dagbag.py:588} INFO - Filling up the DagBag from /opt/airflow/dags/pipeline.py
[2026-05-25T15:46:13.313+0000] {processor.py:925} INFO - DAG(s) 'lastfm_pipeline' retrieved from /opt/airflow/dags/pipeline.py
[2026-05-25T15:46:13.355+0000] {logging_mixin.py:190} INFO - [2026-05-25T15:46:13.354+0000] {dag.py:3239} INFO - Sync 1 DAGs
[2026-05-25T15:46:13.389+0000] {logging_mixin.py:190} INFO - [2026-05-25T15:46:13.389+0000] {dag.py:4180} INFO - Setting next_dagrun for lastfm_pipeline to 2026-05-24 00:00:00+00:00, run_after=2026-05-25 00:00:00+00:00
[2026-05-25T15:46:13.413+0000] {processor.py:208} INFO - Processing /opt/airflow/dags/pipeline.py took 0.139 seconds
[2026-05-25T15:46:43.546+0000] {processor.py:186} INFO - Started process (PID=2460) to work on /opt/airflow/dags/pipeline.py
[2026-05-25T15:46:43.547+0000] {processor.py:914} INFO - Processing file /opt/airflow/dags/pipeline.py for tasks to queue
[2026-05-25T15:46:43.554+0000] {logging_mixin.py:190} INFO - [2026-05-25T15:46:43.553+0000] {dagbag.py:588} INFO - Filling up the DagBag from /opt/airflow/dags/pipeline.py
[2026-05-25T15:46:43.588+0000] {processor.py:925} INFO - DAG(s) 'lastfm_pipeline' retrieved from /opt/airflow/dags/pipeline.py
[2026-05-25T15:46:43.635+0000] {logging_mixin.py:190} INFO - [2026-05-25T15:46:43.635+0000] {dag.py:3239} INFO - Sync 1 DAGs
[2026-05-25T15:46:43.672+0000] {logging_mixin.py:190} INFO - [2026-05-25T15:46:43.671+0000] {dag.py:4180} INFO - Setting next_dagrun for lastfm_pipeline to 2026-05-24 00:00:00+00:00, run_after=2026-05-25 00:00:00+00:00
[2026-05-25T15:46:43.698+0000] {processor.py:208} INFO - Processing /opt/airflow/dags/pipeline.py took 0.164 seconds
[2026-05-25T15:47:13.842+0000] {processor.py:186} INFO - Started process (PID=2465) to work on /opt/airflow/dags/pipeline.py
[2026-05-25T15:47:13.843+0000] {processor.py:914} INFO - Processing file /opt/airflow/dags/pipeline.py for tasks to queue
[2026-05-25T15:47:13.846+0000] {logging_mixin.py:190} INFO - [2026-05-25T15:47:13.845+0000] {dagbag.py:588} INFO - Filling up the DagBag from /opt/airflow/dags/pipeline.py
[2026-05-25T15:47:13.869+0000] {processor.py:925} INFO - DAG(s) 'lastfm_pipeline' retrieved from /opt/airflow/dags/pipeline.py
[2026-05-25T15:47:13.912+0000] {logging_mixin.py:190} INFO - [2026-05-25T15:47:13.911+0000] {dag.py:3239} INFO - Sync 1 DAGs
[2026-05-25T15:47:13.951+0000] {logging_mixin.py:190} INFO - [2026-05-25T15:47:13.951+0000] {dag.py:4180} INFO - Setting next_dagrun for lastfm_pipeline to 2026-05-24 00:00:00+00:00, run_after=2026-05-25 00:00:00+00:00
[2026-05-25T15:47:13.980+0000] {processor.py:208} INFO - Processing /opt/airflow/dags/pipeline.py took 0.147 seconds
[2026-05-25T15:47:44.122+0000] {processor.py:186} INFO - Started process (PID=2470) to work on /opt/airflow/dags/pipeline.py
[2026-05-25T15:47:44.123+0000] {processor.py:914} INFO - Processing file /opt/airflow/dags/pipeline.py for tasks to queue
[2026-05-25T15:47:44.127+0000] {logging_mixin.py:190} INFO - [2026-05-25T15:47:44.127+0000] {dagbag.py:588} INFO - Filling up the DagBag from /opt/airflow/dags/pipeline.py
[2026-05-25T15:47:44.152+0000] {processor.py:925} INFO - DAG(s) 'lastfm_pipeline' retrieved from /opt/airflow/dags/pipeline.py
[2026-05-25T15:47:44.194+0000] {logging_mixin.py:190} INFO - [2026-05-25T15:47:44.193+0000] {dag.py:3239} INFO - Sync 1 DAGs
[2026-05-25T15:47:44.228+0000] {logging_mixin.py:190} INFO - [2026-05-25T15:47:44.227+0000] {dag.py:4180} INFO - Setting next_dagrun for lastfm_pipeline to 2026-05-24 00:00:00+00:00, run_after=2026-05-25 00:00:00+00:00
[2026-05-25T15:47:44.254+0000] {processor.py:208} INFO - Processing /opt/airflow/dags/pipeline.py took 0.141 seconds
[2026-05-25T15:48:14.419+0000] {processor.py:186} INFO - Started process (PID=2475) to work on /opt/airflow/dags/pipeline.py
[2026-05-25T15:48:14.420+0000] {processor.py:914} INFO - Processing file /opt/airflow/dags/pipeline.py for tasks to queue
[2026-05-25T15:48:14.423+0000] {logging_mixin.py:190} INFO - [2026-05-25T15:48:14.423+0000] {dagbag.py:588} INFO - Filling up the DagBag from /opt/airflow/dags/pipeline.py
[2026-05-25T15:48:14.446+0000] {processor.py:925} INFO - DAG(s) 'lastfm_pipeline' retrieved from /opt/airflow/dags/pipeline.py
[2026-05-25T15:48:14.489+0000] {logging_mixin.py:190} INFO - [2026-05-25T15:48:14.488+0000] {dag.py:3239} INFO - Sync 1 DAGs
[2026-05-25T15:48:14.523+0000] {logging_mixin.py:190} INFO - [2026-05-25T15:48:14.523+0000] {dag.py:4180} INFO - Setting next_dagrun for lastfm_pipeline to 2026-05-24 00:00:00+00:00, run_after=2026-05-25 00:00:00+00:00
[2026-05-25T15:48:14.550+0000] {processor.py:208} INFO - Processing /opt/airflow/dags/pipeline.py took 0.140 seconds
[2026-05-25T15:48:44.695+0000] {processor.py:186} INFO - Started process (PID=2480) to work on /opt/airflow/dags/pipeline.py
[2026-05-25T15:48:44.696+0000] {processor.py:914} INFO - Processing file /opt/airflow/dags/pipeline.py for tasks to queue
[2026-05-25T15:48:44.703+0000] {logging_mixin.py:190} INFO - [2026-05-25T15:48:44.702+0000] {dagbag.py:588} INFO - Filling up the DagBag from /opt/airflow/dags/pipeline.py
[2026-05-25T15:48:44.730+0000] {processor.py:925} INFO - DAG(s) 'lastfm_pipeline' retrieved from /opt/airflow/dags/pipeline.py
[2026-05-25T15:48:44.774+0000] {logging_mixin.py:190} INFO - [2026-05-25T15:48:44.774+0000] {dag.py:3239} INFO - Sync 1 DAGs
[2026-05-25T15:48:44.809+0000] {logging_mixin.py:190} INFO - [2026-05-25T15:48:44.809+0000] {dag.py:4180} INFO - Setting next_dagrun for lastfm_pipeline to 2026-05-24 00:00:00+00:00, run_after=2026-05-25 00:00:00+00:00
[2026-05-25T15:48:44.836+0000] {processor.py:208} INFO - Processing /opt/airflow/dags/pipeline.py took 0.152 seconds
[2026-05-25T15:49:14.998+0000] {processor.py:186} INFO - Started process (PID=2485) to work on /opt/airflow/dags/pipeline.py
[2026-05-25T15:49:14.999+0000] {processor.py:914} INFO - Processing file /opt/airflow/dags/pipeline.py for tasks to queue
[2026-05-25T15:49:15.002+0000] {logging_mixin.py:190} INFO - [2026-05-25T15:49:15.002+0000] {dagbag.py:588} INFO - Filling up the DagBag from /opt/airflow/dags/pipeline.py
[2026-05-25T15:49:15.026+0000] {processor.py:925} INFO - DAG(s) 'lastfm_pipeline' retrieved from /opt/airflow/dags/pipeline.py
[2026-05-25T15:49:15.069+0000] {logging_mixin.py:190} INFO - [2026-05-25T15:49:15.068+0000] {dag.py:3239} INFO - Sync 1 DAGs
[2026-05-25T15:49:15.104+0000] {logging_mixin.py:190} INFO - [2026-05-25T15:49:15.104+0000] {dag.py:4180} INFO - Setting next_dagrun for lastfm_pipeline to 2026-05-24 00:00:00+00:00, run_after=2026-05-25 00:00:00+00:00
[2026-05-25T15:49:15.132+0000] {processor.py:208} INFO - Processing /opt/airflow/dags/pipeline.py took 0.144 seconds
[2026-05-25T15:49:45.270+0000] {processor.py:186} INFO - Started process (PID=2490) to work on /opt/airflow/dags/pipeline.py
[2026-05-25T15:49:45.271+0000] {processor.py:914} INFO - Processing file /opt/airflow/dags/pipeline.py for tasks to queue
[2026-05-25T15:49:45.275+0000] {logging_mixin.py:190} INFO - [2026-05-25T15:49:45.274+0000] {dagbag.py:588} INFO - Filling up the DagBag from /opt/airflow/dags/pipeline.py
[2026-05-25T15:49:45.297+0000] {processor.py:925} INFO - DAG(s) 'lastfm_pipeline' retrieved from /opt/airflow/dags/pipeline.py
[2026-05-25T15:49:45.341+0000] {logging_mixin.py:190} INFO - [2026-05-25T15:49:45.341+0000] {dag.py:3239} INFO - Sync 1 DAGs
[2026-05-25T15:49:45.377+0000] {logging_mixin.py:190} INFO - [2026-05-25T15:49:45.376+0000] {dag.py:4180} INFO - Setting next_dagrun for lastfm_pipeline to 2026-05-24 00:00:00+00:00, run_after=2026-05-25 00:00:00+00:00
[2026-05-25T15:49:45.403+0000] {processor.py:208} INFO - Processing /opt/airflow/dags/pipeline.py took 0.141 seconds
[2026-05-25T15:50:15.576+0000] {processor.py:186} INFO - Started process (PID=2495) to work on /opt/airflow/dags/pipeline.py
[2026-05-25T15:50:15.578+0000] {processor.py:914} INFO - Processing file /opt/airflow/dags/pipeline.py for tasks to queue
[2026-05-25T15:50:15.581+0000] {logging_mixin.py:190} INFO - [2026-05-25T15:50:15.581+0000] {dagbag.py:588} INFO - Filling up the DagBag from /opt/airflow/dags/pipeline.py
[2026-05-25T15:50:15.606+0000] {processor.py:925} INFO - DAG(s) 'lastfm_pipeline' retrieved from /opt/airflow/dags/pipeline.py
[2026-05-25T15:50:15.651+0000] {logging_mixin.py:190} INFO - [2026-05-25T15:50:15.650+0000] {dag.py:3239} INFO - Sync 1 DAGs
[2026-05-25T15:50:15.687+0000] {logging_mixin.py:190} INFO - [2026-05-25T15:50:15.686+0000] {dag.py:4180} INFO - Setting next_dagrun for lastfm_pipeline to 2026-05-24 00:00:00+00:00, run_after=2026-05-25 00:00:00+00:00
[2026-05-25T15:50:15.709+0000] {processor.py:208} INFO - Processing /opt/airflow/dags/pipeline.py took 0.142 seconds
[2026-05-25T15:50:45.857+0000] {processor.py:186} INFO - Started process (PID=2500) to work on /opt/airflow/dags/pipeline.py
[2026-05-25T15:50:45.858+0000] {processor.py:914} INFO - Processing file /opt/airflow/dags/pipeline.py for tasks to queue
[2026-05-25T15:50:45.862+0000] {logging_mixin.py:190} INFO - [2026-05-25T15:50:45.861+0000] {dagbag.py:588} INFO - Filling up the DagBag from /opt/airflow/dags/pipeline.py
[2026-05-25T15:50:45.884+0000] {processor.py:925} INFO - DAG(s) 'lastfm_pipeline' retrieved from /opt/airflow/dags/pipeline.py
[2026-05-25T15:50:45.928+0000] {logging_mixin.py:190} INFO - [2026-05-25T15:50:45.928+0000] {dag.py:3239} INFO - Sync 1 DAGs
[2026-05-25T15:50:45.963+0000] {logging_mixin.py:190} INFO - [2026-05-25T15:50:45.963+0000] {dag.py:4180} INFO - Setting next_dagrun for lastfm_pipeline to 2026-05-24 00:00:00+00:00, run_after=2026-05-25 00:00:00+00:00
[2026-05-25T15:50:45.990+0000] {processor.py:208} INFO - Processing /opt/airflow/dags/pipeline.py took 0.142 seconds
[2026-05-25T15:51:16.155+0000] {processor.py:186} INFO - Started process (PID=2505) to work on /opt/airflow/dags/pipeline.py
[2026-05-25T15:51:16.156+0000] {processor.py:914} INFO - Processing file /opt/airflow/dags/pipeline.py for tasks to queue
[2026-05-25T15:51:16.160+0000] {logging_mixin.py:190} INFO - [2026-05-25T15:51:16.159+0000] {dagbag.py:588} INFO - Filling up the DagBag from /opt/airflow/dags/pipeline.py
[2026-05-25T15:51:16.183+0000] {processor.py:925} INFO - DAG(s) 'lastfm_pipeline' retrieved from /opt/airflow/dags/pipeline.py
[2026-05-25T15:51:16.228+0000] {logging_mixin.py:190} INFO - [2026-05-25T15:51:16.227+0000] {dag.py:3239} INFO - Sync 1 DAGs
[2026-05-25T15:51:16.262+0000] {logging_mixin.py:190} INFO - [2026-05-25T15:51:16.262+0000] {dag.py:4180} INFO - Setting next_dagrun for lastfm_pipeline to 2026-05-24 00:00:00+00:00, run_after=2026-05-25 00:00:00+00:00
[2026-05-25T15:51:16.290+0000] {processor.py:208} INFO - Processing /opt/airflow/dags/pipeline.py took 0.144 seconds
[2026-05-25T15:51:46.449+0000] {processor.py:186} INFO - Started process (PID=2510) to work on /opt/airflow/dags/pipeline.py
[2026-05-25T15:51:46.450+0000] {processor.py:914} INFO - Processing file /opt/airflow/dags/pipeline.py for tasks to queue
[2026-05-25T15:51:46.453+0000] {logging_mixin.py:190} INFO - [2026-05-25T15:51:46.452+0000] {dagbag.py:588} INFO - Filling up the DagBag from /opt/airflow/dags/pipeline.py
[2026-05-25T15:51:46.479+0000] {processor.py:925} INFO - DAG(s) 'lastfm_pipeline' retrieved from /opt/airflow/dags/pipeline.py
[2026-05-25T15:51:46.528+0000] {logging_mixin.py:190} INFO - [2026-05-25T15:51:46.527+0000] {dag.py:3239} INFO - Sync 1 DAGs
[2026-05-25T15:51:46.567+0000] {logging_mixin.py:190} INFO - [2026-05-25T15:51:46.567+0000] {dag.py:4180} INFO - Setting next_dagrun for lastfm_pipeline to 2026-05-24 00:00:00+00:00, run_after=2026-05-25 00:00:00+00:00
[2026-05-25T15:51:46.596+0000] {processor.py:208} INFO - Processing /opt/airflow/dags/pipeline.py took 0.158 seconds
[2026-05-25T15:52:16.741+0000] {processor.py:186} INFO - Started process (PID=2515) to work on /opt/airflow/dags/pipeline.py
[2026-05-25T15:52:16.742+0000] {processor.py:914} INFO - Processing file /opt/airflow/dags/pipeline.py for tasks to queue
[2026-05-25T15:52:16.745+0000] {logging_mixin.py:190} INFO - [2026-05-25T15:52:16.744+0000] {dagbag.py:588} INFO - Filling up the DagBag from /opt/airflow/dags/pipeline.py
[2026-05-25T15:52:16.768+0000] {processor.py:925} INFO - DAG(s) 'lastfm_pipeline' retrieved from /opt/airflow/dags/pipeline.py
[2026-05-25T15:52:16.811+0000] {logging_mixin.py:190} INFO - [2026-05-25T15:52:16.811+0000] {dag.py:3239} INFO - Sync 1 DAGs
[2026-05-25T15:52:16.846+0000] {logging_mixin.py:190} INFO - [2026-05-25T15:52:16.845+0000] {dag.py:4180} INFO - Setting next_dagrun for lastfm_pipeline to 2026-05-24 00:00:00+00:00, run_after=2026-05-25 00:00:00+00:00
[2026-05-25T15:52:16.875+0000] {processor.py:208} INFO - Processing /opt/airflow/dags/pipeline.py took 0.144 seconds
[2026-05-25T15:52:47.038+0000] {processor.py:186} INFO - Started process (PID=2520) to work on /opt/airflow/dags/pipeline.py
[2026-05-25T15:52:47.039+0000] {processor.py:914} INFO - Processing file /opt/airflow/dags/pipeline.py for tasks to queue
[2026-05-25T15:52:47.043+0000] {logging_mixin.py:190} INFO - [2026-05-25T15:52:47.042+0000] {dagbag.py:588} INFO - Filling up the DagBag from /opt/airflow/dags/pipeline.py
[2026-05-25T15:52:47.068+0000] {processor.py:925} INFO - DAG(s) 'lastfm_pipeline' retrieved from /opt/airflow/dags/pipeline.py
[2026-05-25T15:52:47.114+0000] {logging_mixin.py:190} INFO - [2026-05-25T15:52:47.114+0000] {dag.py:3239} INFO - Sync 1 DAGs
[2026-05-25T15:52:47.152+0000] {logging_mixin.py:190} INFO - [2026-05-25T15:52:47.151+0000] {dag.py:4180} INFO - Setting next_dagrun for lastfm_pipeline to 2026-05-24 00:00:00+00:00, run_after=2026-05-25 00:00:00+00:00
[2026-05-25T15:52:47.175+0000] {processor.py:208} INFO - Processing /opt/airflow/dags/pipeline.py took 0.147 seconds
[2026-05-25T15:53:17.318+0000] {processor.py:186} INFO - Started process (PID=2525) to work on /opt/airflow/dags/pipeline.py
[2026-05-25T15:53:17.319+0000] {processor.py:914} INFO - Processing file /opt/airflow/dags/pipeline.py for tasks to queue
[2026-05-25T15:53:17.322+0000] {logging_mixin.py:190} INFO - [2026-05-25T15:53:17.321+0000] {dagbag.py:588} INFO - Filling up the DagBag from /opt/airflow/dags/pipeline.py
[2026-05-25T15:53:17.348+0000] {processor.py:925} INFO - DAG(s) 'lastfm_pipeline' retrieved from /opt/airflow/dags/pipeline.py
[2026-05-25T15:53:17.394+0000] {logging_mixin.py:190} INFO - [2026-05-25T15:53:17.393+0000] {dag.py:3239} INFO - Sync 1 DAGs
[2026-05-25T15:53:17.428+0000] {logging_mixin.py:190} INFO - [2026-05-25T15:53:17.427+0000] {dag.py:4180} INFO - Setting next_dagrun for lastfm_pipeline to 2026-05-24 00:00:00+00:00, run_after=2026-05-25 00:00:00+00:00
[2026-05-25T15:53:17.453+0000] {processor.py:208} INFO - Processing /opt/airflow/dags/pipeline.py took 0.145 seconds
[2026-05-25T15:53:47.619+0000] {processor.py:186} INFO - Started process (PID=2530) to work on /opt/airflow/dags/pipeline.py
[2026-05-25T15:53:47.620+0000] {processor.py:914} INFO - Processing file /opt/airflow/dags/pipeline.py for tasks to queue
[2026-05-25T15:53:47.622+0000] {logging_mixin.py:190} INFO - [2026-05-25T15:53:47.622+0000] {dagbag.py:588} INFO - Filling up the DagBag from /opt/airflow/dags/pipeline.py
[2026-05-25T15:53:47.645+0000] {processor.py:925} INFO - DAG(s) 'lastfm_pipeline' retrieved from /opt/airflow/dags/pipeline.py
[2026-05-25T15:53:47.688+0000] {logging_mixin.py:190} INFO - [2026-05-25T15:53:47.688+0000] {dag.py:3239} INFO - Sync 1 DAGs
[2026-05-25T15:53:47.722+0000] {logging_mixin.py:190} INFO - [2026-05-25T15:53:47.721+0000] {dag.py:4180} INFO - Setting next_dagrun for lastfm_pipeline to 2026-05-24 00:00:00+00:00, run_after=2026-05-25 00:00:00+00:00
[2026-05-25T15:53:47.748+0000] {processor.py:208} INFO - Processing /opt/airflow/dags/pipeline.py took 0.138 seconds
[2026-05-25T15:54:17.906+0000] {processor.py:186} INFO - Started process (PID=2535) to work on /opt/airflow/dags/pipeline.py
[2026-05-25T15:54:17.906+0000] {processor.py:914} INFO - Processing file /opt/airflow/dags/pipeline.py for tasks to queue
[2026-05-25T15:54:17.910+0000] {logging_mixin.py:190} INFO - [2026-05-25T15:54:17.909+0000] {dagbag.py:588} INFO - Filling up the DagBag from /opt/airflow/dags/pipeline.py
[2026-05-25T15:54:17.933+0000] {processor.py:925} INFO - DAG(s) 'lastfm_pipeline' retrieved from /opt/airflow/dags/pipeline.py
[2026-05-25T15:54:17.977+0000] {logging_mixin.py:190} INFO - [2026-05-25T15:54:17.976+0000] {dag.py:3239} INFO - Sync 1 DAGs
[2026-05-25T15:54:18.011+0000] {logging_mixin.py:190} INFO - [2026-05-25T15:54:18.011+0000] {dag.py:4180} INFO - Setting next_dagrun for lastfm_pipeline to 2026-05-24 00:00:00+00:00, run_after=2026-05-25 00:00:00+00:00
[2026-05-25T15:54:18.038+0000] {processor.py:208} INFO - Processing /opt/airflow/dags/pipeline.py took 0.141 seconds
[2026-05-25T15:54:48.190+0000] {processor.py:186} INFO - Started process (PID=2540) to work on /opt/airflow/dags/pipeline.py
[2026-05-25T15:54:48.191+0000] {processor.py:914} INFO - Processing file /opt/airflow/dags/pipeline.py for tasks to queue
[2026-05-25T15:54:48.194+0000] {logging_mixin.py:190} INFO - [2026-05-25T15:54:48.194+0000] {dagbag.py:588} INFO - Filling up the DagBag from /opt/airflow/dags/pipeline.py
[2026-05-25T15:54:48.218+0000] {processor.py:925} INFO - DAG(s) 'lastfm_pipeline' retrieved from /opt/airflow/dags/pipeline.py
[2026-05-25T15:54:48.260+0000] {logging_mixin.py:190} INFO - [2026-05-25T15:54:48.260+0000] {dag.py:3239} INFO - Sync 1 DAGs
[2026-05-25T15:54:48.295+0000] {logging_mixin.py:190} INFO - [2026-05-25T15:54:48.294+0000] {dag.py:4180} INFO - Setting next_dagrun for lastfm_pipeline to 2026-05-24 00:00:00+00:00, run_after=2026-05-25 00:00:00+00:00
[2026-05-25T15:54:48.321+0000] {processor.py:208} INFO - Processing /opt/airflow/dags/pipeline.py took 0.139 seconds
[2026-05-25T15:55:18.485+0000] {processor.py:186} INFO - Started process (PID=2545) to work on /opt/airflow/dags/pipeline.py
[2026-05-25T15:55:18.486+0000] {processor.py:914} INFO - Processing file /opt/airflow/dags/pipeline.py for tasks to queue
[2026-05-25T15:55:18.490+0000] {logging_mixin.py:190} INFO - [2026-05-25T15:55:18.489+0000] {dagbag.py:588} INFO - Filling up the DagBag from /opt/airflow/dags/pipeline.py
[2026-05-25T15:55:18.513+0000] {processor.py:925} INFO - DAG(s) 'lastfm_pipeline' retrieved from /opt/airflow/dags/pipeline.py
[2026-05-25T15:55:18.555+0000] {logging_mixin.py:190} INFO - [2026-05-25T15:55:18.555+0000] {dag.py:3239} INFO - Sync 1 DAGs
[2026-05-25T15:55:18.589+0000] {logging_mixin.py:190} INFO - [2026-05-25T15:55:18.588+0000] {dag.py:4180} INFO - Setting next_dagrun for lastfm_pipeline to 2026-05-24 00:00:00+00:00, run_after=2026-05-25 00:00:00+00:00
[2026-05-25T15:55:18.615+0000] {processor.py:208} INFO - Processing /opt/airflow/dags/pipeline.py took 0.139 seconds
[2026-05-25T15:55:48.767+0000] {processor.py:186} INFO - Started process (PID=2550) to work on /opt/airflow/dags/pipeline.py
[2026-05-25T15:55:48.768+0000] {processor.py:914} INFO - Processing file /opt/airflow/dags/pipeline.py for tasks to queue
[2026-05-25T15:55:48.771+0000] {logging_mixin.py:190} INFO - [2026-05-25T15:55:48.771+0000] {dagbag.py:588} INFO - Filling up the DagBag from /opt/airflow/dags/pipeline.py
[2026-05-25T15:55:48.794+0000] {processor.py:925} INFO - DAG(s) 'lastfm_pipeline' retrieved from /opt/airflow/dags/pipeline.py
[2026-05-25T15:55:48.838+0000] {logging_mixin.py:190} INFO - [2026-05-25T15:55:48.837+0000] {dag.py:3239} INFO - Sync 1 DAGs
[2026-05-25T15:55:48.873+0000] {logging_mixin.py:190} INFO - [2026-05-25T15:55:48.873+0000] {dag.py:4180} INFO - Setting next_dagrun for lastfm_pipeline to 2026-05-24 00:00:00+00:00, run_after=2026-05-25 00:00:00+00:00
[2026-05-25T15:55:48.899+0000] {processor.py:208} INFO - Processing /opt/airflow/dags/pipeline.py took 0.141 seconds
[2026-05-25T15:56:19.059+0000] {processor.py:186} INFO - Started process (PID=2555) to work on /opt/airflow/dags/pipeline.py
[2026-05-25T15:56:19.059+0000] {processor.py:914} INFO - Processing file /opt/airflow/dags/pipeline.py for tasks to queue
[2026-05-25T15:56:19.062+0000] {logging_mixin.py:190} INFO - [2026-05-25T15:56:19.062+0000] {dagbag.py:588} INFO - Filling up the DagBag from /opt/airflow/dags/pipeline.py
[2026-05-25T15:56:19.087+0000] {processor.py:925} INFO - DAG(s) 'lastfm_pipeline' retrieved from /opt/airflow/dags/pipeline.py
[2026-05-25T15:56:19.132+0000] {logging_mixin.py:190} INFO - [2026-05-25T15:56:19.131+0000] {dag.py:3239} INFO - Sync 1 DAGs
[2026-05-25T15:56:19.168+0000] {logging_mixin.py:190} INFO - [2026-05-25T15:56:19.167+0000] {dag.py:4180} INFO - Setting next_dagrun for lastfm_pipeline to 2026-05-24 00:00:00+00:00, run_after=2026-05-25 00:00:00+00:00
[2026-05-25T15:56:19.195+0000] {processor.py:208} INFO - Processing /opt/airflow/dags/pipeline.py took 0.146 seconds
[2026-05-25T15:56:49.355+0000] {processor.py:186} INFO - Started process (PID=2560) to work on /opt/airflow/dags/pipeline.py
[2026-05-25T15:56:49.358+0000] {processor.py:914} INFO - Processing file /opt/airflow/dags/pipeline.py for tasks to queue
[2026-05-25T15:56:49.361+0000] {logging_mixin.py:190} INFO - [2026-05-25T15:56:49.361+0000] {dagbag.py:588} INFO - Filling up the DagBag from /opt/airflow/dags/pipeline.py
[2026-05-25T15:56:49.385+0000] {processor.py:925} INFO - DAG(s) 'lastfm_pipeline' retrieved from /opt/airflow/dags/pipeline.py
[2026-05-25T15:56:49.430+0000] {logging_mixin.py:190} INFO - [2026-05-25T15:56:49.430+0000] {dag.py:3239} INFO - Sync 1 DAGs
[2026-05-25T15:56:49.467+0000] {logging_mixin.py:190} INFO - [2026-05-25T15:56:49.466+0000] {dag.py:4180} INFO - Setting next_dagrun for lastfm_pipeline to 2026-05-24 00:00:00+00:00, run_after=2026-05-25 00:00:00+00:00
[2026-05-25T15:56:49.493+0000] {processor.py:208} INFO - Processing /opt/airflow/dags/pipeline.py took 0.147 seconds
[2026-05-25T15:57:19.659+0000] {processor.py:186} INFO - Started process (PID=2565) to work on /opt/airflow/dags/pipeline.py
[2026-05-25T15:57:19.659+0000] {processor.py:914} INFO - Processing file /opt/airflow/dags/pipeline.py for tasks to queue
[2026-05-25T15:57:19.662+0000] {logging_mixin.py:190} INFO - [2026-05-25T15:57:19.662+0000] {dagbag.py:588} INFO - Filling up the DagBag from /opt/airflow/dags/pipeline.py
[2026-05-25T15:57:19.685+0000] {processor.py:925} INFO - DAG(s) 'lastfm_pipeline' retrieved from /opt/airflow/dags/pipeline.py
[2026-05-25T15:57:19.729+0000] {logging_mixin.py:190} INFO - [2026-05-25T15:57:19.729+0000] {dag.py:3239} INFO - Sync 1 DAGs
[2026-05-25T15:57:19.764+0000] {logging_mixin.py:190} INFO - [2026-05-25T15:57:19.763+0000] {dag.py:4180} INFO - Setting next_dagrun for lastfm_pipeline to 2026-05-24 00:00:00+00:00, run_after=2026-05-25 00:00:00+00:00
[2026-05-25T15:57:19.789+0000] {processor.py:208} INFO - Processing /opt/airflow/dags/pipeline.py took 0.140 seconds
[2026-05-25T15:57:49.941+0000] {processor.py:186} INFO - Started process (PID=2570) to work on /opt/airflow/dags/pipeline.py
[2026-05-25T15:57:49.944+0000] {processor.py:914} INFO - Processing file /opt/airflow/dags/pipeline.py for tasks to queue
[2026-05-25T15:57:49.947+0000] {logging_mixin.py:190} INFO - [2026-05-25T15:57:49.947+0000] {dagbag.py:588} INFO - Filling up the DagBag from /opt/airflow/dags/pipeline.py
[2026-05-25T15:57:49.971+0000] {processor.py:925} INFO - DAG(s) 'lastfm_pipeline' retrieved from /opt/airflow/dags/pipeline.py
[2026-05-25T15:57:50.015+0000] {logging_mixin.py:190} INFO - [2026-05-25T15:57:50.015+0000] {dag.py:3239} INFO - Sync 1 DAGs
[2026-05-25T15:57:50.050+0000] {logging_mixin.py:190} INFO - [2026-05-25T15:57:50.050+0000] {dag.py:4180} INFO - Setting next_dagrun for lastfm_pipeline to 2026-05-24 00:00:00+00:00, run_after=2026-05-25 00:00:00+00:00
[2026-05-25T15:57:50.076+0000] {processor.py:208} INFO - Processing /opt/airflow/dags/pipeline.py took 0.144 seconds
[2026-05-25T15:58:20.232+0000] {processor.py:186} INFO - Started process (PID=2575) to work on /opt/airflow/dags/pipeline.py
[2026-05-25T15:58:20.233+0000] {processor.py:914} INFO - Processing file /opt/airflow/dags/pipeline.py for tasks to queue
[2026-05-25T15:58:20.236+0000] {logging_mixin.py:190} INFO - [2026-05-25T15:58:20.235+0000] {dagbag.py:588} INFO - Filling up the DagBag from /opt/airflow/dags/pipeline.py
[2026-05-25T15:58:20.259+0000] {processor.py:925} INFO - DAG(s) 'lastfm_pipeline' retrieved from /opt/airflow/dags/pipeline.py
[2026-05-25T15:58:20.303+0000] {logging_mixin.py:190} INFO - [2026-05-25T15:58:20.303+0000] {dag.py:3239} INFO - Sync 1 DAGs
[2026-05-25T15:58:20.339+0000] {logging_mixin.py:190} INFO - [2026-05-25T15:58:20.338+0000] {dag.py:4180} INFO - Setting next_dagrun for lastfm_pipeline to 2026-05-24 00:00:00+00:00, run_after=2026-05-25 00:00:00+00:00
[2026-05-25T15:58:20.365+0000] {processor.py:208} INFO - Processing /opt/airflow/dags/pipeline.py took 0.142 seconds
[2026-05-25T15:58:50.519+0000] {processor.py:186} INFO - Started process (PID=2580) to work on /opt/airflow/dags/pipeline.py
[2026-05-25T15:58:50.522+0000] {processor.py:914} INFO - Processing file /opt/airflow/dags/pipeline.py for tasks to queue
[2026-05-25T15:58:50.526+0000] {logging_mixin.py:190} INFO - [2026-05-25T15:58:50.526+0000] {dagbag.py:588} INFO - Filling up the DagBag from /opt/airflow/dags/pipeline.py
[2026-05-25T15:58:50.550+0000] {processor.py:925} INFO - DAG(s) 'lastfm_pipeline' retrieved from /opt/airflow/dags/pipeline.py
[2026-05-25T15:58:50.594+0000] {logging_mixin.py:190} INFO - [2026-05-25T15:58:50.593+0000] {dag.py:3239} INFO - Sync 1 DAGs
[2026-05-25T15:58:50.629+0000] {logging_mixin.py:190} INFO - [2026-05-25T15:58:50.629+0000] {dag.py:4180} INFO - Setting next_dagrun for lastfm_pipeline to 2026-05-24 00:00:00+00:00, run_after=2026-05-25 00:00:00+00:00
[2026-05-25T15:58:50.655+0000] {processor.py:208} INFO - Processing /opt/airflow/dags/pipeline.py took 0.147 seconds
[2026-05-25T15:59:20.813+0000] {processor.py:186} INFO - Started process (PID=2585) to work on /opt/airflow/dags/pipeline.py
[2026-05-25T15:59:20.814+0000] {processor.py:914} INFO - Processing file /opt/airflow/dags/pipeline.py for tasks to queue
[2026-05-25T15:59:20.818+0000] {logging_mixin.py:190} INFO - [2026-05-25T15:59:20.817+0000] {dagbag.py:588} INFO - Filling up the DagBag from /opt/airflow/dags/pipeline.py
[2026-05-25T15:59:20.841+0000] {processor.py:925} INFO - DAG(s) 'lastfm_pipeline' retrieved from /opt/airflow/dags/pipeline.py
[2026-05-25T15:59:20.884+0000] {logging_mixin.py:190} INFO - [2026-05-25T15:59:20.884+0000] {dag.py:3239} INFO - Sync 1 DAGs
[2026-05-25T15:59:20.918+0000] {logging_mixin.py:190} INFO - [2026-05-25T15:59:20.918+0000] {dag.py:4180} INFO - Setting next_dagrun for lastfm_pipeline to 2026-05-24 00:00:00+00:00, run_after=2026-05-25 00:00:00+00:00
[2026-05-25T15:59:20.943+0000] {processor.py:208} INFO - Processing /opt/airflow/dags/pipeline.py took 0.139 seconds
[2026-05-25T15:59:51.102+0000] {processor.py:186} INFO - Started process (PID=2590) to work on /opt/airflow/dags/pipeline.py
[2026-05-25T15:59:51.105+0000] {processor.py:914} INFO - Processing file /opt/airflow/dags/pipeline.py for tasks to queue
[2026-05-25T15:59:51.109+0000] {logging_mixin.py:190} INFO - [2026-05-25T15:59:51.109+0000] {dagbag.py:588} INFO - Filling up the DagBag from /opt/airflow/dags/pipeline.py
[2026-05-25T15:59:51.132+0000] {processor.py:925} INFO - DAG(s) 'lastfm_pipeline' retrieved from /opt/airflow/dags/pipeline.py
[2026-05-25T15:59:51.175+0000] {logging_mixin.py:190} INFO - [2026-05-25T15:59:51.175+0000] {dag.py:3239} INFO - Sync 1 DAGs
[2026-05-25T15:59:51.211+0000] {logging_mixin.py:190} INFO - [2026-05-25T15:59:51.210+0000] {dag.py:4180} INFO - Setting next_dagrun for lastfm_pipeline to 2026-05-24 00:00:00+00:00, run_after=2026-05-25 00:00:00+00:00
[2026-05-25T15:59:51.239+0000] {processor.py:208} INFO - Processing /opt/airflow/dags/pipeline.py took 0.147 seconds
[2026-05-25T16:00:21.379+0000] {processor.py:186} INFO - Started process (PID=2595) to work on /opt/airflow/dags/pipeline.py
[2026-05-25T16:00:21.380+0000] {processor.py:914} INFO - Processing file /opt/airflow/dags/pipeline.py for tasks to queue
[2026-05-25T16:00:21.383+0000] {logging_mixin.py:190} INFO - [2026-05-25T16:00:21.383+0000] {dagbag.py:588} INFO - Filling up the DagBag from /opt/airflow/dags/pipeline.py
[2026-05-25T16:00:21.405+0000] {processor.py:925} INFO - DAG(s) 'lastfm_pipeline' retrieved from /opt/airflow/dags/pipeline.py
[2026-05-25T16:00:21.448+0000] {logging_mixin.py:190} INFO - [2026-05-25T16:00:21.448+0000] {dag.py:3239} INFO - Sync 1 DAGs
[2026-05-25T16:00:21.482+0000] {logging_mixin.py:190} INFO - [2026-05-25T16:00:21.482+0000] {dag.py:4180} INFO - Setting next_dagrun for lastfm_pipeline to 2026-05-24 00:00:00+00:00, run_after=2026-05-25 00:00:00+00:00
[2026-05-25T16:00:21.508+0000] {processor.py:208} INFO - Processing /opt/airflow/dags/pipeline.py took 0.138 seconds
[2026-05-25T16:00:51.676+0000] {processor.py:186} INFO - Started process (PID=2600) to work on /opt/airflow/dags/pipeline.py
[2026-05-25T16:00:51.677+0000] {processor.py:914} INFO - Processing file /opt/airflow/dags/pipeline.py for tasks to queue
[2026-05-25T16:00:51.680+0000] {logging_mixin.py:190} INFO - [2026-05-25T16:00:51.680+0000] {dagbag.py:588} INFO - Filling up the DagBag from /opt/airflow/dags/pipeline.py
[2026-05-25T16:00:51.704+0000] {processor.py:925} INFO - DAG(s) 'lastfm_pipeline' retrieved from /opt/airflow/dags/pipeline.py
[2026-05-25T16:00:51.746+0000] {logging_mixin.py:190} INFO - [2026-05-25T16:00:51.746+0000] {dag.py:3239} INFO - Sync 1 DAGs
[2026-05-25T16:00:51.782+0000] {logging_mixin.py:190} INFO - [2026-05-25T16:00:51.782+0000] {dag.py:4180} INFO - Setting next_dagrun for lastfm_pipeline to 2026-05-24 00:00:00+00:00, run_after=2026-05-25 00:00:00+00:00
[2026-05-25T16:00:51.811+0000] {processor.py:208} INFO - Processing /opt/airflow/dags/pipeline.py took 0.144 seconds
[2026-05-25T16:01:21.956+0000] {processor.py:186} INFO - Started process (PID=2605) to work on /opt/airflow/dags/pipeline.py
[2026-05-25T16:01:21.958+0000] {processor.py:914} INFO - Processing file /opt/airflow/dags/pipeline.py for tasks to queue
[2026-05-25T16:01:21.961+0000] {logging_mixin.py:190} INFO - [2026-05-25T16:01:21.960+0000] {dagbag.py:588} INFO - Filling up the DagBag from /opt/airflow/dags/pipeline.py
[2026-05-25T16:01:21.985+0000] {processor.py:925} INFO - DAG(s) 'lastfm_pipeline' retrieved from /opt/airflow/dags/pipeline.py
[2026-05-25T16:01:22.029+0000] {logging_mixin.py:190} INFO - [2026-05-25T16:01:22.029+0000] {dag.py:3239} INFO - Sync 1 DAGs
[2026-05-25T16:01:22.065+0000] {logging_mixin.py:190} INFO - [2026-05-25T16:01:22.065+0000] {dag.py:4180} INFO - Setting next_dagrun for lastfm_pipeline to 2026-05-24 00:00:00+00:00, run_after=2026-05-25 00:00:00+00:00
[2026-05-25T16:01:22.094+0000] {processor.py:208} INFO - Processing /opt/airflow/dags/pipeline.py took 0.147 seconds
[2026-05-25T16:01:52.270+0000] {processor.py:186} INFO - Started process (PID=2610) to work on /opt/airflow/dags/pipeline.py
[2026-05-25T16:01:52.273+0000] {processor.py:914} INFO - Processing file /opt/airflow/dags/pipeline.py for tasks to queue
[2026-05-25T16:01:52.278+0000] {logging_mixin.py:190} INFO - [2026-05-25T16:01:52.277+0000] {dagbag.py:588} INFO - Filling up the DagBag from /opt/airflow/dags/pipeline.py
[2026-05-25T16:01:52.302+0000] {processor.py:925} INFO - DAG(s) 'lastfm_pipeline' retrieved from /opt/airflow/dags/pipeline.py
[2026-05-25T16:01:52.344+0000] {logging_mixin.py:190} INFO - [2026-05-25T16:01:52.344+0000] {dag.py:3239} INFO - Sync 1 DAGs
[2026-05-25T16:01:52.379+0000] {logging_mixin.py:190} INFO - [2026-05-25T16:01:52.378+0000] {dag.py:4180} INFO - Setting next_dagrun for lastfm_pipeline to 2026-05-24 00:00:00+00:00, run_after=2026-05-25 00:00:00+00:00
[2026-05-25T16:01:52.403+0000] {processor.py:208} INFO - Processing /opt/airflow/dags/pipeline.py took 0.142 seconds
[2026-05-25T16:02:22.536+0000] {processor.py:186} INFO - Started process (PID=2615) to work on /opt/airflow/dags/pipeline.py
[2026-05-25T16:02:22.537+0000] {processor.py:914} INFO - Processing file /opt/airflow/dags/pipeline.py for tasks to queue
[2026-05-25T16:02:22.540+0000] {logging_mixin.py:190} INFO - [2026-05-25T16:02:22.539+0000] {dagbag.py:588} INFO - Filling up the DagBag from /opt/airflow/dags/pipeline.py
[2026-05-25T16:02:22.564+0000] {processor.py:925} INFO - DAG(s) 'lastfm_pipeline' retrieved from /opt/airflow/dags/pipeline.py
[2026-05-25T16:02:22.607+0000] {logging_mixin.py:190} INFO - [2026-05-25T16:02:22.606+0000] {dag.py:3239} INFO - Sync 1 DAGs
[2026-05-25T16:02:22.642+0000] {logging_mixin.py:190} INFO - [2026-05-25T16:02:22.641+0000] {dag.py:4180} INFO - Setting next_dagrun for lastfm_pipeline to 2026-05-24 00:00:00+00:00, run_after=2026-05-25 00:00:00+00:00
[2026-05-25T16:02:22.667+0000] {processor.py:208} INFO - Processing /opt/airflow/dags/pipeline.py took 0.140 seconds
[2026-05-25T16:02:52.854+0000] {processor.py:186} INFO - Started process (PID=2620) to work on /opt/airflow/dags/pipeline.py
[2026-05-25T16:02:52.857+0000] {processor.py:914} INFO - Processing file /opt/airflow/dags/pipeline.py for tasks to queue
[2026-05-25T16:02:52.860+0000] {logging_mixin.py:190} INFO - [2026-05-25T16:02:52.860+0000] {dagbag.py:588} INFO - Filling up the DagBag from /opt/airflow/dags/pipeline.py
[2026-05-25T16:02:52.884+0000] {processor.py:925} INFO - DAG(s) 'lastfm_pipeline' retrieved from /opt/airflow/dags/pipeline.py
[2026-05-25T16:02:52.928+0000] {logging_mixin.py:190} INFO - [2026-05-25T16:02:52.927+0000] {dag.py:3239} INFO - Sync 1 DAGs
[2026-05-25T16:02:52.962+0000] {logging_mixin.py:190} INFO - [2026-05-25T16:02:52.962+0000] {dag.py:4180} INFO - Setting next_dagrun for lastfm_pipeline to 2026-05-24 00:00:00+00:00, run_after=2026-05-25 00:00:00+00:00
[2026-05-25T16:02:52.989+0000] {processor.py:208} INFO - Processing /opt/airflow/dags/pipeline.py took 0.144 seconds
                                                                                                                                                                                                                                                                                                                                                                                                                                                                                                                                                                                                                                                                                                                                                                                                                                                                                                                                                                                                                                               [2026-05-25T16:32:21.235+0000] {processor.py:186} INFO - Started process (PID=175) to work on /opt/airflow/dags/pipeline.py
[2026-05-25T16:32:21.236+0000] {processor.py:914} INFO - Processing file /opt/airflow/dags/pipeline.py for tasks to queue
[2026-05-25T16:32:21.238+0000] {logging_mixin.py:190} INFO - [2026-05-25T16:32:21.238+0000] {dagbag.py:588} INFO - Filling up the DagBag from /opt/airflow/dags/pipeline.py
[2026-05-25T16:32:21.250+0000] {processor.py:925} INFO - DAG(s) 'lastfm_pipeline' retrieved from /opt/airflow/dags/pipeline.py
[2026-05-25T16:32:21.270+0000] {logging_mixin.py:190} INFO - [2026-05-25T16:32:21.270+0000] {dag.py:3239} INFO - Sync 1 DAGs
[2026-05-25T16:32:21.286+0000] {logging_mixin.py:190} INFO - [2026-05-25T16:32:21.286+0000] {dag.py:4180} INFO - Setting next_dagrun for lastfm_pipeline to 2026-05-24 00:00:00+00:00, run_after=2026-05-25 00:00:00+00:00
[2026-05-25T16:32:21.304+0000] {processor.py:208} INFO - Processing /opt/airflow/dags/pipeline.py took 0.073 seconds
[2026-05-25T16:32:51.398+0000] {processor.py:186} INFO - Started process (PID=180) to work on /opt/airflow/dags/pipeline.py
[2026-05-25T16:32:51.398+0000] {processor.py:914} INFO - Processing file /opt/airflow/dags/pipeline.py for tasks to queue
[2026-05-25T16:32:51.400+0000] {logging_mixin.py:190} INFO - [2026-05-25T16:32:51.399+0000] {dagbag.py:588} INFO - Filling up the DagBag from /opt/airflow/dags/pipeline.py
[2026-05-25T16:32:51.411+0000] {processor.py:925} INFO - DAG(s) 'lastfm_pipeline' retrieved from /opt/airflow/dags/pipeline.py
[2026-05-25T16:32:51.432+0000] {logging_mixin.py:190} INFO - [2026-05-25T16:32:51.432+0000] {dag.py:3239} INFO - Sync 1 DAGs
[2026-05-25T16:32:51.449+0000] {logging_mixin.py:190} INFO - [2026-05-25T16:32:51.449+0000] {dag.py:4180} INFO - Setting next_dagrun for lastfm_pipeline to 2026-05-24 00:00:00+00:00, run_after=2026-05-25 00:00:00+00:00
[2026-05-25T16:32:51.461+0000] {processor.py:208} INFO - Processing /opt/airflow/dags/pipeline.py took 0.068 seconds
[2026-05-25T16:33:21.640+0000] {processor.py:186} INFO - Started process (PID=185) to work on /opt/airflow/dags/pipeline.py
[2026-05-25T16:33:21.641+0000] {processor.py:914} INFO - Processing file /opt/airflow/dags/pipeline.py for tasks to queue
[2026-05-25T16:33:21.642+0000] {logging_mixin.py:190} INFO - [2026-05-25T16:33:21.642+0000] {dagbag.py:588} INFO - Filling up the DagBag from /opt/airflow/dags/pipeline.py
[2026-05-25T16:33:21.653+0000] {processor.py:925} INFO - DAG(s) 'lastfm_pipeline' retrieved from /opt/airflow/dags/pipeline.py
[2026-05-25T16:33:21.675+0000] {logging_mixin.py:190} INFO - [2026-05-25T16:33:21.675+0000] {dag.py:3239} INFO - Sync 1 DAGs
[2026-05-25T16:33:21.691+0000] {logging_mixin.py:190} INFO - [2026-05-25T16:33:21.691+0000] {dag.py:4180} INFO - Setting next_dagrun for lastfm_pipeline to 2026-05-24 00:00:00+00:00, run_after=2026-05-25 00:00:00+00:00
[2026-05-25T16:33:21.702+0000] {processor.py:208} INFO - Processing /opt/airflow/dags/pipeline.py took 0.067 seconds
[2026-05-25T16:33:51.792+0000] {processor.py:186} INFO - Started process (PID=190) to work on /opt/airflow/dags/pipeline.py
[2026-05-25T16:33:51.793+0000] {processor.py:914} INFO - Processing file /opt/airflow/dags/pipeline.py for tasks to queue
[2026-05-25T16:33:51.794+0000] {logging_mixin.py:190} INFO - [2026-05-25T16:33:51.794+0000] {dagbag.py:588} INFO - Filling up the DagBag from /opt/airflow/dags/pipeline.py
[2026-05-25T16:33:51.807+0000] {processor.py:925} INFO - DAG(s) 'lastfm_pipeline' retrieved from /opt/airflow/dags/pipeline.py
[2026-05-25T16:33:51.829+0000] {logging_mixin.py:190} INFO - [2026-05-25T16:33:51.828+0000] {dag.py:3239} INFO - Sync 1 DAGs
[2026-05-25T16:33:51.844+0000] {logging_mixin.py:190} INFO - [2026-05-25T16:33:51.844+0000] {dag.py:4180} INFO - Setting next_dagrun for lastfm_pipeline to 2026-05-24 00:00:00+00:00, run_after=2026-05-25 00:00:00+00:00
[2026-05-25T16:33:51.856+0000] {processor.py:208} INFO - Processing /opt/airflow/dags/pipeline.py took 0.068 seconds
[2026-05-25T16:34:22.025+0000] {processor.py:186} INFO - Started process (PID=195) to work on /opt/airflow/dags/pipeline.py
[2026-05-25T16:34:22.026+0000] {processor.py:914} INFO - Processing file /opt/airflow/dags/pipeline.py for tasks to queue
[2026-05-25T16:34:22.027+0000] {logging_mixin.py:190} INFO - [2026-05-25T16:34:22.027+0000] {dagbag.py:588} INFO - Filling up the DagBag from /opt/airflow/dags/pipeline.py
[2026-05-25T16:34:22.039+0000] {processor.py:925} INFO - DAG(s) 'lastfm_pipeline' retrieved from /opt/airflow/dags/pipeline.py
[2026-05-25T16:34:22.060+0000] {logging_mixin.py:190} INFO - [2026-05-25T16:34:22.060+0000] {dag.py:3239} INFO - Sync 1 DAGs
[2026-05-25T16:34:22.077+0000] {logging_mixin.py:190} INFO - [2026-05-25T16:34:22.076+0000] {dag.py:4180} INFO - Setting next_dagrun for lastfm_pipeline to 2026-05-24 00:00:00+00:00, run_after=2026-05-25 00:00:00+00:00
[2026-05-25T16:34:22.087+0000] {processor.py:208} INFO - Processing /opt/airflow/dags/pipeline.py took 0.066 seconds
[2026-05-25T16:34:52.188+0000] {processor.py:186} INFO - Started process (PID=200) to work on /opt/airflow/dags/pipeline.py
[2026-05-25T16:34:52.189+0000] {processor.py:914} INFO - Processing file /opt/airflow/dags/pipeline.py for tasks to queue
[2026-05-25T16:34:52.190+0000] {logging_mixin.py:190} INFO - [2026-05-25T16:34:52.190+0000] {dagbag.py:588} INFO - Filling up the DagBag from /opt/airflow/dags/pipeline.py
[2026-05-25T16:34:52.202+0000] {processor.py:925} INFO - DAG(s) 'lastfm_pipeline' retrieved from /opt/airflow/dags/pipeline.py
[2026-05-25T16:34:52.224+0000] {logging_mixin.py:190} INFO - [2026-05-25T16:34:52.223+0000] {dag.py:3239} INFO - Sync 1 DAGs
[2026-05-25T16:34:52.240+0000] {logging_mixin.py:190} INFO - [2026-05-25T16:34:52.240+0000] {dag.py:4180} INFO - Setting next_dagrun for lastfm_pipeline to 2026-05-24 00:00:00+00:00, run_after=2026-05-25 00:00:00+00:00
[2026-05-25T16:34:52.256+0000] {processor.py:208} INFO - Processing /opt/airflow/dags/pipeline.py took 0.072 seconds
[2026-05-25T16:35:22.398+0000] {processor.py:186} INFO - Started process (PID=205) to work on /opt/airflow/dags/pipeline.py
[2026-05-25T16:35:22.399+0000] {processor.py:914} INFO - Processing file /opt/airflow/dags/pipeline.py for tasks to queue
[2026-05-25T16:35:22.400+0000] {logging_mixin.py:190} INFO - [2026-05-25T16:35:22.400+0000] {dagbag.py:588} INFO - Filling up the DagBag from /opt/airflow/dags/pipeline.py
[2026-05-25T16:35:22.411+0000] {processor.py:925} INFO - DAG(s) 'lastfm_pipeline' retrieved from /opt/airflow/dags/pipeline.py
[2026-05-25T16:35:22.432+0000] {logging_mixin.py:190} INFO - [2026-05-25T16:35:22.432+0000] {dag.py:3239} INFO - Sync 1 DAGs
[2026-05-25T16:35:22.449+0000] {logging_mixin.py:190} INFO - [2026-05-25T16:35:22.449+0000] {dag.py:4180} INFO - Setting next_dagrun for lastfm_pipeline to 2026-05-24 00:00:00+00:00, run_after=2026-05-25 00:00:00+00:00
[2026-05-25T16:35:22.462+0000] {processor.py:208} INFO - Processing /opt/airflow/dags/pipeline.py took 0.070 seconds
[2026-05-25T16:35:52.569+0000] {processor.py:186} INFO - Started process (PID=210) to work on /opt/airflow/dags/pipeline.py
[2026-05-25T16:35:52.570+0000] {processor.py:914} INFO - Processing file /opt/airflow/dags/pipeline.py for tasks to queue
[2026-05-25T16:35:52.572+0000] {logging_mixin.py:190} INFO - [2026-05-25T16:35:52.571+0000] {dagbag.py:588} INFO - Filling up the DagBag from /opt/airflow/dags/pipeline.py
[2026-05-25T16:35:52.583+0000] {processor.py:925} INFO - DAG(s) 'lastfm_pipeline' retrieved from /opt/airflow/dags/pipeline.py
[2026-05-25T16:35:52.605+0000] {logging_mixin.py:190} INFO - [2026-05-25T16:35:52.605+0000] {dag.py:3239} INFO - Sync 1 DAGs
[2026-05-25T16:35:52.621+0000] {logging_mixin.py:190} INFO - [2026-05-25T16:35:52.621+0000] {dag.py:4180} INFO - Setting next_dagrun for lastfm_pipeline to 2026-05-24 00:00:00+00:00, run_after=2026-05-25 00:00:00+00:00
[2026-05-25T16:35:52.632+0000] {processor.py:208} INFO - Processing /opt/airflow/dags/pipeline.py took 0.067 seconds
[2026-05-25T16:36:22.764+0000] {processor.py:186} INFO - Started process (PID=215) to work on /opt/airflow/dags/pipeline.py
[2026-05-25T16:36:22.765+0000] {processor.py:914} INFO - Processing file /opt/airflow/dags/pipeline.py for tasks to queue
[2026-05-25T16:36:22.766+0000] {logging_mixin.py:190} INFO - [2026-05-25T16:36:22.766+0000] {dagbag.py:588} INFO - Filling up the DagBag from /opt/airflow/dags/pipeline.py
[2026-05-25T16:36:22.777+0000] {processor.py:925} INFO - DAG(s) 'lastfm_pipeline' retrieved from /opt/airflow/dags/pipeline.py
[2026-05-25T16:36:22.798+0000] {logging_mixin.py:190} INFO - [2026-05-25T16:36:22.798+0000] {dag.py:3239} INFO - Sync 1 DAGs
[2026-05-25T16:36:22.816+0000] {logging_mixin.py:190} INFO - [2026-05-25T16:36:22.816+0000] {dag.py:4180} INFO - Setting next_dagrun for lastfm_pipeline to 2026-05-24 00:00:00+00:00, run_after=2026-05-25 00:00:00+00:00
[2026-05-25T16:36:22.828+0000] {processor.py:208} INFO - Processing /opt/airflow/dags/pipeline.py took 0.068 seconds
[2026-05-25T16:36:52.920+0000] {processor.py:186} INFO - Started process (PID=220) to work on /opt/airflow/dags/pipeline.py
[2026-05-25T16:36:52.920+0000] {processor.py:914} INFO - Processing file /opt/airflow/dags/pipeline.py for tasks to queue
[2026-05-25T16:36:52.921+0000] {logging_mixin.py:190} INFO - [2026-05-25T16:36:52.921+0000] {dagbag.py:588} INFO - Filling up the DagBag from /opt/airflow/dags/pipeline.py
[2026-05-25T16:36:52.932+0000] {processor.py:925} INFO - DAG(s) 'lastfm_pipeline' retrieved from /opt/airflow/dags/pipeline.py
[2026-05-25T16:36:52.952+0000] {logging_mixin.py:190} INFO - [2026-05-25T16:36:52.952+0000] {dag.py:3239} INFO - Sync 1 DAGs
[2026-05-25T16:36:52.969+0000] {logging_mixin.py:190} INFO - [2026-05-25T16:36:52.969+0000] {dag.py:4180} INFO - Setting next_dagrun for lastfm_pipeline to 2026-05-24 00:00:00+00:00, run_after=2026-05-25 00:00:00+00:00
[2026-05-25T16:36:52.980+0000] {processor.py:208} INFO - Processing /opt/airflow/dags/pipeline.py took 0.065 seconds
[2026-05-25T16:37:23.097+0000] {processor.py:186} INFO - Started process (PID=225) to work on /opt/airflow/dags/pipeline.py
[2026-05-25T16:37:23.097+0000] {processor.py:914} INFO - Processing file /opt/airflow/dags/pipeline.py for tasks to queue
[2026-05-25T16:37:23.099+0000] {logging_mixin.py:190} INFO - [2026-05-25T16:37:23.099+0000] {dagbag.py:588} INFO - Filling up the DagBag from /opt/airflow/dags/pipeline.py
[2026-05-25T16:37:23.109+0000] {processor.py:925} INFO - DAG(s) 'lastfm_pipeline' retrieved from /opt/airflow/dags/pipeline.py
[2026-05-25T16:37:23.128+0000] {logging_mixin.py:190} INFO - [2026-05-25T16:37:23.128+0000] {dag.py:3239} INFO - Sync 1 DAGs
[2026-05-25T16:37:23.144+0000] {logging_mixin.py:190} INFO - [2026-05-25T16:37:23.143+0000] {dag.py:4180} INFO - Setting next_dagrun for lastfm_pipeline to 2026-05-24 00:00:00+00:00, run_after=2026-05-25 00:00:00+00:00
[2026-05-25T16:37:23.156+0000] {processor.py:208} INFO - Processing /opt/airflow/dags/pipeline.py took 0.062 seconds
[2026-05-25T16:37:53.249+0000] {processor.py:186} INFO - Started process (PID=230) to work on /opt/airflow/dags/pipeline.py
[2026-05-25T16:37:53.249+0000] {processor.py:914} INFO - Processing file /opt/airflow/dags/pipeline.py for tasks to queue
[2026-05-25T16:37:53.251+0000] {logging_mixin.py:190} INFO - [2026-05-25T16:37:53.251+0000] {dagbag.py:588} INFO - Filling up the DagBag from /opt/airflow/dags/pipeline.py
[2026-05-25T16:37:53.260+0000] {processor.py:925} INFO - DAG(s) 'lastfm_pipeline' retrieved from /opt/airflow/dags/pipeline.py
[2026-05-25T16:37:53.281+0000] {logging_mixin.py:190} INFO - [2026-05-25T16:37:53.281+0000] {dag.py:3239} INFO - Sync 1 DAGs
[2026-05-25T16:37:53.296+0000] {logging_mixin.py:190} INFO - [2026-05-25T16:37:53.296+0000] {dag.py:4180} INFO - Setting next_dagrun for lastfm_pipeline to 2026-05-24 00:00:00+00:00, run_after=2026-05-25 00:00:00+00:00
[2026-05-25T16:37:53.309+0000] {processor.py:208} INFO - Processing /opt/airflow/dags/pipeline.py took 0.065 seconds
[2026-05-25T16:38:23.420+0000] {processor.py:186} INFO - Started process (PID=235) to work on /opt/airflow/dags/pipeline.py
[2026-05-25T16:38:23.423+0000] {processor.py:914} INFO - Processing file /opt/airflow/dags/pipeline.py for tasks to queue
[2026-05-25T16:38:23.425+0000] {logging_mixin.py:190} INFO - [2026-05-25T16:38:23.425+0000] {dagbag.py:588} INFO - Filling up the DagBag from /opt/airflow/dags/pipeline.py
[2026-05-25T16:38:23.435+0000] {processor.py:925} INFO - DAG(s) 'lastfm_pipeline' retrieved from /opt/airflow/dags/pipeline.py
[2026-05-25T16:38:23.456+0000] {logging_mixin.py:190} INFO - [2026-05-25T16:38:23.456+0000] {dag.py:3239} INFO - Sync 1 DAGs
[2026-05-25T16:38:23.472+0000] {logging_mixin.py:190} INFO - [2026-05-25T16:38:23.471+0000] {dag.py:4180} INFO - Setting next_dagrun for lastfm_pipeline to 2026-05-24 00:00:00+00:00, run_after=2026-05-25 00:00:00+00:00
[2026-05-25T16:38:23.484+0000] {processor.py:208} INFO - Processing /opt/airflow/dags/pipeline.py took 0.067 seconds
[2026-05-25T16:38:53.575+0000] {processor.py:186} INFO - Started process (PID=240) to work on /opt/airflow/dags/pipeline.py
[2026-05-25T16:38:53.576+0000] {processor.py:914} INFO - Processing file /opt/airflow/dags/pipeline.py for tasks to queue
[2026-05-25T16:38:53.578+0000] {logging_mixin.py:190} INFO - [2026-05-25T16:38:53.578+0000] {dagbag.py:588} INFO - Filling up the DagBag from /opt/airflow/dags/pipeline.py
[2026-05-25T16:38:53.591+0000] {processor.py:925} INFO - DAG(s) 'lastfm_pipeline' retrieved from /opt/airflow/dags/pipeline.py
[2026-05-25T16:38:53.616+0000] {logging_mixin.py:190} INFO - [2026-05-25T16:38:53.616+0000] {dag.py:3239} INFO - Sync 1 DAGs
[2026-05-25T16:38:53.637+0000] {logging_mixin.py:190} INFO - [2026-05-25T16:38:53.637+0000] {dag.py:4180} INFO - Setting next_dagrun for lastfm_pipeline to 2026-05-24 00:00:00+00:00, run_after=2026-05-25 00:00:00+00:00
[2026-05-25T16:38:53.661+0000] {processor.py:208} INFO - Processing /opt/airflow/dags/pipeline.py took 0.090 seconds
[2026-05-25T16:39:23.765+0000] {processor.py:186} INFO - Started process (PID=245) to work on /opt/airflow/dags/pipeline.py
[2026-05-25T16:39:23.766+0000] {processor.py:914} INFO - Processing file /opt/airflow/dags/pipeline.py for tasks to queue
[2026-05-25T16:39:23.768+0000] {logging_mixin.py:190} INFO - [2026-05-25T16:39:23.768+0000] {dagbag.py:588} INFO - Filling up the DagBag from /opt/airflow/dags/pipeline.py
[2026-05-25T16:39:23.780+0000] {processor.py:925} INFO - DAG(s) 'lastfm_pipeline' retrieved from /opt/airflow/dags/pipeline.py
[2026-05-25T16:39:23.804+0000] {logging_mixin.py:190} INFO - [2026-05-25T16:39:23.804+0000] {dag.py:3239} INFO - Sync 1 DAGs
[2026-05-25T16:39:23.823+0000] {logging_mixin.py:190} INFO - [2026-05-25T16:39:23.822+0000] {dag.py:4180} INFO - Setting next_dagrun for lastfm_pipeline to 2026-05-24 00:00:00+00:00, run_after=2026-05-25 00:00:00+00:00
[2026-05-25T16:39:23.836+0000] {processor.py:208} INFO - Processing /opt/airflow/dags/pipeline.py took 0.077 seconds
[2026-05-25T16:39:53.938+0000] {processor.py:186} INFO - Started process (PID=250) to work on /opt/airflow/dags/pipeline.py
[2026-05-25T16:39:53.939+0000] {processor.py:914} INFO - Processing file /opt/airflow/dags/pipeline.py for tasks to queue
[2026-05-25T16:39:53.940+0000] {logging_mixin.py:190} INFO - [2026-05-25T16:39:53.940+0000] {dagbag.py:588} INFO - Filling up the DagBag from /opt/airflow/dags/pipeline.py
[2026-05-25T16:39:53.958+0000] {processor.py:925} INFO - DAG(s) 'lastfm_pipeline' retrieved from /opt/airflow/dags/pipeline.py
[2026-05-25T16:39:53.979+0000] {logging_mixin.py:190} INFO - [2026-05-25T16:39:53.979+0000] {dag.py:3239} INFO - Sync 1 DAGs
[2026-05-25T16:39:53.999+0000] {logging_mixin.py:190} INFO - [2026-05-25T16:39:53.998+0000] {dag.py:4180} INFO - Setting next_dagrun for lastfm_pipeline to 2026-05-24 00:00:00+00:00, run_after=2026-05-25 00:00:00+00:00
[2026-05-25T16:39:54.016+0000] {processor.py:208} INFO - Processing /opt/airflow/dags/pipeline.py took 0.082 seconds
[2026-05-25T16:40:24.114+0000] {processor.py:186} INFO - Started process (PID=255) to work on /opt/airflow/dags/pipeline.py
[2026-05-25T16:40:24.115+0000] {processor.py:914} INFO - Processing file /opt/airflow/dags/pipeline.py for tasks to queue
[2026-05-25T16:40:24.116+0000] {logging_mixin.py:190} INFO - [2026-05-25T16:40:24.116+0000] {dagbag.py:588} INFO - Filling up the DagBag from /opt/airflow/dags/pipeline.py
[2026-05-25T16:40:24.128+0000] {processor.py:925} INFO - DAG(s) 'lastfm_pipeline' retrieved from /opt/airflow/dags/pipeline.py
[2026-05-25T16:40:24.150+0000] {logging_mixin.py:190} INFO - [2026-05-25T16:40:24.150+0000] {dag.py:3239} INFO - Sync 1 DAGs
[2026-05-25T16:40:24.166+0000] {logging_mixin.py:190} INFO - [2026-05-25T16:40:24.166+0000] {dag.py:4180} INFO - Setting next_dagrun for lastfm_pipeline to 2026-05-24 00:00:00+00:00, run_after=2026-05-25 00:00:00+00:00
[2026-05-25T16:40:24.177+0000] {processor.py:208} INFO - Processing /opt/airflow/dags/pipeline.py took 0.067 seconds
[2026-05-25T16:40:54.292+0000] {processor.py:186} INFO - Started process (PID=260) to work on /opt/airflow/dags/pipeline.py
[2026-05-25T16:40:54.292+0000] {processor.py:914} INFO - Processing file /opt/airflow/dags/pipeline.py for tasks to queue
[2026-05-25T16:40:54.294+0000] {logging_mixin.py:190} INFO - [2026-05-25T16:40:54.293+0000] {dagbag.py:588} INFO - Filling up the DagBag from /opt/airflow/dags/pipeline.py
[2026-05-25T16:40:54.306+0000] {processor.py:925} INFO - DAG(s) 'lastfm_pipeline' retrieved from /opt/airflow/dags/pipeline.py
[2026-05-25T16:40:54.326+0000] {logging_mixin.py:190} INFO - [2026-05-25T16:40:54.326+0000] {dag.py:3239} INFO - Sync 1 DAGs
[2026-05-25T16:40:54.342+0000] {logging_mixin.py:190} INFO - [2026-05-25T16:40:54.342+0000] {dag.py:4180} INFO - Setting next_dagrun for lastfm_pipeline to 2026-05-24 00:00:00+00:00, run_after=2026-05-25 00:00:00+00:00
[2026-05-25T16:40:54.353+0000] {processor.py:208} INFO - Processing /opt/airflow/dags/pipeline.py took 0.066 seconds
[2026-05-25T16:41:24.446+0000] {processor.py:186} INFO - Started process (PID=265) to work on /opt/airflow/dags/pipeline.py
[2026-05-25T16:41:24.447+0000] {processor.py:914} INFO - Processing file /opt/airflow/dags/pipeline.py for tasks to queue
[2026-05-25T16:41:24.448+0000] {logging_mixin.py:190} INFO - [2026-05-25T16:41:24.448+0000] {dagbag.py:588} INFO - Filling up the DagBag from /opt/airflow/dags/pipeline.py
[2026-05-25T16:41:24.460+0000] {processor.py:925} INFO - DAG(s) 'lastfm_pipeline' retrieved from /opt/airflow/dags/pipeline.py
[2026-05-25T16:41:24.480+0000] {logging_mixin.py:190} INFO - [2026-05-25T16:41:24.480+0000] {dag.py:3239} INFO - Sync 1 DAGs
[2026-05-25T16:41:24.497+0000] {logging_mixin.py:190} INFO - [2026-05-25T16:41:24.497+0000] {dag.py:4180} INFO - Setting next_dagrun for lastfm_pipeline to 2026-05-24 00:00:00+00:00, run_after=2026-05-25 00:00:00+00:00
[2026-05-25T16:41:24.508+0000] {processor.py:208} INFO - Processing /opt/airflow/dags/pipeline.py took 0.068 seconds
[2026-05-25T16:41:54.615+0000] {processor.py:186} INFO - Started process (PID=270) to work on /opt/airflow/dags/pipeline.py
[2026-05-25T16:41:54.615+0000] {processor.py:914} INFO - Processing file /opt/airflow/dags/pipeline.py for tasks to queue
[2026-05-25T16:41:54.617+0000] {logging_mixin.py:190} INFO - [2026-05-25T16:41:54.616+0000] {dagbag.py:588} INFO - Filling up the DagBag from /opt/airflow/dags/pipeline.py
[2026-05-25T16:41:54.627+0000] {processor.py:925} INFO - DAG(s) 'lastfm_pipeline' retrieved from /opt/airflow/dags/pipeline.py
[2026-05-25T16:41:54.649+0000] {logging_mixin.py:190} INFO - [2026-05-25T16:41:54.649+0000] {dag.py:3239} INFO - Sync 1 DAGs
[2026-05-25T16:41:54.664+0000] {logging_mixin.py:190} INFO - [2026-05-25T16:41:54.664+0000] {dag.py:4180} INFO - Setting next_dagrun for lastfm_pipeline to 2026-05-24 00:00:00+00:00, run_after=2026-05-25 00:00:00+00:00
[2026-05-25T16:41:54.679+0000] {processor.py:208} INFO - Processing /opt/airflow/dags/pipeline.py took 0.068 seconds
[2026-05-25T16:42:24.787+0000] {processor.py:186} INFO - Started process (PID=275) to work on /opt/airflow/dags/pipeline.py
[2026-05-25T16:42:24.789+0000] {processor.py:914} INFO - Processing file /opt/airflow/dags/pipeline.py for tasks to queue
[2026-05-25T16:42:24.791+0000] {logging_mixin.py:190} INFO - [2026-05-25T16:42:24.791+0000] {dagbag.py:588} INFO - Filling up the DagBag from /opt/airflow/dags/pipeline.py
[2026-05-25T16:42:24.801+0000] {processor.py:925} INFO - DAG(s) 'lastfm_pipeline' retrieved from /opt/airflow/dags/pipeline.py
[2026-05-25T16:42:24.820+0000] {logging_mixin.py:190} INFO - [2026-05-25T16:42:24.820+0000] {dag.py:3239} INFO - Sync 1 DAGs
[2026-05-25T16:42:24.835+0000] {logging_mixin.py:190} INFO - [2026-05-25T16:42:24.835+0000] {dag.py:4180} INFO - Setting next_dagrun for lastfm_pipeline to 2026-05-24 00:00:00+00:00, run_after=2026-05-25 00:00:00+00:00
[2026-05-25T16:42:24.846+0000] {processor.py:208} INFO - Processing /opt/airflow/dags/pipeline.py took 0.065 seconds
[2026-05-25T16:42:54.945+0000] {processor.py:186} INFO - Started process (PID=280) to work on /opt/airflow/dags/pipeline.py
[2026-05-25T16:42:54.945+0000] {processor.py:914} INFO - Processing file /opt/airflow/dags/pipeline.py for tasks to queue
[2026-05-25T16:42:54.946+0000] {logging_mixin.py:190} INFO - [2026-05-25T16:42:54.946+0000] {dagbag.py:588} INFO - Filling up the DagBag from /opt/airflow/dags/pipeline.py
[2026-05-25T16:42:54.956+0000] {processor.py:925} INFO - DAG(s) 'lastfm_pipeline' retrieved from /opt/airflow/dags/pipeline.py
[2026-05-25T16:42:54.977+0000] {logging_mixin.py:190} INFO - [2026-05-25T16:42:54.977+0000] {dag.py:3239} INFO - Sync 1 DAGs
[2026-05-25T16:42:54.992+0000] {logging_mixin.py:190} INFO - [2026-05-25T16:42:54.992+0000] {dag.py:4180} INFO - Setting next_dagrun for lastfm_pipeline to 2026-05-24 00:00:00+00:00, run_after=2026-05-25 00:00:00+00:00
[2026-05-25T16:42:55.004+0000] {processor.py:208} INFO - Processing /opt/airflow/dags/pipeline.py took 0.063 seconds
[2026-05-25T16:43:25.111+0000] {processor.py:186} INFO - Started process (PID=285) to work on /opt/airflow/dags/pipeline.py
[2026-05-25T16:43:25.114+0000] {processor.py:914} INFO - Processing file /opt/airflow/dags/pipeline.py for tasks to queue
[2026-05-25T16:43:25.116+0000] {logging_mixin.py:190} INFO - [2026-05-25T16:43:25.116+0000] {dagbag.py:588} INFO - Filling up the DagBag from /opt/airflow/dags/pipeline.py
[2026-05-25T16:43:25.127+0000] {processor.py:925} INFO - DAG(s) 'lastfm_pipeline' retrieved from /opt/airflow/dags/pipeline.py
[2026-05-25T16:43:25.147+0000] {logging_mixin.py:190} INFO - [2026-05-25T16:43:25.147+0000] {dag.py:3239} INFO - Sync 1 DAGs
[2026-05-25T16:43:25.162+0000] {logging_mixin.py:190} INFO - [2026-05-25T16:43:25.162+0000] {dag.py:4180} INFO - Setting next_dagrun for lastfm_pipeline to 2026-05-24 00:00:00+00:00, run_after=2026-05-25 00:00:00+00:00
[2026-05-25T16:43:25.174+0000] {processor.py:208} INFO - Processing /opt/airflow/dags/pipeline.py took 0.068 seconds
[2026-05-25T16:43:55.271+0000] {processor.py:186} INFO - Started process (PID=290) to work on /opt/airflow/dags/pipeline.py
[2026-05-25T16:43:55.271+0000] {processor.py:914} INFO - Processing file /opt/airflow/dags/pipeline.py for tasks to queue
[2026-05-25T16:43:55.273+0000] {logging_mixin.py:190} INFO - [2026-05-25T16:43:55.273+0000] {dagbag.py:588} INFO - Filling up the DagBag from /opt/airflow/dags/pipeline.py
[2026-05-25T16:43:55.283+0000] {processor.py:925} INFO - DAG(s) 'lastfm_pipeline' retrieved from /opt/airflow/dags/pipeline.py
[2026-05-25T16:43:55.304+0000] {logging_mixin.py:190} INFO - [2026-05-25T16:43:55.304+0000] {dag.py:3239} INFO - Sync 1 DAGs
[2026-05-25T16:43:55.322+0000] {logging_mixin.py:190} INFO - [2026-05-25T16:43:55.322+0000] {dag.py:4180} INFO - Setting next_dagrun for lastfm_pipeline to 2026-05-24 00:00:00+00:00, run_after=2026-05-25 00:00:00+00:00
[2026-05-25T16:43:55.342+0000] {processor.py:208} INFO - Processing /opt/airflow/dags/pipeline.py took 0.076 seconds
[2026-05-25T16:44:25.442+0000] {processor.py:186} INFO - Started process (PID=295) to work on /opt/airflow/dags/pipeline.py
[2026-05-25T16:44:25.443+0000] {processor.py:914} INFO - Processing file /opt/airflow/dags/pipeline.py for tasks to queue
[2026-05-25T16:44:25.444+0000] {logging_mixin.py:190} INFO - [2026-05-25T16:44:25.444+0000] {dagbag.py:588} INFO - Filling up the DagBag from /opt/airflow/dags/pipeline.py
[2026-05-25T16:44:25.455+0000] {processor.py:925} INFO - DAG(s) 'lastfm_pipeline' retrieved from /opt/airflow/dags/pipeline.py
[2026-05-25T16:44:25.478+0000] {logging_mixin.py:190} INFO - [2026-05-25T16:44:25.478+0000] {dag.py:3239} INFO - Sync 1 DAGs
[2026-05-25T16:44:25.496+0000] {logging_mixin.py:190} INFO - [2026-05-25T16:44:25.496+0000] {dag.py:4180} INFO - Setting next_dagrun for lastfm_pipeline to 2026-05-24 00:00:00+00:00, run_after=2026-05-25 00:00:00+00:00
[2026-05-25T16:44:25.510+0000] {processor.py:208} INFO - Processing /opt/airflow/dags/pipeline.py took 0.072 seconds
[2026-05-25T16:44:55.619+0000] {processor.py:186} INFO - Started process (PID=300) to work on /opt/airflow/dags/pipeline.py
[2026-05-25T16:44:55.620+0000] {processor.py:914} INFO - Processing file /opt/airflow/dags/pipeline.py for tasks to queue
[2026-05-25T16:44:55.621+0000] {logging_mixin.py:190} INFO - [2026-05-25T16:44:55.621+0000] {dagbag.py:588} INFO - Filling up the DagBag from /opt/airflow/dags/pipeline.py
[2026-05-25T16:44:55.636+0000] {processor.py:925} INFO - DAG(s) 'lastfm_pipeline' retrieved from /opt/airflow/dags/pipeline.py
[2026-05-25T16:44:55.661+0000] {logging_mixin.py:190} INFO - [2026-05-25T16:44:55.661+0000] {dag.py:3239} INFO - Sync 1 DAGs
[2026-05-25T16:44:55.690+0000] {logging_mixin.py:190} INFO - [2026-05-25T16:44:55.690+0000] {dag.py:4180} INFO - Setting next_dagrun for lastfm_pipeline to 2026-05-24 00:00:00+00:00, run_after=2026-05-25 00:00:00+00:00
[2026-05-25T16:44:55.703+0000] {processor.py:208} INFO - Processing /opt/airflow/dags/pipeline.py took 0.091 seconds
[2026-05-25T16:45:25.785+0000] {processor.py:186} INFO - Started process (PID=305) to work on /opt/airflow/dags/pipeline.py
[2026-05-25T16:45:25.785+0000] {processor.py:914} INFO - Processing file /opt/airflow/dags/pipeline.py for tasks to queue
[2026-05-25T16:45:25.787+0000] {logging_mixin.py:190} INFO - [2026-05-25T16:45:25.787+0000] {dagbag.py:588} INFO - Filling up the DagBag from /opt/airflow/dags/pipeline.py
[2026-05-25T16:45:25.799+0000] {processor.py:925} INFO - DAG(s) 'lastfm_pipeline' retrieved from /opt/airflow/dags/pipeline.py
[2026-05-25T16:45:25.822+0000] {logging_mixin.py:190} INFO - [2026-05-25T16:45:25.822+0000] {dag.py:3239} INFO - Sync 1 DAGs
[2026-05-25T16:45:25.841+0000] {logging_mixin.py:190} INFO - [2026-05-25T16:45:25.841+0000] {dag.py:4180} INFO - Setting next_dagrun for lastfm_pipeline to 2026-05-24 00:00:00+00:00, run_after=2026-05-25 00:00:00+00:00
[2026-05-25T16:45:25.854+0000] {processor.py:208} INFO - Processing /opt/airflow/dags/pipeline.py took 0.075 seconds
[2026-05-25T16:45:55.970+0000] {processor.py:186} INFO - Started process (PID=310) to work on /opt/airflow/dags/pipeline.py
[2026-05-25T16:45:55.970+0000] {processor.py:914} INFO - Processing file /opt/airflow/dags/pipeline.py for tasks to queue
[2026-05-25T16:45:55.972+0000] {logging_mixin.py:190} INFO - [2026-05-25T16:45:55.972+0000] {dagbag.py:588} INFO - Filling up the DagBag from /opt/airflow/dags/pipeline.py
[2026-05-25T16:45:55.984+0000] {processor.py:925} INFO - DAG(s) 'lastfm_pipeline' retrieved from /opt/airflow/dags/pipeline.py
[2026-05-25T16:45:56.006+0000] {logging_mixin.py:190} INFO - [2026-05-25T16:45:56.006+0000] {dag.py:3239} INFO - Sync 1 DAGs
[2026-05-25T16:45:56.023+0000] {logging_mixin.py:190} INFO - [2026-05-25T16:45:56.023+0000] {dag.py:4180} INFO - Setting next_dagrun for lastfm_pipeline to 2026-05-24 00:00:00+00:00, run_after=2026-05-25 00:00:00+00:00
[2026-05-25T16:45:56.036+0000] {processor.py:208} INFO - Processing /opt/airflow/dags/pipeline.py took 0.070 seconds
[2026-05-25T16:46:26.144+0000] {processor.py:186} INFO - Started process (PID=315) to work on /opt/airflow/dags/pipeline.py
[2026-05-25T16:46:26.144+0000] {processor.py:914} INFO - Processing file /opt/airflow/dags/pipeline.py for tasks to queue
[2026-05-25T16:46:26.146+0000] {logging_mixin.py:190} INFO - [2026-05-25T16:46:26.146+0000] {dagbag.py:588} INFO - Filling up the DagBag from /opt/airflow/dags/pipeline.py
[2026-05-25T16:46:26.160+0000] {processor.py:925} INFO - DAG(s) 'lastfm_pipeline' retrieved from /opt/airflow/dags/pipeline.py
[2026-05-25T16:46:26.185+0000] {logging_mixin.py:190} INFO - [2026-05-25T16:46:26.185+0000] {dag.py:3239} INFO - Sync 1 DAGs
[2026-05-25T16:46:26.204+0000] {logging_mixin.py:190} INFO - [2026-05-25T16:46:26.204+0000] {dag.py:4180} INFO - Setting next_dagrun for lastfm_pipeline to 2026-05-24 00:00:00+00:00, run_after=2026-05-25 00:00:00+00:00
[2026-05-25T16:46:26.219+0000] {processor.py:208} INFO - Processing /opt/airflow/dags/pipeline.py took 0.079 seconds
[2026-05-25T16:46:56.309+0000] {processor.py:186} INFO - Started process (PID=320) to work on /opt/airflow/dags/pipeline.py
[2026-05-25T16:46:56.310+0000] {processor.py:914} INFO - Processing file /opt/airflow/dags/pipeline.py for tasks to queue
[2026-05-25T16:46:56.312+0000] {logging_mixin.py:190} INFO - [2026-05-25T16:46:56.312+0000] {dagbag.py:588} INFO - Filling up the DagBag from /opt/airflow/dags/pipeline.py
[2026-05-25T16:46:56.329+0000] {processor.py:925} INFO - DAG(s) 'lastfm_pipeline' retrieved from /opt/airflow/dags/pipeline.py
[2026-05-25T16:46:56.351+0000] {logging_mixin.py:190} INFO - [2026-05-25T16:46:56.351+0000] {dag.py:3239} INFO - Sync 1 DAGs
[2026-05-25T16:46:56.370+0000] {logging_mixin.py:190} INFO - [2026-05-25T16:46:56.370+0000] {dag.py:4180} INFO - Setting next_dagrun for lastfm_pipeline to 2026-05-24 00:00:00+00:00, run_after=2026-05-25 00:00:00+00:00
[2026-05-25T16:46:56.383+0000] {processor.py:208} INFO - Processing /opt/airflow/dags/pipeline.py took 0.078 seconds
[2026-05-25T16:47:26.493+0000] {processor.py:186} INFO - Started process (PID=325) to work on /opt/airflow/dags/pipeline.py
[2026-05-25T16:47:26.494+0000] {processor.py:914} INFO - Processing file /opt/airflow/dags/pipeline.py for tasks to queue
[2026-05-25T16:47:26.495+0000] {logging_mixin.py:190} INFO - [2026-05-25T16:47:26.495+0000] {dagbag.py:588} INFO - Filling up the DagBag from /opt/airflow/dags/pipeline.py
[2026-05-25T16:47:26.512+0000] {processor.py:925} INFO - DAG(s) 'lastfm_pipeline' retrieved from /opt/airflow/dags/pipeline.py
[2026-05-25T16:47:26.533+0000] {logging_mixin.py:190} INFO - [2026-05-25T16:47:26.533+0000] {dag.py:3239} INFO - Sync 1 DAGs
[2026-05-25T16:47:26.552+0000] {logging_mixin.py:190} INFO - [2026-05-25T16:47:26.552+0000] {dag.py:4180} INFO - Setting next_dagrun for lastfm_pipeline to 2026-05-24 00:00:00+00:00, run_after=2026-05-25 00:00:00+00:00
[2026-05-25T16:47:26.564+0000] {processor.py:208} INFO - Processing /opt/airflow/dags/pipeline.py took 0.075 seconds
[2026-05-25T16:47:56.646+0000] {processor.py:186} INFO - Started process (PID=330) to work on /opt/airflow/dags/pipeline.py
[2026-05-25T16:47:56.649+0000] {processor.py:914} INFO - Processing file /opt/airflow/dags/pipeline.py for tasks to queue
[2026-05-25T16:47:56.651+0000] {logging_mixin.py:190} INFO - [2026-05-25T16:47:56.651+0000] {dagbag.py:588} INFO - Filling up the DagBag from /opt/airflow/dags/pipeline.py
[2026-05-25T16:47:56.663+0000] {processor.py:925} INFO - DAG(s) 'lastfm_pipeline' retrieved from /opt/airflow/dags/pipeline.py
[2026-05-25T16:47:56.690+0000] {logging_mixin.py:190} INFO - [2026-05-25T16:47:56.690+0000] {dag.py:3239} INFO - Sync 1 DAGs
[2026-05-25T16:47:56.708+0000] {logging_mixin.py:190} INFO - [2026-05-25T16:47:56.708+0000] {dag.py:4180} INFO - Setting next_dagrun for lastfm_pipeline to 2026-05-24 00:00:00+00:00, run_after=2026-05-25 00:00:00+00:00
[2026-05-25T16:47:56.721+0000] {processor.py:208} INFO - Processing /opt/airflow/dags/pipeline.py took 0.080 seconds
[2026-05-25T16:48:26.839+0000] {processor.py:186} INFO - Started process (PID=335) to work on /opt/airflow/dags/pipeline.py
[2026-05-25T16:48:26.839+0000] {processor.py:914} INFO - Processing file /opt/airflow/dags/pipeline.py for tasks to queue
[2026-05-25T16:48:26.840+0000] {logging_mixin.py:190} INFO - [2026-05-25T16:48:26.840+0000] {dagbag.py:588} INFO - Filling up the DagBag from /opt/airflow/dags/pipeline.py
[2026-05-25T16:48:26.852+0000] {processor.py:925} INFO - DAG(s) 'lastfm_pipeline' retrieved from /opt/airflow/dags/pipeline.py
[2026-05-25T16:48:26.872+0000] {logging_mixin.py:190} INFO - [2026-05-25T16:48:26.872+0000] {dag.py:3239} INFO - Sync 1 DAGs
[2026-05-25T16:48:26.889+0000] {logging_mixin.py:190} INFO - [2026-05-25T16:48:26.889+0000] {dag.py:4180} INFO - Setting next_dagrun for lastfm_pipeline to 2026-05-24 00:00:00+00:00, run_after=2026-05-25 00:00:00+00:00
[2026-05-25T16:48:26.901+0000] {processor.py:208} INFO - Processing /opt/airflow/dags/pipeline.py took 0.066 seconds
[2026-05-25T16:48:56.996+0000] {processor.py:186} INFO - Started process (PID=340) to work on /opt/airflow/dags/pipeline.py
[2026-05-25T16:48:56.999+0000] {processor.py:914} INFO - Processing file /opt/airflow/dags/pipeline.py for tasks to queue
[2026-05-25T16:48:57.001+0000] {logging_mixin.py:190} INFO - [2026-05-25T16:48:57.001+0000] {dagbag.py:588} INFO - Filling up the DagBag from /opt/airflow/dags/pipeline.py
[2026-05-25T16:48:57.012+0000] {processor.py:925} INFO - DAG(s) 'lastfm_pipeline' retrieved from /opt/airflow/dags/pipeline.py
[2026-05-25T16:48:57.033+0000] {logging_mixin.py:190} INFO - [2026-05-25T16:48:57.032+0000] {dag.py:3239} INFO - Sync 1 DAGs
[2026-05-25T16:48:57.050+0000] {logging_mixin.py:190} INFO - [2026-05-25T16:48:57.049+0000] {dag.py:4180} INFO - Setting next_dagrun for lastfm_pipeline to 2026-05-24 00:00:00+00:00, run_after=2026-05-25 00:00:00+00:00
[2026-05-25T16:48:57.061+0000] {processor.py:208} INFO - Processing /opt/airflow/dags/pipeline.py took 0.068 seconds
[2026-05-25T16:49:27.171+0000] {processor.py:186} INFO - Started process (PID=345) to work on /opt/airflow/dags/pipeline.py
[2026-05-25T16:49:27.171+0000] {processor.py:914} INFO - Processing file /opt/airflow/dags/pipeline.py for tasks to queue
[2026-05-25T16:49:27.173+0000] {logging_mixin.py:190} INFO - [2026-05-25T16:49:27.173+0000] {dagbag.py:588} INFO - Filling up the DagBag from /opt/airflow/dags/pipeline.py
[2026-05-25T16:49:27.184+0000] {processor.py:925} INFO - DAG(s) 'lastfm_pipeline' retrieved from /opt/airflow/dags/pipeline.py
[2026-05-25T16:49:27.203+0000] {logging_mixin.py:190} INFO - [2026-05-25T16:49:27.203+0000] {dag.py:3239} INFO - Sync 1 DAGs
[2026-05-25T16:49:27.221+0000] {logging_mixin.py:190} INFO - [2026-05-25T16:49:27.221+0000] {dag.py:4180} INFO - Setting next_dagrun for lastfm_pipeline to 2026-05-24 00:00:00+00:00, run_after=2026-05-25 00:00:00+00:00
[2026-05-25T16:49:27.233+0000] {processor.py:208} INFO - Processing /opt/airflow/dags/pipeline.py took 0.066 seconds
[2026-05-25T16:49:57.328+0000] {processor.py:186} INFO - Started process (PID=350) to work on /opt/airflow/dags/pipeline.py
[2026-05-25T16:49:57.329+0000] {processor.py:914} INFO - Processing file /opt/airflow/dags/pipeline.py for tasks to queue
[2026-05-25T16:49:57.331+0000] {logging_mixin.py:190} INFO - [2026-05-25T16:49:57.330+0000] {dagbag.py:588} INFO - Filling up the DagBag from /opt/airflow/dags/pipeline.py
[2026-05-25T16:49:57.341+0000] {processor.py:925} INFO - DAG(s) 'lastfm_pipeline' retrieved from /opt/airflow/dags/pipeline.py
[2026-05-25T16:49:57.362+0000] {logging_mixin.py:190} INFO - [2026-05-25T16:49:57.362+0000] {dag.py:3239} INFO - Sync 1 DAGs
[2026-05-25T16:49:57.379+0000] {logging_mixin.py:190} INFO - [2026-05-25T16:49:57.379+0000] {dag.py:4180} INFO - Setting next_dagrun for lastfm_pipeline to 2026-05-24 00:00:00+00:00, run_after=2026-05-25 00:00:00+00:00
[2026-05-25T16:49:57.390+0000] {processor.py:208} INFO - Processing /opt/airflow/dags/pipeline.py took 0.066 seconds
[2026-05-25T16:50:27.498+0000] {processor.py:186} INFO - Started process (PID=355) to work on /opt/airflow/dags/pipeline.py
[2026-05-25T16:50:27.498+0000] {processor.py:914} INFO - Processing file /opt/airflow/dags/pipeline.py for tasks to queue
[2026-05-25T16:50:27.500+0000] {logging_mixin.py:190} INFO - [2026-05-25T16:50:27.500+0000] {dagbag.py:588} INFO - Filling up the DagBag from /opt/airflow/dags/pipeline.py
[2026-05-25T16:50:27.511+0000] {processor.py:925} INFO - DAG(s) 'lastfm_pipeline' retrieved from /opt/airflow/dags/pipeline.py
[2026-05-25T16:50:27.530+0000] {logging_mixin.py:190} INFO - [2026-05-25T16:50:27.530+0000] {dag.py:3239} INFO - Sync 1 DAGs
[2026-05-25T16:50:27.548+0000] {logging_mixin.py:190} INFO - [2026-05-25T16:50:27.548+0000] {dag.py:4180} INFO - Setting next_dagrun for lastfm_pipeline to 2026-05-24 00:00:00+00:00, run_after=2026-05-25 00:00:00+00:00
[2026-05-25T16:50:27.560+0000] {processor.py:208} INFO - Processing /opt/airflow/dags/pipeline.py took 0.066 seconds
[2026-05-25T16:50:57.662+0000] {processor.py:186} INFO - Started process (PID=360) to work on /opt/airflow/dags/pipeline.py
[2026-05-25T16:50:57.664+0000] {processor.py:914} INFO - Processing file /opt/airflow/dags/pipeline.py for tasks to queue
[2026-05-25T16:50:57.666+0000] {logging_mixin.py:190} INFO - [2026-05-25T16:50:57.666+0000] {dagbag.py:588} INFO - Filling up the DagBag from /opt/airflow/dags/pipeline.py
[2026-05-25T16:50:57.676+0000] {processor.py:925} INFO - DAG(s) 'lastfm_pipeline' retrieved from /opt/airflow/dags/pipeline.py
[2026-05-25T16:50:57.697+0000] {logging_mixin.py:190} INFO - [2026-05-25T16:50:57.697+0000] {dag.py:3239} INFO - Sync 1 DAGs
[2026-05-25T16:50:57.713+0000] {logging_mixin.py:190} INFO - [2026-05-25T16:50:57.713+0000] {dag.py:4180} INFO - Setting next_dagrun for lastfm_pipeline to 2026-05-24 00:00:00+00:00, run_after=2026-05-25 00:00:00+00:00
[2026-05-25T16:50:57.725+0000] {processor.py:208} INFO - Processing /opt/airflow/dags/pipeline.py took 0.067 seconds
[2026-05-25T16:51:27.832+0000] {processor.py:186} INFO - Started process (PID=365) to work on /opt/airflow/dags/pipeline.py
[2026-05-25T16:51:27.833+0000] {processor.py:914} INFO - Processing file /opt/airflow/dags/pipeline.py for tasks to queue
[2026-05-25T16:51:27.835+0000] {logging_mixin.py:190} INFO - [2026-05-25T16:51:27.835+0000] {dagbag.py:588} INFO - Filling up the DagBag from /opt/airflow/dags/pipeline.py
[2026-05-25T16:51:27.846+0000] {processor.py:925} INFO - DAG(s) 'lastfm_pipeline' retrieved from /opt/airflow/dags/pipeline.py
[2026-05-25T16:51:27.865+0000] {logging_mixin.py:190} INFO - [2026-05-25T16:51:27.865+0000] {dag.py:3239} INFO - Sync 1 DAGs
[2026-05-25T16:51:27.882+0000] {logging_mixin.py:190} INFO - [2026-05-25T16:51:27.882+0000] {dag.py:4180} INFO - Setting next_dagrun for lastfm_pipeline to 2026-05-24 00:00:00+00:00, run_after=2026-05-25 00:00:00+00:00
[2026-05-25T16:51:27.895+0000] {processor.py:208} INFO - Processing /opt/airflow/dags/pipeline.py took 0.067 seconds
[2026-05-25T16:51:57.993+0000] {processor.py:186} INFO - Started process (PID=370) to work on /opt/airflow/dags/pipeline.py
[2026-05-25T16:51:57.995+0000] {processor.py:914} INFO - Processing file /opt/airflow/dags/pipeline.py for tasks to queue
[2026-05-25T16:51:57.997+0000] {logging_mixin.py:190} INFO - [2026-05-25T16:51:57.997+0000] {dagbag.py:588} INFO - Filling up the DagBag from /opt/airflow/dags/pipeline.py
[2026-05-25T16:51:58.007+0000] {processor.py:925} INFO - DAG(s) 'lastfm_pipeline' retrieved from /opt/airflow/dags/pipeline.py
[2026-05-25T16:51:58.028+0000] {logging_mixin.py:190} INFO - [2026-05-25T16:51:58.028+0000] {dag.py:3239} INFO - Sync 1 DAGs
[2026-05-25T16:51:58.044+0000] {logging_mixin.py:190} INFO - [2026-05-25T16:51:58.044+0000] {dag.py:4180} INFO - Setting next_dagrun for lastfm_pipeline to 2026-05-24 00:00:00+00:00, run_after=2026-05-25 00:00:00+00:00
[2026-05-25T16:51:58.057+0000] {processor.py:208} INFO - Processing /opt/airflow/dags/pipeline.py took 0.069 seconds
[2026-05-25T16:52:28.172+0000] {processor.py:186} INFO - Started process (PID=375) to work on /opt/airflow/dags/pipeline.py
[2026-05-25T16:52:28.172+0000] {processor.py:914} INFO - Processing file /opt/airflow/dags/pipeline.py for tasks to queue
[2026-05-25T16:52:28.174+0000] {logging_mixin.py:190} INFO - [2026-05-25T16:52:28.174+0000] {dagbag.py:588} INFO - Filling up the DagBag from /opt/airflow/dags/pipeline.py
[2026-05-25T16:52:28.185+0000] {processor.py:925} INFO - DAG(s) 'lastfm_pipeline' retrieved from /opt/airflow/dags/pipeline.py
[2026-05-25T16:52:28.205+0000] {logging_mixin.py:190} INFO - [2026-05-25T16:52:28.204+0000] {dag.py:3239} INFO - Sync 1 DAGs
[2026-05-25T16:52:28.222+0000] {logging_mixin.py:190} INFO - [2026-05-25T16:52:28.221+0000] {dag.py:4180} INFO - Setting next_dagrun for lastfm_pipeline to 2026-05-24 00:00:00+00:00, run_after=2026-05-25 00:00:00+00:00
[2026-05-25T16:52:28.234+0000] {processor.py:208} INFO - Processing /opt/airflow/dags/pipeline.py took 0.066 seconds
[2026-05-25T16:52:58.320+0000] {processor.py:186} INFO - Started process (PID=380) to work on /opt/airflow/dags/pipeline.py
[2026-05-25T16:52:58.323+0000] {processor.py:914} INFO - Processing file /opt/airflow/dags/pipeline.py for tasks to queue
[2026-05-25T16:52:58.324+0000] {logging_mixin.py:190} INFO - [2026-05-25T16:52:58.324+0000] {dagbag.py:588} INFO - Filling up the DagBag from /opt/airflow/dags/pipeline.py
[2026-05-25T16:52:58.336+0000] {processor.py:925} INFO - DAG(s) 'lastfm_pipeline' retrieved from /opt/airflow/dags/pipeline.py
[2026-05-25T16:52:58.356+0000] {logging_mixin.py:190} INFO - [2026-05-25T16:52:58.356+0000] {dag.py:3239} INFO - Sync 1 DAGs
[2026-05-25T16:52:58.374+0000] {logging_mixin.py:190} INFO - [2026-05-25T16:52:58.374+0000] {dag.py:4180} INFO - Setting next_dagrun for lastfm_pipeline to 2026-05-24 00:00:00+00:00, run_after=2026-05-25 00:00:00+00:00
[2026-05-25T16:52:58.385+0000] {processor.py:208} INFO - Processing /opt/airflow/dags/pipeline.py took 0.069 seconds
[2026-05-25T16:53:28.502+0000] {processor.py:186} INFO - Started process (PID=385) to work on /opt/airflow/dags/pipeline.py
[2026-05-25T16:53:28.503+0000] {processor.py:914} INFO - Processing file /opt/airflow/dags/pipeline.py for tasks to queue
[2026-05-25T16:53:28.504+0000] {logging_mixin.py:190} INFO - [2026-05-25T16:53:28.504+0000] {dagbag.py:588} INFO - Filling up the DagBag from /opt/airflow/dags/pipeline.py
[2026-05-25T16:53:28.522+0000] {processor.py:925} INFO - DAG(s) 'lastfm_pipeline' retrieved from /opt/airflow/dags/pipeline.py
[2026-05-25T16:53:28.549+0000] {logging_mixin.py:190} INFO - [2026-05-25T16:53:28.548+0000] {dag.py:3239} INFO - Sync 1 DAGs
[2026-05-25T16:53:28.574+0000] {logging_mixin.py:190} INFO - [2026-05-25T16:53:28.574+0000] {dag.py:4180} INFO - Setting next_dagrun for lastfm_pipeline to 2026-05-24 00:00:00+00:00, run_after=2026-05-25 00:00:00+00:00
[2026-05-25T16:53:28.590+0000] {processor.py:208} INFO - Processing /opt/airflow/dags/pipeline.py took 0.092 seconds
[2026-05-25T16:53:58.654+0000] {processor.py:186} INFO - Started process (PID=390) to work on /opt/airflow/dags/pipeline.py
[2026-05-25T16:53:58.657+0000] {processor.py:914} INFO - Processing file /opt/airflow/dags/pipeline.py for tasks to queue
[2026-05-25T16:53:58.659+0000] {logging_mixin.py:190} INFO - [2026-05-25T16:53:58.659+0000] {dagbag.py:588} INFO - Filling up the DagBag from /opt/airflow/dags/pipeline.py
[2026-05-25T16:53:58.669+0000] {processor.py:925} INFO - DAG(s) 'lastfm_pipeline' retrieved from /opt/airflow/dags/pipeline.py
[2026-05-25T16:53:58.691+0000] {logging_mixin.py:190} INFO - [2026-05-25T16:53:58.690+0000] {dag.py:3239} INFO - Sync 1 DAGs
[2026-05-25T16:53:58.709+0000] {logging_mixin.py:190} INFO - [2026-05-25T16:53:58.709+0000] {dag.py:4180} INFO - Setting next_dagrun for lastfm_pipeline to 2026-05-24 00:00:00+00:00, run_after=2026-05-25 00:00:00+00:00
[2026-05-25T16:53:58.721+0000] {processor.py:208} INFO - Processing /opt/airflow/dags/pipeline.py took 0.071 seconds
[2026-05-25T16:54:28.854+0000] {processor.py:186} INFO - Started process (PID=395) to work on /opt/airflow/dags/pipeline.py
[2026-05-25T16:54:28.855+0000] {processor.py:914} INFO - Processing file /opt/airflow/dags/pipeline.py for tasks to queue
[2026-05-25T16:54:28.857+0000] {logging_mixin.py:190} INFO - [2026-05-25T16:54:28.856+0000] {dagbag.py:588} INFO - Filling up the DagBag from /opt/airflow/dags/pipeline.py
[2026-05-25T16:54:28.868+0000] {processor.py:925} INFO - DAG(s) 'lastfm_pipeline' retrieved from /opt/airflow/dags/pipeline.py
[2026-05-25T16:54:28.889+0000] {logging_mixin.py:190} INFO - [2026-05-25T16:54:28.888+0000] {dag.py:3239} INFO - Sync 1 DAGs
[2026-05-25T16:54:28.905+0000] {logging_mixin.py:190} INFO - [2026-05-25T16:54:28.905+0000] {dag.py:4180} INFO - Setting next_dagrun for lastfm_pipeline to 2026-05-24 00:00:00+00:00, run_after=2026-05-25 00:00:00+00:00
[2026-05-25T16:54:28.917+0000] {processor.py:208} INFO - Processing /opt/airflow/dags/pipeline.py took 0.067 seconds
[2026-05-25T16:54:58.996+0000] {processor.py:186} INFO - Started process (PID=400) to work on /opt/airflow/dags/pipeline.py
[2026-05-25T16:54:58.998+0000] {processor.py:914} INFO - Processing file /opt/airflow/dags/pipeline.py for tasks to queue
[2026-05-25T16:54:59.000+0000] {logging_mixin.py:190} INFO - [2026-05-25T16:54:58.999+0000] {dagbag.py:588} INFO - Filling up the DagBag from /opt/airflow/dags/pipeline.py
[2026-05-25T16:54:59.010+0000] {processor.py:925} INFO - DAG(s) 'lastfm_pipeline' retrieved from /opt/airflow/dags/pipeline.py
[2026-05-25T16:54:59.031+0000] {logging_mixin.py:190} INFO - [2026-05-25T16:54:59.031+0000] {dag.py:3239} INFO - Sync 1 DAGs
[2026-05-25T16:54:59.048+0000] {logging_mixin.py:190} INFO - [2026-05-25T16:54:59.048+0000] {dag.py:4180} INFO - Setting next_dagrun for lastfm_pipeline to 2026-05-24 00:00:00+00:00, run_after=2026-05-25 00:00:00+00:00
[2026-05-25T16:54:59.061+0000] {processor.py:208} INFO - Processing /opt/airflow/dags/pipeline.py took 0.069 seconds
[2026-05-25T16:55:29.192+0000] {processor.py:186} INFO - Started process (PID=405) to work on /opt/airflow/dags/pipeline.py
[2026-05-25T16:55:29.192+0000] {processor.py:914} INFO - Processing file /opt/airflow/dags/pipeline.py for tasks to queue
[2026-05-25T16:55:29.194+0000] {logging_mixin.py:190} INFO - [2026-05-25T16:55:29.193+0000] {dagbag.py:588} INFO - Filling up the DagBag from /opt/airflow/dags/pipeline.py
[2026-05-25T16:55:29.204+0000] {processor.py:925} INFO - DAG(s) 'lastfm_pipeline' retrieved from /opt/airflow/dags/pipeline.py
[2026-05-25T16:55:29.226+0000] {logging_mixin.py:190} INFO - [2026-05-25T16:55:29.226+0000] {dag.py:3239} INFO - Sync 1 DAGs
[2026-05-25T16:55:29.243+0000] {logging_mixin.py:190} INFO - [2026-05-25T16:55:29.243+0000] {dag.py:4180} INFO - Setting next_dagrun for lastfm_pipeline to 2026-05-24 00:00:00+00:00, run_after=2026-05-25 00:00:00+00:00
[2026-05-25T16:55:29.255+0000] {processor.py:208} INFO - Processing /opt/airflow/dags/pipeline.py took 0.069 seconds
[2026-05-25T16:55:59.335+0000] {processor.py:186} INFO - Started process (PID=410) to work on /opt/airflow/dags/pipeline.py
[2026-05-25T16:55:59.337+0000] {processor.py:914} INFO - Processing file /opt/airflow/dags/pipeline.py for tasks to queue
[2026-05-25T16:55:59.339+0000] {logging_mixin.py:190} INFO - [2026-05-25T16:55:59.339+0000] {dagbag.py:588} INFO - Filling up the DagBag from /opt/airflow/dags/pipeline.py
[2026-05-25T16:55:59.350+0000] {processor.py:925} INFO - DAG(s) 'lastfm_pipeline' retrieved from /opt/airflow/dags/pipeline.py
[2026-05-25T16:55:59.373+0000] {logging_mixin.py:190} INFO - [2026-05-25T16:55:59.373+0000] {dag.py:3239} INFO - Sync 1 DAGs
[2026-05-25T16:55:59.390+0000] {logging_mixin.py:190} INFO - [2026-05-25T16:55:59.389+0000] {dag.py:4180} INFO - Setting next_dagrun for lastfm_pipeline to 2026-05-24 00:00:00+00:00, run_after=2026-05-25 00:00:00+00:00
[2026-05-25T16:55:59.403+0000] {processor.py:208} INFO - Processing /opt/airflow/dags/pipeline.py took 0.073 seconds
[2026-05-25T16:56:29.524+0000] {processor.py:186} INFO - Started process (PID=415) to work on /opt/airflow/dags/pipeline.py
[2026-05-25T16:56:29.524+0000] {processor.py:914} INFO - Processing file /opt/airflow/dags/pipeline.py for tasks to queue
[2026-05-25T16:56:29.525+0000] {logging_mixin.py:190} INFO - [2026-05-25T16:56:29.525+0000] {dagbag.py:588} INFO - Filling up the DagBag from /opt/airflow/dags/pipeline.py
[2026-05-25T16:56:29.536+0000] {processor.py:925} INFO - DAG(s) 'lastfm_pipeline' retrieved from /opt/airflow/dags/pipeline.py
[2026-05-25T16:56:29.558+0000] {logging_mixin.py:190} INFO - [2026-05-25T16:56:29.558+0000] {dag.py:3239} INFO - Sync 1 DAGs
[2026-05-25T16:56:29.576+0000] {logging_mixin.py:190} INFO - [2026-05-25T16:56:29.576+0000] {dag.py:4180} INFO - Setting next_dagrun for lastfm_pipeline to 2026-05-24 00:00:00+00:00, run_after=2026-05-25 00:00:00+00:00
[2026-05-25T16:56:29.589+0000] {processor.py:208} INFO - Processing /opt/airflow/dags/pipeline.py took 0.069 seconds
[2026-05-25T16:56:59.668+0000] {processor.py:186} INFO - Started process (PID=420) to work on /opt/airflow/dags/pipeline.py
[2026-05-25T16:56:59.670+0000] {processor.py:914} INFO - Processing file /opt/airflow/dags/pipeline.py for tasks to queue
[2026-05-25T16:56:59.672+0000] {logging_mixin.py:190} INFO - [2026-05-25T16:56:59.672+0000] {dagbag.py:588} INFO - Filling up the DagBag from /opt/airflow/dags/pipeline.py
[2026-05-25T16:56:59.683+0000] {processor.py:925} INFO - DAG(s) 'lastfm_pipeline' retrieved from /opt/airflow/dags/pipeline.py
[2026-05-25T16:56:59.705+0000] {logging_mixin.py:190} INFO - [2026-05-25T16:56:59.704+0000] {dag.py:3239} INFO - Sync 1 DAGs
[2026-05-25T16:56:59.723+0000] {logging_mixin.py:190} INFO - [2026-05-25T16:56:59.723+0000] {dag.py:4180} INFO - Setting next_dagrun for lastfm_pipeline to 2026-05-24 00:00:00+00:00, run_after=2026-05-25 00:00:00+00:00
[2026-05-25T16:56:59.736+0000] {processor.py:208} INFO - Processing /opt/airflow/dags/pipeline.py took 0.073 seconds
[2026-05-25T16:57:29.863+0000] {processor.py:186} INFO - Started process (PID=425) to work on /opt/airflow/dags/pipeline.py
[2026-05-25T16:57:29.864+0000] {processor.py:914} INFO - Processing file /opt/airflow/dags/pipeline.py for tasks to queue
[2026-05-25T16:57:29.865+0000] {logging_mixin.py:190} INFO - [2026-05-25T16:57:29.865+0000] {dagbag.py:588} INFO - Filling up the DagBag from /opt/airflow/dags/pipeline.py
[2026-05-25T16:57:29.876+0000] {processor.py:925} INFO - DAG(s) 'lastfm_pipeline' retrieved from /opt/airflow/dags/pipeline.py
[2026-05-25T16:57:29.895+0000] {logging_mixin.py:190} INFO - [2026-05-25T16:57:29.895+0000] {dag.py:3239} INFO - Sync 1 DAGs
[2026-05-25T16:57:29.913+0000] {logging_mixin.py:190} INFO - [2026-05-25T16:57:29.913+0000] {dag.py:4180} INFO - Setting next_dagrun for lastfm_pipeline to 2026-05-24 00:00:00+00:00, run_after=2026-05-25 00:00:00+00:00
[2026-05-25T16:57:29.924+0000] {processor.py:208} INFO - Processing /opt/airflow/dags/pipeline.py took 0.064 seconds
[2026-05-25T16:58:00.003+0000] {processor.py:186} INFO - Started process (PID=430) to work on /opt/airflow/dags/pipeline.py
[2026-05-25T16:58:00.006+0000] {processor.py:914} INFO - Processing file /opt/airflow/dags/pipeline.py for tasks to queue
[2026-05-25T16:58:00.008+0000] {logging_mixin.py:190} INFO - [2026-05-25T16:58:00.008+0000] {dagbag.py:588} INFO - Filling up the DagBag from /opt/airflow/dags/pipeline.py
[2026-05-25T16:58:00.019+0000] {processor.py:925} INFO - DAG(s) 'lastfm_pipeline' retrieved from /opt/airflow/dags/pipeline.py
[2026-05-25T16:58:00.040+0000] {logging_mixin.py:190} INFO - [2026-05-25T16:58:00.040+0000] {dag.py:3239} INFO - Sync 1 DAGs
[2026-05-25T16:58:00.058+0000] {logging_mixin.py:190} INFO - [2026-05-25T16:58:00.058+0000] {dag.py:4180} INFO - Setting next_dagrun for lastfm_pipeline to 2026-05-24 00:00:00+00:00, run_after=2026-05-25 00:00:00+00:00
[2026-05-25T16:58:00.070+0000] {processor.py:208} INFO - Processing /opt/airflow/dags/pipeline.py took 0.071 seconds
[2026-05-25T16:58:30.184+0000] {processor.py:186} INFO - Started process (PID=435) to work on /opt/airflow/dags/pipeline.py
[2026-05-25T16:58:30.185+0000] {processor.py:914} INFO - Processing file /opt/airflow/dags/pipeline.py for tasks to queue
[2026-05-25T16:58:30.186+0000] {logging_mixin.py:190} INFO - [2026-05-25T16:58:30.186+0000] {dagbag.py:588} INFO - Filling up the DagBag from /opt/airflow/dags/pipeline.py
[2026-05-25T16:58:30.197+0000] {processor.py:925} INFO - DAG(s) 'lastfm_pipeline' retrieved from /opt/airflow/dags/pipeline.py
[2026-05-25T16:58:30.217+0000] {logging_mixin.py:190} INFO - [2026-05-25T16:58:30.217+0000] {dag.py:3239} INFO - Sync 1 DAGs
[2026-05-25T16:58:30.234+0000] {logging_mixin.py:190} INFO - [2026-05-25T16:58:30.234+0000] {dag.py:4180} INFO - Setting next_dagrun for lastfm_pipeline to 2026-05-24 00:00:00+00:00, run_after=2026-05-25 00:00:00+00:00
[2026-05-25T16:58:30.245+0000] {processor.py:208} INFO - Processing /opt/airflow/dags/pipeline.py took 0.065 seconds
[2026-05-25T16:59:00.325+0000] {processor.py:186} INFO - Started process (PID=440) to work on /opt/airflow/dags/pipeline.py
[2026-05-25T16:59:00.339+0000] {processor.py:914} INFO - Processing file /opt/airflow/dags/pipeline.py for tasks to queue
[2026-05-25T16:59:00.341+0000] {logging_mixin.py:190} INFO - [2026-05-25T16:59:00.341+0000] {dagbag.py:588} INFO - Filling up the DagBag from /opt/airflow/dags/pipeline.py
[2026-05-25T16:59:00.352+0000] {processor.py:925} INFO - DAG(s) 'lastfm_pipeline' retrieved from /opt/airflow/dags/pipeline.py
[2026-05-25T16:59:00.374+0000] {logging_mixin.py:190} INFO - [2026-05-25T16:59:00.374+0000] {dag.py:3239} INFO - Sync 1 DAGs
[2026-05-25T16:59:00.391+0000] {logging_mixin.py:190} INFO - [2026-05-25T16:59:00.391+0000] {dag.py:4180} INFO - Setting next_dagrun for lastfm_pipeline to 2026-05-24 00:00:00+00:00, run_after=2026-05-25 00:00:00+00:00
[2026-05-25T16:59:00.403+0000] {processor.py:208} INFO - Processing /opt/airflow/dags/pipeline.py took 0.082 seconds
[2026-05-25T16:59:30.508+0000] {processor.py:186} INFO - Started process (PID=445) to work on /opt/airflow/dags/pipeline.py
[2026-05-25T16:59:30.509+0000] {processor.py:914} INFO - Processing file /opt/airflow/dags/pipeline.py for tasks to queue
[2026-05-25T16:59:30.510+0000] {logging_mixin.py:190} INFO - [2026-05-25T16:59:30.510+0000] {dagbag.py:588} INFO - Filling up the DagBag from /opt/airflow/dags/pipeline.py
[2026-05-25T16:59:30.522+0000] {processor.py:925} INFO - DAG(s) 'lastfm_pipeline' retrieved from /opt/airflow/dags/pipeline.py
[2026-05-25T16:59:30.542+0000] {logging_mixin.py:190} INFO - [2026-05-25T16:59:30.542+0000] {dag.py:3239} INFO - Sync 1 DAGs
[2026-05-25T16:59:30.558+0000] {logging_mixin.py:190} INFO - [2026-05-25T16:59:30.558+0000] {dag.py:4180} INFO - Setting next_dagrun for lastfm_pipeline to 2026-05-24 00:00:00+00:00, run_after=2026-05-25 00:00:00+00:00
[2026-05-25T16:59:30.571+0000] {processor.py:208} INFO - Processing /opt/airflow/dags/pipeline.py took 0.067 seconds
[2026-05-25T17:00:00.662+0000] {processor.py:186} INFO - Started process (PID=450) to work on /opt/airflow/dags/pipeline.py
[2026-05-25T17:00:00.664+0000] {processor.py:914} INFO - Processing file /opt/airflow/dags/pipeline.py for tasks to queue
[2026-05-25T17:00:00.666+0000] {logging_mixin.py:190} INFO - [2026-05-25T17:00:00.666+0000] {dagbag.py:588} INFO - Filling up the DagBag from /opt/airflow/dags/pipeline.py
[2026-05-25T17:00:00.678+0000] {processor.py:925} INFO - DAG(s) 'lastfm_pipeline' retrieved from /opt/airflow/dags/pipeline.py
[2026-05-25T17:00:00.700+0000] {logging_mixin.py:190} INFO - [2026-05-25T17:00:00.700+0000] {dag.py:3239} INFO - Sync 1 DAGs
[2026-05-25T17:00:00.717+0000] {logging_mixin.py:190} INFO - [2026-05-25T17:00:00.717+0000] {dag.py:4180} INFO - Setting next_dagrun for lastfm_pipeline to 2026-05-24 00:00:00+00:00, run_after=2026-05-25 00:00:00+00:00
[2026-05-25T17:00:00.729+0000] {processor.py:208} INFO - Processing /opt/airflow/dags/pipeline.py took 0.072 seconds
[2026-05-25T17:00:30.839+0000] {processor.py:186} INFO - Started process (PID=455) to work on /opt/airflow/dags/pipeline.py
[2026-05-25T17:00:30.840+0000] {processor.py:914} INFO - Processing file /opt/airflow/dags/pipeline.py for tasks to queue
[2026-05-25T17:00:30.842+0000] {logging_mixin.py:190} INFO - [2026-05-25T17:00:30.842+0000] {dagbag.py:588} INFO - Filling up the DagBag from /opt/airflow/dags/pipeline.py
[2026-05-25T17:00:30.856+0000] {processor.py:925} INFO - DAG(s) 'lastfm_pipeline' retrieved from /opt/airflow/dags/pipeline.py
[2026-05-25T17:00:30.880+0000] {logging_mixin.py:190} INFO - [2026-05-25T17:00:30.879+0000] {dag.py:3239} INFO - Sync 1 DAGs
[2026-05-25T17:00:30.898+0000] {logging_mixin.py:190} INFO - [2026-05-25T17:00:30.898+0000] {dag.py:4180} INFO - Setting next_dagrun for lastfm_pipeline to 2026-05-24 00:00:00+00:00, run_after=2026-05-25 00:00:00+00:00
[2026-05-25T17:00:30.915+0000] {processor.py:208} INFO - Processing /opt/airflow/dags/pipeline.py took 0.081 seconds
[2026-05-25T17:01:00.992+0000] {processor.py:186} INFO - Started process (PID=460) to work on /opt/airflow/dags/pipeline.py
[2026-05-25T17:01:00.993+0000] {processor.py:914} INFO - Processing file /opt/airflow/dags/pipeline.py for tasks to queue
[2026-05-25T17:01:00.995+0000] {logging_mixin.py:190} INFO - [2026-05-25T17:01:00.995+0000] {dagbag.py:588} INFO - Filling up the DagBag from /opt/airflow/dags/pipeline.py
[2026-05-25T17:01:01.006+0000] {processor.py:925} INFO - DAG(s) 'lastfm_pipeline' retrieved from /opt/airflow/dags/pipeline.py
[2026-05-25T17:01:01.028+0000] {logging_mixin.py:190} INFO - [2026-05-25T17:01:01.027+0000] {dag.py:3239} INFO - Sync 1 DAGs
[2026-05-25T17:01:01.043+0000] {logging_mixin.py:190} INFO - [2026-05-25T17:01:01.043+0000] {dag.py:4180} INFO - Setting next_dagrun for lastfm_pipeline to 2026-05-24 00:00:00+00:00, run_after=2026-05-25 00:00:00+00:00
[2026-05-25T17:01:01.054+0000] {processor.py:208} INFO - Processing /opt/airflow/dags/pipeline.py took 0.065 seconds
[2026-05-25T17:01:31.182+0000] {processor.py:186} INFO - Started process (PID=465) to work on /opt/airflow/dags/pipeline.py
[2026-05-25T17:01:31.182+0000] {processor.py:914} INFO - Processing file /opt/airflow/dags/pipeline.py for tasks to queue
[2026-05-25T17:01:31.184+0000] {logging_mixin.py:190} INFO - [2026-05-25T17:01:31.183+0000] {dagbag.py:588} INFO - Filling up the DagBag from /opt/airflow/dags/pipeline.py
[2026-05-25T17:01:31.195+0000] {processor.py:925} INFO - DAG(s) 'lastfm_pipeline' retrieved from /opt/airflow/dags/pipeline.py
[2026-05-25T17:01:31.217+0000] {logging_mixin.py:190} INFO - [2026-05-25T17:01:31.217+0000] {dag.py:3239} INFO - Sync 1 DAGs
[2026-05-25T17:01:31.234+0000] {logging_mixin.py:190} INFO - [2026-05-25T17:01:31.233+0000] {dag.py:4180} INFO - Setting next_dagrun for lastfm_pipeline to 2026-05-24 00:00:00+00:00, run_after=2026-05-25 00:00:00+00:00
[2026-05-25T17:01:31.245+0000] {processor.py:208} INFO - Processing /opt/airflow/dags/pipeline.py took 0.067 seconds
[2026-05-25T17:02:01.326+0000] {processor.py:186} INFO - Started process (PID=470) to work on /opt/airflow/dags/pipeline.py
[2026-05-25T17:02:01.327+0000] {processor.py:914} INFO - Processing file /opt/airflow/dags/pipeline.py for tasks to queue
[2026-05-25T17:02:01.328+0000] {logging_mixin.py:190} INFO - [2026-05-25T17:02:01.328+0000] {dagbag.py:588} INFO - Filling up the DagBag from /opt/airflow/dags/pipeline.py
[2026-05-25T17:02:01.339+0000] {processor.py:925} INFO - DAG(s) 'lastfm_pipeline' retrieved from /opt/airflow/dags/pipeline.py
[2026-05-25T17:02:01.361+0000] {logging_mixin.py:190} INFO - [2026-05-25T17:02:01.361+0000] {dag.py:3239} INFO - Sync 1 DAGs
[2026-05-25T17:02:01.376+0000] {logging_mixin.py:190} INFO - [2026-05-25T17:02:01.376+0000] {dag.py:4180} INFO - Setting next_dagrun for lastfm_pipeline to 2026-05-24 00:00:00+00:00, run_after=2026-05-25 00:00:00+00:00
[2026-05-25T17:02:01.388+0000] {processor.py:208} INFO - Processing /opt/airflow/dags/pipeline.py took 0.065 seconds
[2026-05-25T17:02:31.528+0000] {processor.py:186} INFO - Started process (PID=475) to work on /opt/airflow/dags/pipeline.py
[2026-05-25T17:02:31.529+0000] {processor.py:914} INFO - Processing file /opt/airflow/dags/pipeline.py for tasks to queue
[2026-05-25T17:02:31.531+0000] {logging_mixin.py:190} INFO - [2026-05-25T17:02:31.531+0000] {dagbag.py:588} INFO - Filling up the DagBag from /opt/airflow/dags/pipeline.py
[2026-05-25T17:02:31.544+0000] {processor.py:925} INFO - DAG(s) 'lastfm_pipeline' retrieved from /opt/airflow/dags/pipeline.py
[2026-05-25T17:02:31.567+0000] {logging_mixin.py:190} INFO - [2026-05-25T17:02:31.567+0000] {dag.py:3239} INFO - Sync 1 DAGs
[2026-05-25T17:02:31.585+0000] {logging_mixin.py:190} INFO - [2026-05-25T17:02:31.585+0000] {dag.py:4180} INFO - Setting next_dagrun for lastfm_pipeline to 2026-05-24 00:00:00+00:00, run_after=2026-05-25 00:00:00+00:00
[2026-05-25T17:02:31.598+0000] {processor.py:208} INFO - Processing /opt/airflow/dags/pipeline.py took 0.074 seconds
[2026-05-25T17:03:01.666+0000] {processor.py:186} INFO - Started process (PID=480) to work on /opt/airflow/dags/pipeline.py
[2026-05-25T17:03:01.666+0000] {processor.py:914} INFO - Processing file /opt/airflow/dags/pipeline.py for tasks to queue
[2026-05-25T17:03:01.668+0000] {logging_mixin.py:190} INFO - [2026-05-25T17:03:01.668+0000] {dagbag.py:588} INFO - Filling up the DagBag from /opt/airflow/dags/pipeline.py
[2026-05-25T17:03:01.682+0000] {processor.py:925} INFO - DAG(s) 'lastfm_pipeline' retrieved from /opt/airflow/dags/pipeline.py
[2026-05-25T17:03:01.706+0000] {logging_mixin.py:190} INFO - [2026-05-25T17:03:01.705+0000] {dag.py:3239} INFO - Sync 1 DAGs
[2026-05-25T17:03:01.724+0000] {logging_mixin.py:190} INFO - [2026-05-25T17:03:01.724+0000] {dag.py:4180} INFO - Setting next_dagrun for lastfm_pipeline to 2026-05-24 00:00:00+00:00, run_after=2026-05-25 00:00:00+00:00
[2026-05-25T17:03:01.737+0000] {processor.py:208} INFO - Processing /opt/airflow/dags/pipeline.py took 0.076 seconds
[2026-05-25T17:03:31.899+0000] {processor.py:186} INFO - Started process (PID=485) to work on /opt/airflow/dags/pipeline.py
[2026-05-25T17:03:31.901+0000] {processor.py:914} INFO - Processing file /opt/airflow/dags/pipeline.py for tasks to queue
[2026-05-25T17:03:31.911+0000] {logging_mixin.py:190} INFO - [2026-05-25T17:03:31.910+0000] {dagbag.py:588} INFO - Filling up the DagBag from /opt/airflow/dags/pipeline.py
[2026-05-25T17:03:31.945+0000] {processor.py:925} INFO - DAG(s) 'lastfm_pipeline' retrieved from /opt/airflow/dags/pipeline.py
[2026-05-25T17:03:31.995+0000] {logging_mixin.py:190} INFO - [2026-05-25T17:03:31.995+0000] {dag.py:3239} INFO - Sync 1 DAGs
[2026-05-25T17:03:32.024+0000] {logging_mixin.py:190} INFO - [2026-05-25T17:03:32.024+0000] {dag.py:4180} INFO - Setting next_dagrun for lastfm_pipeline to 2026-05-24 00:00:00+00:00, run_after=2026-05-25 00:00:00+00:00
[2026-05-25T17:03:32.042+0000] {processor.py:208} INFO - Processing /opt/airflow/dags/pipeline.py took 0.167 seconds
[2026-05-25T17:04:02.179+0000] {processor.py:186} INFO - Started process (PID=490) to work on /opt/airflow/dags/pipeline.py
[2026-05-25T17:04:02.179+0000] {processor.py:914} INFO - Processing file /opt/airflow/dags/pipeline.py for tasks to queue
[2026-05-25T17:04:02.181+0000] {logging_mixin.py:190} INFO - [2026-05-25T17:04:02.181+0000] {dagbag.py:588} INFO - Filling up the DagBag from /opt/airflow/dags/pipeline.py
[2026-05-25T17:04:02.192+0000] {processor.py:925} INFO - DAG(s) 'lastfm_pipeline' retrieved from /opt/airflow/dags/pipeline.py
[2026-05-25T17:04:02.213+0000] {logging_mixin.py:190} INFO - [2026-05-25T17:04:02.213+0000] {dag.py:3239} INFO - Sync 1 DAGs
[2026-05-25T17:04:02.229+0000] {logging_mixin.py:190} INFO - [2026-05-25T17:04:02.229+0000] {dag.py:4180} INFO - Setting next_dagrun for lastfm_pipeline to 2026-05-24 00:00:00+00:00, run_after=2026-05-25 00:00:00+00:00
[2026-05-25T17:04:02.240+0000] {processor.py:208} INFO - Processing /opt/airflow/dags/pipeline.py took 0.066 seconds
[2026-05-25T17:04:32.313+0000] {processor.py:186} INFO - Started process (PID=495) to work on /opt/airflow/dags/pipeline.py
[2026-05-25T17:04:32.315+0000] {processor.py:914} INFO - Processing file /opt/airflow/dags/pipeline.py for tasks to queue
[2026-05-25T17:04:32.317+0000] {logging_mixin.py:190} INFO - [2026-05-25T17:04:32.317+0000] {dagbag.py:588} INFO - Filling up the DagBag from /opt/airflow/dags/pipeline.py
[2026-05-25T17:04:32.329+0000] {processor.py:925} INFO - DAG(s) 'lastfm_pipeline' retrieved from /opt/airflow/dags/pipeline.py
[2026-05-25T17:04:32.351+0000] {logging_mixin.py:190} INFO - [2026-05-25T17:04:32.351+0000] {dag.py:3239} INFO - Sync 1 DAGs
[2026-05-25T17:04:32.369+0000] {logging_mixin.py:190} INFO - [2026-05-25T17:04:32.368+0000] {dag.py:4180} INFO - Setting next_dagrun for lastfm_pipeline to 2026-05-24 00:00:00+00:00, run_after=2026-05-25 00:00:00+00:00
[2026-05-25T17:04:32.380+0000] {processor.py:208} INFO - Processing /opt/airflow/dags/pipeline.py took 0.072 seconds
[2026-05-25T17:05:02.507+0000] {processor.py:186} INFO - Started process (PID=500) to work on /opt/airflow/dags/pipeline.py
[2026-05-25T17:05:02.508+0000] {processor.py:914} INFO - Processing file /opt/airflow/dags/pipeline.py for tasks to queue
[2026-05-25T17:05:02.509+0000] {logging_mixin.py:190} INFO - [2026-05-25T17:05:02.509+0000] {dagbag.py:588} INFO - Filling up the DagBag from /opt/airflow/dags/pipeline.py
[2026-05-25T17:05:02.522+0000] {processor.py:925} INFO - DAG(s) 'lastfm_pipeline' retrieved from /opt/airflow/dags/pipeline.py
[2026-05-25T17:05:02.542+0000] {logging_mixin.py:190} INFO - [2026-05-25T17:05:02.542+0000] {dag.py:3239} INFO - Sync 1 DAGs
[2026-05-25T17:05:02.558+0000] {logging_mixin.py:190} INFO - [2026-05-25T17:05:02.558+0000] {dag.py:4180} INFO - Setting next_dagrun for lastfm_pipeline to 2026-05-24 00:00:00+00:00, run_after=2026-05-25 00:00:00+00:00
[2026-05-25T17:05:02.570+0000] {processor.py:208} INFO - Processing /opt/airflow/dags/pipeline.py took 0.067 seconds
[2026-05-25T17:05:32.651+0000] {processor.py:186} INFO - Started process (PID=505) to work on /opt/airflow/dags/pipeline.py
[2026-05-25T17:05:32.653+0000] {processor.py:914} INFO - Processing file /opt/airflow/dags/pipeline.py for tasks to queue
[2026-05-25T17:05:32.655+0000] {logging_mixin.py:190} INFO - [2026-05-25T17:05:32.655+0000] {dagbag.py:588} INFO - Filling up the DagBag from /opt/airflow/dags/pipeline.py
[2026-05-25T17:05:32.667+0000] {processor.py:925} INFO - DAG(s) 'lastfm_pipeline' retrieved from /opt/airflow/dags/pipeline.py
[2026-05-25T17:05:32.687+0000] {logging_mixin.py:190} INFO - [2026-05-25T17:05:32.687+0000] {dag.py:3239} INFO - Sync 1 DAGs
[2026-05-25T17:05:32.704+0000] {logging_mixin.py:190} INFO - [2026-05-25T17:05:32.704+0000] {dag.py:4180} INFO - Setting next_dagrun for lastfm_pipeline to 2026-05-24 00:00:00+00:00, run_after=2026-05-25 00:00:00+00:00
[2026-05-25T17:05:32.715+0000] {processor.py:208} INFO - Processing /opt/airflow/dags/pipeline.py took 0.069 seconds
[2026-05-25T17:06:02.837+0000] {processor.py:186} INFO - Started process (PID=510) to work on /opt/airflow/dags/pipeline.py
[2026-05-25T17:06:02.837+0000] {processor.py:914} INFO - Processing file /opt/airflow/dags/pipeline.py for tasks to queue
[2026-05-25T17:06:02.839+0000] {logging_mixin.py:190} INFO - [2026-05-25T17:06:02.839+0000] {dagbag.py:588} INFO - Filling up the DagBag from /opt/airflow/dags/pipeline.py
[2026-05-25T17:06:02.850+0000] {processor.py:925} INFO - DAG(s) 'lastfm_pipeline' retrieved from /opt/airflow/dags/pipeline.py
[2026-05-25T17:06:02.870+0000] {logging_mixin.py:190} INFO - [2026-05-25T17:06:02.870+0000] {dag.py:3239} INFO - Sync 1 DAGs
[2026-05-25T17:06:02.886+0000] {logging_mixin.py:190} INFO - [2026-05-25T17:06:02.886+0000] {dag.py:4180} INFO - Setting next_dagrun for lastfm_pipeline to 2026-05-24 00:00:00+00:00, run_after=2026-05-25 00:00:00+00:00
[2026-05-25T17:06:02.898+0000] {processor.py:208} INFO - Processing /opt/airflow/dags/pipeline.py took 0.065 seconds
[2026-05-25T17:06:32.977+0000] {processor.py:186} INFO - Started process (PID=515) to work on /opt/airflow/dags/pipeline.py
[2026-05-25T17:06:32.980+0000] {processor.py:914} INFO - Processing file /opt/airflow/dags/pipeline.py for tasks to queue
[2026-05-25T17:06:32.982+0000] {logging_mixin.py:190} INFO - [2026-05-25T17:06:32.981+0000] {dagbag.py:588} INFO - Filling up the DagBag from /opt/airflow/dags/pipeline.py
[2026-05-25T17:06:32.993+0000] {processor.py:925} INFO - DAG(s) 'lastfm_pipeline' retrieved from /opt/airflow/dags/pipeline.py
[2026-05-25T17:06:33.015+0000] {logging_mixin.py:190} INFO - [2026-05-25T17:06:33.015+0000] {dag.py:3239} INFO - Sync 1 DAGs
[2026-05-25T17:06:33.035+0000] {logging_mixin.py:190} INFO - [2026-05-25T17:06:33.035+0000] {dag.py:4180} INFO - Setting next_dagrun for lastfm_pipeline to 2026-05-24 00:00:00+00:00, run_after=2026-05-25 00:00:00+00:00
[2026-05-25T17:06:33.047+0000] {processor.py:208} INFO - Processing /opt/airflow/dags/pipeline.py took 0.075 seconds
[2026-05-25T17:07:03.161+0000] {processor.py:186} INFO - Started process (PID=520) to work on /opt/airflow/dags/pipeline.py
[2026-05-25T17:07:03.162+0000] {processor.py:914} INFO - Processing file /opt/airflow/dags/pipeline.py for tasks to queue
[2026-05-25T17:07:03.164+0000] {logging_mixin.py:190} INFO - [2026-05-25T17:07:03.164+0000] {dagbag.py:588} INFO - Filling up the DagBag from /opt/airflow/dags/pipeline.py
[2026-05-25T17:07:03.176+0000] {processor.py:925} INFO - DAG(s) 'lastfm_pipeline' retrieved from /opt/airflow/dags/pipeline.py
[2026-05-25T17:07:03.196+0000] {logging_mixin.py:190} INFO - [2026-05-25T17:07:03.196+0000] {dag.py:3239} INFO - Sync 1 DAGs
[2026-05-25T17:07:03.213+0000] {logging_mixin.py:190} INFO - [2026-05-25T17:07:03.213+0000] {dag.py:4180} INFO - Setting next_dagrun for lastfm_pipeline to 2026-05-24 00:00:00+00:00, run_after=2026-05-25 00:00:00+00:00
[2026-05-25T17:07:03.225+0000] {processor.py:208} INFO - Processing /opt/airflow/dags/pipeline.py took 0.068 seconds
[2026-05-25T17:07:33.325+0000] {processor.py:186} INFO - Started process (PID=525) to work on /opt/airflow/dags/pipeline.py
[2026-05-25T17:07:33.327+0000] {processor.py:914} INFO - Processing file /opt/airflow/dags/pipeline.py for tasks to queue
[2026-05-25T17:07:33.329+0000] {logging_mixin.py:190} INFO - [2026-05-25T17:07:33.329+0000] {dagbag.py:588} INFO - Filling up the DagBag from /opt/airflow/dags/pipeline.py
[2026-05-25T17:07:33.342+0000] {processor.py:925} INFO - DAG(s) 'lastfm_pipeline' retrieved from /opt/airflow/dags/pipeline.py
[2026-05-25T17:07:33.362+0000] {logging_mixin.py:190} INFO - [2026-05-25T17:07:33.362+0000] {dag.py:3239} INFO - Sync 1 DAGs
[2026-05-25T17:07:33.380+0000] {logging_mixin.py:190} INFO - [2026-05-25T17:07:33.380+0000] {dag.py:4180} INFO - Setting next_dagrun for lastfm_pipeline to 2026-05-24 00:00:00+00:00, run_after=2026-05-25 00:00:00+00:00
[2026-05-25T17:07:33.391+0000] {processor.py:208} INFO - Processing /opt/airflow/dags/pipeline.py took 0.071 seconds
[2026-05-25T17:08:03.490+0000] {processor.py:186} INFO - Started process (PID=530) to work on /opt/airflow/dags/pipeline.py
[2026-05-25T17:08:03.491+0000] {processor.py:914} INFO - Processing file /opt/airflow/dags/pipeline.py for tasks to queue
[2026-05-25T17:08:03.493+0000] {logging_mixin.py:190} INFO - [2026-05-25T17:08:03.492+0000] {dagbag.py:588} INFO - Filling up the DagBag from /opt/airflow/dags/pipeline.py
[2026-05-25T17:08:03.506+0000] {processor.py:925} INFO - DAG(s) 'lastfm_pipeline' retrieved from /opt/airflow/dags/pipeline.py
[2026-05-25T17:08:03.529+0000] {logging_mixin.py:190} INFO - [2026-05-25T17:08:03.529+0000] {dag.py:3239} INFO - Sync 1 DAGs
[2026-05-25T17:08:03.550+0000] {logging_mixin.py:190} INFO - [2026-05-25T17:08:03.550+0000] {dag.py:4180} INFO - Setting next_dagrun for lastfm_pipeline to 2026-05-24 00:00:00+00:00, run_after=2026-05-25 00:00:00+00:00
[2026-05-25T17:08:03.567+0000] {processor.py:208} INFO - Processing /opt/airflow/dags/pipeline.py took 0.082 seconds
[2026-05-25T17:08:33.660+0000] {processor.py:186} INFO - Started process (PID=535) to work on /opt/airflow/dags/pipeline.py
[2026-05-25T17:08:33.662+0000] {processor.py:914} INFO - Processing file /opt/airflow/dags/pipeline.py for tasks to queue
[2026-05-25T17:08:33.665+0000] {logging_mixin.py:190} INFO - [2026-05-25T17:08:33.664+0000] {dagbag.py:588} INFO - Filling up the DagBag from /opt/airflow/dags/pipeline.py
[2026-05-25T17:08:33.676+0000] {processor.py:925} INFO - DAG(s) 'lastfm_pipeline' retrieved from /opt/airflow/dags/pipeline.py
[2026-05-25T17:08:33.699+0000] {logging_mixin.py:190} INFO - [2026-05-25T17:08:33.699+0000] {dag.py:3239} INFO - Sync 1 DAGs
[2026-05-25T17:08:33.718+0000] {logging_mixin.py:190} INFO - [2026-05-25T17:08:33.717+0000] {dag.py:4180} INFO - Setting next_dagrun for lastfm_pipeline to 2026-05-24 00:00:00+00:00, run_after=2026-05-25 00:00:00+00:00
[2026-05-25T17:08:33.731+0000] {processor.py:208} INFO - Processing /opt/airflow/dags/pipeline.py took 0.079 seconds
[2026-05-25T17:09:03.826+0000] {processor.py:186} INFO - Started process (PID=540) to work on /opt/airflow/dags/pipeline.py
[2026-05-25T17:09:03.826+0000] {processor.py:914} INFO - Processing file /opt/airflow/dags/pipeline.py for tasks to queue
[2026-05-25T17:09:03.828+0000] {logging_mixin.py:190} INFO - [2026-05-25T17:09:03.828+0000] {dagbag.py:588} INFO - Filling up the DagBag from /opt/airflow/dags/pipeline.py
[2026-05-25T17:09:03.842+0000] {processor.py:925} INFO - DAG(s) 'lastfm_pipeline' retrieved from /opt/airflow/dags/pipeline.py
[2026-05-25T17:09:03.868+0000] {logging_mixin.py:190} INFO - [2026-05-25T17:09:03.867+0000] {dag.py:3239} INFO - Sync 1 DAGs
[2026-05-25T17:09:03.886+0000] {logging_mixin.py:190} INFO - [2026-05-25T17:09:03.886+0000] {dag.py:4180} INFO - Setting next_dagrun for lastfm_pipeline to 2026-05-24 00:00:00+00:00, run_after=2026-05-25 00:00:00+00:00
[2026-05-25T17:09:03.902+0000] {processor.py:208} INFO - Processing /opt/airflow/dags/pipeline.py took 0.080 seconds
[2026-05-25T17:09:33.996+0000] {processor.py:186} INFO - Started process (PID=545) to work on /opt/airflow/dags/pipeline.py
[2026-05-25T17:09:33.997+0000] {processor.py:914} INFO - Processing file /opt/airflow/dags/pipeline.py for tasks to queue
[2026-05-25T17:09:33.999+0000] {logging_mixin.py:190} INFO - [2026-05-25T17:09:33.998+0000] {dagbag.py:588} INFO - Filling up the DagBag from /opt/airflow/dags/pipeline.py
[2026-05-25T17:09:34.010+0000] {processor.py:925} INFO - DAG(s) 'lastfm_pipeline' retrieved from /opt/airflow/dags/pipeline.py
[2026-05-25T17:09:34.031+0000] {logging_mixin.py:190} INFO - [2026-05-25T17:09:34.030+0000] {dag.py:3239} INFO - Sync 1 DAGs
[2026-05-25T17:09:34.049+0000] {logging_mixin.py:190} INFO - [2026-05-25T17:09:34.048+0000] {dag.py:4180} INFO - Setting next_dagrun for lastfm_pipeline to 2026-05-24 00:00:00+00:00, run_after=2026-05-25 00:00:00+00:00
[2026-05-25T17:09:34.059+0000] {processor.py:208} INFO - Processing /opt/airflow/dags/pipeline.py took 0.069 seconds
[2026-05-25T17:10:04.163+0000] {processor.py:186} INFO - Started process (PID=550) to work on /opt/airflow/dags/pipeline.py
[2026-05-25T17:10:04.164+0000] {processor.py:914} INFO - Processing file /opt/airflow/dags/pipeline.py for tasks to queue
[2026-05-25T17:10:04.166+0000] {logging_mixin.py:190} INFO - [2026-05-25T17:10:04.165+0000] {dagbag.py:588} INFO - Filling up the DagBag from /opt/airflow/dags/pipeline.py
[2026-05-25T17:10:04.178+0000] {processor.py:925} INFO - DAG(s) 'lastfm_pipeline' retrieved from /opt/airflow/dags/pipeline.py
[2026-05-25T17:10:04.199+0000] {logging_mixin.py:190} INFO - [2026-05-25T17:10:04.199+0000] {dag.py:3239} INFO - Sync 1 DAGs
[2026-05-25T17:10:04.217+0000] {logging_mixin.py:190} INFO - [2026-05-25T17:10:04.217+0000] {dag.py:4180} INFO - Setting next_dagrun for lastfm_pipeline to 2026-05-24 00:00:00+00:00, run_after=2026-05-25 00:00:00+00:00
[2026-05-25T17:10:04.230+0000] {processor.py:208} INFO - Processing /opt/airflow/dags/pipeline.py took 0.072 seconds
[2026-05-25T17:10:34.305+0000] {processor.py:186} INFO - Started process (PID=555) to work on /opt/airflow/dags/pipeline.py
[2026-05-25T17:10:34.307+0000] {processor.py:914} INFO - Processing file /opt/airflow/dags/pipeline.py for tasks to queue
[2026-05-25T17:10:34.310+0000] {logging_mixin.py:190} INFO - [2026-05-25T17:10:34.309+0000] {dagbag.py:588} INFO - Filling up the DagBag from /opt/airflow/dags/pipeline.py
[2026-05-25T17:10:34.321+0000] {processor.py:925} INFO - DAG(s) 'lastfm_pipeline' retrieved from /opt/airflow/dags/pipeline.py
[2026-05-25T17:10:34.342+0000] {logging_mixin.py:190} INFO - [2026-05-25T17:10:34.342+0000] {dag.py:3239} INFO - Sync 1 DAGs
[2026-05-25T17:10:34.358+0000] {logging_mixin.py:190} INFO - [2026-05-25T17:10:34.358+0000] {dag.py:4180} INFO - Setting next_dagrun for lastfm_pipeline to 2026-05-24 00:00:00+00:00, run_after=2026-05-25 00:00:00+00:00
[2026-05-25T17:10:34.369+0000] {processor.py:208} INFO - Processing /opt/airflow/dags/pipeline.py took 0.069 seconds
[2026-05-25T17:11:04.484+0000] {processor.py:186} INFO - Started process (PID=560) to work on /opt/airflow/dags/pipeline.py
[2026-05-25T17:11:04.485+0000] {processor.py:914} INFO - Processing file /opt/airflow/dags/pipeline.py for tasks to queue
[2026-05-25T17:11:04.487+0000] {logging_mixin.py:190} INFO - [2026-05-25T17:11:04.486+0000] {dagbag.py:588} INFO - Filling up the DagBag from /opt/airflow/dags/pipeline.py
[2026-05-25T17:11:04.498+0000] {processor.py:925} INFO - DAG(s) 'lastfm_pipeline' retrieved from /opt/airflow/dags/pipeline.py
[2026-05-25T17:11:04.519+0000] {logging_mixin.py:190} INFO - [2026-05-25T17:11:04.519+0000] {dag.py:3239} INFO - Sync 1 DAGs
[2026-05-25T17:11:04.535+0000] {logging_mixin.py:190} INFO - [2026-05-25T17:11:04.535+0000] {dag.py:4180} INFO - Setting next_dagrun for lastfm_pipeline to 2026-05-24 00:00:00+00:00, run_after=2026-05-25 00:00:00+00:00
[2026-05-25T17:11:04.547+0000] {processor.py:208} INFO - Processing /opt/airflow/dags/pipeline.py took 0.068 seconds
[2026-05-25T17:11:34.624+0000] {processor.py:186} INFO - Started process (PID=565) to work on /opt/airflow/dags/pipeline.py
[2026-05-25T17:11:34.627+0000] {processor.py:914} INFO - Processing file /opt/airflow/dags/pipeline.py for tasks to queue
[2026-05-25T17:11:34.629+0000] {logging_mixin.py:190} INFO - [2026-05-25T17:11:34.628+0000] {dagbag.py:588} INFO - Filling up the DagBag from /opt/airflow/dags/pipeline.py
[2026-05-25T17:11:34.640+0000] {processor.py:925} INFO - DAG(s) 'lastfm_pipeline' retrieved from /opt/airflow/dags/pipeline.py
[2026-05-25T17:11:34.662+0000] {logging_mixin.py:190} INFO - [2026-05-25T17:11:34.662+0000] {dag.py:3239} INFO - Sync 1 DAGs
[2026-05-25T17:11:34.679+0000] {logging_mixin.py:190} INFO - [2026-05-25T17:11:34.679+0000] {dag.py:4180} INFO - Setting next_dagrun for lastfm_pipeline to 2026-05-24 00:00:00+00:00, run_after=2026-05-25 00:00:00+00:00
[2026-05-25T17:11:34.691+0000] {processor.py:208} INFO - Processing /opt/airflow/dags/pipeline.py took 0.072 seconds
[2026-05-25T17:12:04.812+0000] {processor.py:186} INFO - Started process (PID=570) to work on /opt/airflow/dags/pipeline.py
[2026-05-25T17:12:04.813+0000] {processor.py:914} INFO - Processing file /opt/airflow/dags/pipeline.py for tasks to queue
[2026-05-25T17:12:04.814+0000] {logging_mixin.py:190} INFO - [2026-05-25T17:12:04.814+0000] {dagbag.py:588} INFO - Filling up the DagBag from /opt/airflow/dags/pipeline.py
[2026-05-25T17:12:04.826+0000] {processor.py:925} INFO - DAG(s) 'lastfm_pipeline' retrieved from /opt/airflow/dags/pipeline.py
[2026-05-25T17:12:04.848+0000] {logging_mixin.py:190} INFO - [2026-05-25T17:12:04.848+0000] {dag.py:3239} INFO - Sync 1 DAGs
[2026-05-25T17:12:04.866+0000] {logging_mixin.py:190} INFO - [2026-05-25T17:12:04.866+0000] {dag.py:4180} INFO - Setting next_dagrun for lastfm_pipeline to 2026-05-24 00:00:00+00:00, run_after=2026-05-25 00:00:00+00:00
[2026-05-25T17:12:04.882+0000] {processor.py:208} INFO - Processing /opt/airflow/dags/pipeline.py took 0.074 seconds
[2026-05-25T17:12:34.962+0000] {processor.py:186} INFO - Started process (PID=575) to work on /opt/airflow/dags/pipeline.py
[2026-05-25T17:12:34.965+0000] {processor.py:914} INFO - Processing file /opt/airflow/dags/pipeline.py for tasks to queue
[2026-05-25T17:12:34.966+0000] {logging_mixin.py:190} INFO - [2026-05-25T17:12:34.966+0000] {dagbag.py:588} INFO - Filling up the DagBag from /opt/airflow/dags/pipeline.py
[2026-05-25T17:12:34.978+0000] {processor.py:925} INFO - DAG(s) 'lastfm_pipeline' retrieved from /opt/airflow/dags/pipeline.py
[2026-05-25T17:12:35.001+0000] {logging_mixin.py:190} INFO - [2026-05-25T17:12:35.001+0000] {dag.py:3239} INFO - Sync 1 DAGs
[2026-05-25T17:12:35.019+0000] {logging_mixin.py:190} INFO - [2026-05-25T17:12:35.018+0000] {dag.py:4180} INFO - Setting next_dagrun for lastfm_pipeline to 2026-05-24 00:00:00+00:00, run_after=2026-05-25 00:00:00+00:00
[2026-05-25T17:12:35.030+0000] {processor.py:208} INFO - Processing /opt/airflow/dags/pipeline.py took 0.073 seconds
[2026-05-25T17:13:05.149+0000] {processor.py:186} INFO - Started process (PID=580) to work on /opt/airflow/dags/pipeline.py
[2026-05-25T17:13:05.150+0000] {processor.py:914} INFO - Processing file /opt/airflow/dags/pipeline.py for tasks to queue
[2026-05-25T17:13:05.152+0000] {logging_mixin.py:190} INFO - [2026-05-25T17:13:05.152+0000] {dagbag.py:588} INFO - Filling up the DagBag from /opt/airflow/dags/pipeline.py
[2026-05-25T17:13:05.164+0000] {processor.py:925} INFO - DAG(s) 'lastfm_pipeline' retrieved from /opt/airflow/dags/pipeline.py
[2026-05-25T17:13:05.186+0000] {logging_mixin.py:190} INFO - [2026-05-25T17:13:05.186+0000] {dag.py:3239} INFO - Sync 1 DAGs
[2026-05-25T17:13:05.205+0000] {logging_mixin.py:190} INFO - [2026-05-25T17:13:05.205+0000] {dag.py:4180} INFO - Setting next_dagrun for lastfm_pipeline to 2026-05-24 00:00:00+00:00, run_after=2026-05-25 00:00:00+00:00
[2026-05-25T17:13:05.218+0000] {processor.py:208} INFO - Processing /opt/airflow/dags/pipeline.py took 0.073 seconds
[2026-05-25T17:13:35.294+0000] {processor.py:186} INFO - Started process (PID=585) to work on /opt/airflow/dags/pipeline.py
[2026-05-25T17:13:35.297+0000] {processor.py:914} INFO - Processing file /opt/airflow/dags/pipeline.py for tasks to queue
[2026-05-25T17:13:35.299+0000] {logging_mixin.py:190} INFO - [2026-05-25T17:13:35.298+0000] {dagbag.py:588} INFO - Filling up the DagBag from /opt/airflow/dags/pipeline.py
[2026-05-25T17:13:35.312+0000] {processor.py:925} INFO - DAG(s) 'lastfm_pipeline' retrieved from /opt/airflow/dags/pipeline.py
[2026-05-25T17:13:35.333+0000] {logging_mixin.py:190} INFO - [2026-05-25T17:13:35.333+0000] {dag.py:3239} INFO - Sync 1 DAGs
[2026-05-25T17:13:35.350+0000] {logging_mixin.py:190} INFO - [2026-05-25T17:13:35.350+0000] {dag.py:4180} INFO - Setting next_dagrun for lastfm_pipeline to 2026-05-24 00:00:00+00:00, run_after=2026-05-25 00:00:00+00:00
[2026-05-25T17:13:35.367+0000] {processor.py:208} INFO - Processing /opt/airflow/dags/pipeline.py took 0.078 seconds
[2026-05-25T17:14:05.484+0000] {processor.py:186} INFO - Started process (PID=590) to work on /opt/airflow/dags/pipeline.py
[2026-05-25T17:14:05.484+0000] {processor.py:914} INFO - Processing file /opt/airflow/dags/pipeline.py for tasks to queue
[2026-05-25T17:14:05.487+0000] {logging_mixin.py:190} INFO - [2026-05-25T17:14:05.486+0000] {dagbag.py:588} INFO - Filling up the DagBag from /opt/airflow/dags/pipeline.py
[2026-05-25T17:14:05.499+0000] {processor.py:925} INFO - DAG(s) 'lastfm_pipeline' retrieved from /opt/airflow/dags/pipeline.py
[2026-05-25T17:14:05.519+0000] {logging_mixin.py:190} INFO - [2026-05-25T17:14:05.519+0000] {dag.py:3239} INFO - Sync 1 DAGs
[2026-05-25T17:14:05.537+0000] {logging_mixin.py:190} INFO - [2026-05-25T17:14:05.537+0000] {dag.py:4180} INFO - Setting next_dagrun for lastfm_pipeline to 2026-05-24 00:00:00+00:00, run_after=2026-05-25 00:00:00+00:00
[2026-05-25T17:14:05.549+0000] {processor.py:208} INFO - Processing /opt/airflow/dags/pipeline.py took 0.070 seconds
[2026-05-25T17:14:35.628+0000] {processor.py:186} INFO - Started process (PID=595) to work on /opt/airflow/dags/pipeline.py
[2026-05-25T17:14:35.629+0000] {processor.py:914} INFO - Processing file /opt/airflow/dags/pipeline.py for tasks to queue
[2026-05-25T17:14:35.631+0000] {logging_mixin.py:190} INFO - [2026-05-25T17:14:35.631+0000] {dagbag.py:588} INFO - Filling up the DagBag from /opt/airflow/dags/pipeline.py
[2026-05-25T17:14:35.643+0000] {processor.py:925} INFO - DAG(s) 'lastfm_pipeline' retrieved from /opt/airflow/dags/pipeline.py
[2026-05-25T17:14:35.666+0000] {logging_mixin.py:190} INFO - [2026-05-25T17:14:35.666+0000] {dag.py:3239} INFO - Sync 1 DAGs
[2026-05-25T17:14:35.684+0000] {logging_mixin.py:190} INFO - [2026-05-25T17:14:35.684+0000] {dag.py:4180} INFO - Setting next_dagrun for lastfm_pipeline to 2026-05-24 00:00:00+00:00, run_after=2026-05-25 00:00:00+00:00
[2026-05-25T17:14:35.698+0000] {processor.py:208} INFO - Processing /opt/airflow/dags/pipeline.py took 0.075 seconds
[2026-05-25T17:15:05.815+0000] {processor.py:186} INFO - Started process (PID=600) to work on /opt/airflow/dags/pipeline.py
[2026-05-25T17:15:05.816+0000] {processor.py:914} INFO - Processing file /opt/airflow/dags/pipeline.py for tasks to queue
[2026-05-25T17:15:05.818+0000] {logging_mixin.py:190} INFO - [2026-05-25T17:15:05.818+0000] {dagbag.py:588} INFO - Filling up the DagBag from /opt/airflow/dags/pipeline.py
[2026-05-25T17:15:05.831+0000] {processor.py:925} INFO - DAG(s) 'lastfm_pipeline' retrieved from /opt/airflow/dags/pipeline.py
[2026-05-25T17:15:05.854+0000] {logging_mixin.py:190} INFO - [2026-05-25T17:15:05.854+0000] {dag.py:3239} INFO - Sync 1 DAGs
[2026-05-25T17:15:05.873+0000] {logging_mixin.py:190} INFO - [2026-05-25T17:15:05.873+0000] {dag.py:4180} INFO - Setting next_dagrun for lastfm_pipeline to 2026-05-24 00:00:00+00:00, run_after=2026-05-25 00:00:00+00:00
[2026-05-25T17:15:05.887+0000] {processor.py:208} INFO - Processing /opt/airflow/dags/pipeline.py took 0.076 seconds
[2026-05-25T17:15:35.976+0000] {processor.py:186} INFO - Started process (PID=605) to work on /opt/airflow/dags/pipeline.py
[2026-05-25T17:15:35.976+0000] {processor.py:914} INFO - Processing file /opt/airflow/dags/pipeline.py for tasks to queue
[2026-05-25T17:15:35.983+0000] {logging_mixin.py:190} INFO - [2026-05-25T17:15:35.983+0000] {dagbag.py:588} INFO - Filling up the DagBag from /opt/airflow/dags/pipeline.py
[2026-05-25T17:15:36.018+0000] {processor.py:925} INFO - DAG(s) 'lastfm_pipeline' retrieved from /opt/airflow/dags/pipeline.py
[2026-05-25T17:15:36.048+0000] {logging_mixin.py:190} INFO - [2026-05-25T17:15:36.048+0000] {dag.py:3239} INFO - Sync 1 DAGs
[2026-05-25T17:15:36.074+0000] {logging_mixin.py:190} INFO - [2026-05-25T17:15:36.073+0000] {dag.py:4180} INFO - Setting next_dagrun for lastfm_pipeline to 2026-05-24 00:00:00+00:00, run_after=2026-05-25 00:00:00+00:00
[2026-05-25T17:15:36.087+0000] {processor.py:208} INFO - Processing /opt/airflow/dags/pipeline.py took 0.122 seconds
[2026-05-25T17:16:06.160+0000] {processor.py:186} INFO - Started process (PID=610) to work on /opt/airflow/dags/pipeline.py
[2026-05-25T17:16:06.160+0000] {processor.py:914} INFO - Processing file /opt/airflow/dags/pipeline.py for tasks to queue
[2026-05-25T17:16:06.162+0000] {logging_mixin.py:190} INFO - [2026-05-25T17:16:06.162+0000] {dagbag.py:588} INFO - Filling up the DagBag from /opt/airflow/dags/pipeline.py
[2026-05-25T17:16:06.176+0000] {processor.py:925} INFO - DAG(s) 'lastfm_pipeline' retrieved from /opt/airflow/dags/pipeline.py
[2026-05-25T17:16:06.201+0000] {logging_mixin.py:190} INFO - [2026-05-25T17:16:06.201+0000] {dag.py:3239} INFO - Sync 1 DAGs
[2026-05-25T17:16:06.222+0000] {logging_mixin.py:190} INFO - [2026-05-25T17:16:06.222+0000] {dag.py:4180} INFO - Setting next_dagrun for lastfm_pipeline to 2026-05-24 00:00:00+00:00, run_after=2026-05-25 00:00:00+00:00
[2026-05-25T17:16:06.236+0000] {processor.py:208} INFO - Processing /opt/airflow/dags/pipeline.py took 0.081 seconds
[2026-05-25T17:16:36.357+0000] {processor.py:186} INFO - Started process (PID=615) to work on /opt/airflow/dags/pipeline.py
[2026-05-25T17:16:36.357+0000] {processor.py:914} INFO - Processing file /opt/airflow/dags/pipeline.py for tasks to queue
[2026-05-25T17:16:36.359+0000] {logging_mixin.py:190} INFO - [2026-05-25T17:16:36.359+0000] {dagbag.py:588} INFO - Filling up the DagBag from /opt/airflow/dags/pipeline.py
[2026-05-25T17:16:36.371+0000] {processor.py:925} INFO - DAG(s) 'lastfm_pipeline' retrieved from /opt/airflow/dags/pipeline.py
[2026-05-25T17:16:36.393+0000] {logging_mixin.py:190} INFO - [2026-05-25T17:16:36.392+0000] {dag.py:3239} INFO - Sync 1 DAGs
[2026-05-25T17:16:36.411+0000] {logging_mixin.py:190} INFO - [2026-05-25T17:16:36.411+0000] {dag.py:4180} INFO - Setting next_dagrun for lastfm_pipeline to 2026-05-24 00:00:00+00:00, run_after=2026-05-25 00:00:00+00:00
[2026-05-25T17:16:36.423+0000] {processor.py:208} INFO - Processing /opt/airflow/dags/pipeline.py took 0.071 seconds
[2026-05-25T17:17:06.496+0000] {processor.py:186} INFO - Started process (PID=620) to work on /opt/airflow/dags/pipeline.py
[2026-05-25T17:17:06.498+0000] {processor.py:914} INFO - Processing file /opt/airflow/dags/pipeline.py for tasks to queue
[2026-05-25T17:17:06.500+0000] {logging_mixin.py:190} INFO - [2026-05-25T17:17:06.500+0000] {dagbag.py:588} INFO - Filling up the DagBag from /opt/airflow/dags/pipeline.py
[2026-05-25T17:17:06.512+0000] {processor.py:925} INFO - DAG(s) 'lastfm_pipeline' retrieved from /opt/airflow/dags/pipeline.py
[2026-05-25T17:17:06.535+0000] {logging_mixin.py:190} INFO - [2026-05-25T17:17:06.535+0000] {dag.py:3239} INFO - Sync 1 DAGs
[2026-05-25T17:17:06.552+0000] {logging_mixin.py:190} INFO - [2026-05-25T17:17:06.552+0000] {dag.py:4180} INFO - Setting next_dagrun for lastfm_pipeline to 2026-05-24 00:00:00+00:00, run_after=2026-05-25 00:00:00+00:00
[2026-05-25T17:17:06.563+0000] {processor.py:208} INFO - Processing /opt/airflow/dags/pipeline.py took 0.072 seconds
[2026-05-25T17:17:36.697+0000] {processor.py:186} INFO - Started process (PID=625) to work on /opt/airflow/dags/pipeline.py
[2026-05-25T17:17:36.697+0000] {processor.py:914} INFO - Processing file /opt/airflow/dags/pipeline.py for tasks to queue
[2026-05-25T17:17:36.699+0000] {logging_mixin.py:190} INFO - [2026-05-25T17:17:36.699+0000] {dagbag.py:588} INFO - Filling up the DagBag from /opt/airflow/dags/pipeline.py
[2026-05-25T17:17:36.711+0000] {processor.py:925} INFO - DAG(s) 'lastfm_pipeline' retrieved from /opt/airflow/dags/pipeline.py
[2026-05-25T17:17:36.732+0000] {logging_mixin.py:190} INFO - [2026-05-25T17:17:36.732+0000] {dag.py:3239} INFO - Sync 1 DAGs
[2026-05-25T17:17:36.750+0000] {logging_mixin.py:190} INFO - [2026-05-25T17:17:36.750+0000] {dag.py:4180} INFO - Setting next_dagrun for lastfm_pipeline to 2026-05-24 00:00:00+00:00, run_after=2026-05-25 00:00:00+00:00
[2026-05-25T17:17:36.763+0000] {processor.py:208} INFO - Processing /opt/airflow/dags/pipeline.py took 0.070 seconds
[2026-05-25T17:18:06.836+0000] {processor.py:186} INFO - Started process (PID=630) to work on /opt/airflow/dags/pipeline.py
[2026-05-25T17:18:06.839+0000] {processor.py:914} INFO - Processing file /opt/airflow/dags/pipeline.py for tasks to queue
[2026-05-25T17:18:06.841+0000] {logging_mixin.py:190} INFO - [2026-05-25T17:18:06.841+0000] {dagbag.py:588} INFO - Filling up the DagBag from /opt/airflow/dags/pipeline.py
[2026-05-25T17:18:06.854+0000] {processor.py:925} INFO - DAG(s) 'lastfm_pipeline' retrieved from /opt/airflow/dags/pipeline.py
[2026-05-25T17:18:06.877+0000] {logging_mixin.py:190} INFO - [2026-05-25T17:18:06.876+0000] {dag.py:3239} INFO - Sync 1 DAGs
[2026-05-25T17:18:06.896+0000] {logging_mixin.py:190} INFO - [2026-05-25T17:18:06.895+0000] {dag.py:4180} INFO - Setting next_dagrun for lastfm_pipeline to 2026-05-24 00:00:00+00:00, run_after=2026-05-25 00:00:00+00:00
[2026-05-25T17:18:06.908+0000] {processor.py:208} INFO - Processing /opt/airflow/dags/pipeline.py took 0.077 seconds
[2026-05-25T17:18:37.029+0000] {processor.py:186} INFO - Started process (PID=635) to work on /opt/airflow/dags/pipeline.py
[2026-05-25T17:18:37.029+0000] {processor.py:914} INFO - Processing file /opt/airflow/dags/pipeline.py for tasks to queue
[2026-05-25T17:18:37.032+0000] {logging_mixin.py:190} INFO - [2026-05-25T17:18:37.031+0000] {dagbag.py:588} INFO - Filling up the DagBag from /opt/airflow/dags/pipeline.py
[2026-05-25T17:18:37.044+0000] {processor.py:925} INFO - DAG(s) 'lastfm_pipeline' retrieved from /opt/airflow/dags/pipeline.py
[2026-05-25T17:18:37.067+0000] {logging_mixin.py:190} INFO - [2026-05-25T17:18:37.066+0000] {dag.py:3239} INFO - Sync 1 DAGs
[2026-05-25T17:18:37.084+0000] {logging_mixin.py:190} INFO - [2026-05-25T17:18:37.084+0000] {dag.py:4180} INFO - Setting next_dagrun for lastfm_pipeline to 2026-05-24 00:00:00+00:00, run_after=2026-05-25 00:00:00+00:00
[2026-05-25T17:18:37.098+0000] {processor.py:208} INFO - Processing /opt/airflow/dags/pipeline.py took 0.075 seconds
[2026-05-25T17:19:07.171+0000] {processor.py:186} INFO - Started process (PID=640) to work on /opt/airflow/dags/pipeline.py
[2026-05-25T17:19:07.173+0000] {processor.py:914} INFO - Processing file /opt/airflow/dags/pipeline.py for tasks to queue
[2026-05-25T17:19:07.175+0000] {logging_mixin.py:190} INFO - [2026-05-25T17:19:07.175+0000] {dagbag.py:588} INFO - Filling up the DagBag from /opt/airflow/dags/pipeline.py
[2026-05-25T17:19:07.187+0000] {processor.py:925} INFO - DAG(s) 'lastfm_pipeline' retrieved from /opt/airflow/dags/pipeline.py
[2026-05-25T17:19:07.209+0000] {logging_mixin.py:190} INFO - [2026-05-25T17:19:07.209+0000] {dag.py:3239} INFO - Sync 1 DAGs
[2026-05-25T17:19:07.226+0000] {logging_mixin.py:190} INFO - [2026-05-25T17:19:07.226+0000] {dag.py:4180} INFO - Setting next_dagrun for lastfm_pipeline to 2026-05-24 00:00:00+00:00, run_after=2026-05-25 00:00:00+00:00
[2026-05-25T17:19:07.239+0000] {processor.py:208} INFO - Processing /opt/airflow/dags/pipeline.py took 0.074 seconds
[2026-05-25T17:19:37.370+0000] {processor.py:186} INFO - Started process (PID=645) to work on /opt/airflow/dags/pipeline.py
[2026-05-25T17:19:37.371+0000] {processor.py:914} INFO - Processing file /opt/airflow/dags/pipeline.py for tasks to queue
[2026-05-25T17:19:37.373+0000] {logging_mixin.py:190} INFO - [2026-05-25T17:19:37.372+0000] {dagbag.py:588} INFO - Filling up the DagBag from /opt/airflow/dags/pipeline.py
[2026-05-25T17:19:37.388+0000] {processor.py:925} INFO - DAG(s) 'lastfm_pipeline' retrieved from /opt/airflow/dags/pipeline.py
[2026-05-25T17:19:37.410+0000] {logging_mixin.py:190} INFO - [2026-05-25T17:19:37.410+0000] {dag.py:3239} INFO - Sync 1 DAGs
[2026-05-25T17:19:37.430+0000] {logging_mixin.py:190} INFO - [2026-05-25T17:19:37.429+0000] {dag.py:4180} INFO - Setting next_dagrun for lastfm_pipeline to 2026-05-24 00:00:00+00:00, run_after=2026-05-25 00:00:00+00:00
[2026-05-25T17:19:37.443+0000] {processor.py:208} INFO - Processing /opt/airflow/dags/pipeline.py took 0.079 seconds
[2026-05-25T17:20:07.508+0000] {processor.py:186} INFO - Started process (PID=650) to work on /opt/airflow/dags/pipeline.py
[2026-05-25T17:20:07.510+0000] {processor.py:914} INFO - Processing file /opt/airflow/dags/pipeline.py for tasks to queue
[2026-05-25T17:20:07.512+0000] {logging_mixin.py:190} INFO - [2026-05-25T17:20:07.512+0000] {dagbag.py:588} INFO - Filling up the DagBag from /opt/airflow/dags/pipeline.py
[2026-05-25T17:20:07.524+0000] {processor.py:925} INFO - DAG(s) 'lastfm_pipeline' retrieved from /opt/airflow/dags/pipeline.py
[2026-05-25T17:20:07.546+0000] {logging_mixin.py:190} INFO - [2026-05-25T17:20:07.546+0000] {dag.py:3239} INFO - Sync 1 DAGs
[2026-05-25T17:20:07.563+0000] {logging_mixin.py:190} INFO - [2026-05-25T17:20:07.563+0000] {dag.py:4180} INFO - Setting next_dagrun for lastfm_pipeline to 2026-05-24 00:00:00+00:00, run_after=2026-05-25 00:00:00+00:00
[2026-05-25T17:20:07.575+0000] {processor.py:208} INFO - Processing /opt/airflow/dags/pipeline.py took 0.071 seconds
[2026-05-25T17:20:37.710+0000] {processor.py:186} INFO - Started process (PID=655) to work on /opt/airflow/dags/pipeline.py
[2026-05-25T17:20:37.711+0000] {processor.py:914} INFO - Processing file /opt/airflow/dags/pipeline.py for tasks to queue
[2026-05-25T17:20:37.712+0000] {logging_mixin.py:190} INFO - [2026-05-25T17:20:37.712+0000] {dagbag.py:588} INFO - Filling up the DagBag from /opt/airflow/dags/pipeline.py
[2026-05-25T17:20:37.724+0000] {processor.py:925} INFO - DAG(s) 'lastfm_pipeline' retrieved from /opt/airflow/dags/pipeline.py
[2026-05-25T17:20:37.744+0000] {logging_mixin.py:190} INFO - [2026-05-25T17:20:37.744+0000] {dag.py:3239} INFO - Sync 1 DAGs
[2026-05-25T17:20:37.761+0000] {logging_mixin.py:190} INFO - [2026-05-25T17:20:37.761+0000] {dag.py:4180} INFO - Setting next_dagrun for lastfm_pipeline to 2026-05-24 00:00:00+00:00, run_after=2026-05-25 00:00:00+00:00
[2026-05-25T17:20:37.772+0000] {processor.py:208} INFO - Processing /opt/airflow/dags/pipeline.py took 0.068 seconds
[2026-05-25T17:21:07.853+0000] {processor.py:186} INFO - Started process (PID=660) to work on /opt/airflow/dags/pipeline.py
[2026-05-25T17:21:07.856+0000] {processor.py:914} INFO - Processing file /opt/airflow/dags/pipeline.py for tasks to queue
[2026-05-25T17:21:07.858+0000] {logging_mixin.py:190} INFO - [2026-05-25T17:21:07.858+0000] {dagbag.py:588} INFO - Filling up the DagBag from /opt/airflow/dags/pipeline.py
[2026-05-25T17:21:07.870+0000] {processor.py:925} INFO - DAG(s) 'lastfm_pipeline' retrieved from /opt/airflow/dags/pipeline.py
[2026-05-25T17:21:07.893+0000] {logging_mixin.py:190} INFO - [2026-05-25T17:21:07.892+0000] {dag.py:3239} INFO - Sync 1 DAGs
[2026-05-25T17:21:07.910+0000] {logging_mixin.py:190} INFO - [2026-05-25T17:21:07.909+0000] {dag.py:4180} INFO - Setting next_dagrun for lastfm_pipeline to 2026-05-24 00:00:00+00:00, run_after=2026-05-25 00:00:00+00:00
[2026-05-25T17:21:07.923+0000] {processor.py:208} INFO - Processing /opt/airflow/dags/pipeline.py took 0.075 seconds
[2026-05-25T17:21:38.050+0000] {processor.py:186} INFO - Started process (PID=665) to work on /opt/airflow/dags/pipeline.py
[2026-05-25T17:21:38.051+0000] {processor.py:914} INFO - Processing file /opt/airflow/dags/pipeline.py for tasks to queue
[2026-05-25T17:21:38.052+0000] {logging_mixin.py:190} INFO - [2026-05-25T17:21:38.052+0000] {dagbag.py:588} INFO - Filling up the DagBag from /opt/airflow/dags/pipeline.py
[2026-05-25T17:21:38.067+0000] {processor.py:925} INFO - DAG(s) 'lastfm_pipeline' retrieved from /opt/airflow/dags/pipeline.py
[2026-05-25T17:21:38.093+0000] {logging_mixin.py:190} INFO - [2026-05-25T17:21:38.092+0000] {dag.py:3239} INFO - Sync 1 DAGs
[2026-05-25T17:21:38.115+0000] {logging_mixin.py:190} INFO - [2026-05-25T17:21:38.114+0000] {dag.py:4180} INFO - Setting next_dagrun for lastfm_pipeline to 2026-05-24 00:00:00+00:00, run_after=2026-05-25 00:00:00+00:00
[2026-05-25T17:21:38.128+0000] {processor.py:208} INFO - Processing /opt/airflow/dags/pipeline.py took 0.084 seconds
[2026-05-25T17:22:08.191+0000] {processor.py:186} INFO - Started process (PID=670) to work on /opt/airflow/dags/pipeline.py
[2026-05-25T17:22:08.192+0000] {processor.py:914} INFO - Processing file /opt/airflow/dags/pipeline.py for tasks to queue
[2026-05-25T17:22:08.194+0000] {logging_mixin.py:190} INFO - [2026-05-25T17:22:08.194+0000] {dagbag.py:588} INFO - Filling up the DagBag from /opt/airflow/dags/pipeline.py
[2026-05-25T17:22:08.207+0000] {processor.py:925} INFO - DAG(s) 'lastfm_pipeline' retrieved from /opt/airflow/dags/pipeline.py
[2026-05-25T17:22:08.230+0000] {logging_mixin.py:190} INFO - [2026-05-25T17:22:08.230+0000] {dag.py:3239} INFO - Sync 1 DAGs
[2026-05-25T17:22:08.250+0000] {logging_mixin.py:190} INFO - [2026-05-25T17:22:08.250+0000] {dag.py:4180} INFO - Setting next_dagrun for lastfm_pipeline to 2026-05-24 00:00:00+00:00, run_after=2026-05-25 00:00:00+00:00
[2026-05-25T17:22:08.267+0000] {processor.py:208} INFO - Processing /opt/airflow/dags/pipeline.py took 0.081 seconds
[2026-05-25T17:22:38.412+0000] {processor.py:186} INFO - Started process (PID=675) to work on /opt/airflow/dags/pipeline.py
[2026-05-25T17:22:38.414+0000] {processor.py:914} INFO - Processing file /opt/airflow/dags/pipeline.py for tasks to queue
[2026-05-25T17:22:38.416+0000] {logging_mixin.py:190} INFO - [2026-05-25T17:22:38.416+0000] {dagbag.py:588} INFO - Filling up the DagBag from /opt/airflow/dags/pipeline.py
[2026-05-25T17:22:38.429+0000] {processor.py:925} INFO - DAG(s) 'lastfm_pipeline' retrieved from /opt/airflow/dags/pipeline.py
[2026-05-25T17:22:38.449+0000] {logging_mixin.py:190} INFO - [2026-05-25T17:22:38.449+0000] {dag.py:3239} INFO - Sync 1 DAGs
[2026-05-25T17:22:38.467+0000] {logging_mixin.py:190} INFO - [2026-05-25T17:22:38.467+0000] {dag.py:4180} INFO - Setting next_dagrun for lastfm_pipeline to 2026-05-24 00:00:00+00:00, run_after=2026-05-25 00:00:00+00:00
[2026-05-25T17:22:38.479+0000] {processor.py:208} INFO - Processing /opt/airflow/dags/pipeline.py took 0.073 seconds
[2026-05-25T17:23:08.551+0000] {processor.py:186} INFO - Started process (PID=680) to work on /opt/airflow/dags/pipeline.py
[2026-05-25T17:23:08.552+0000] {processor.py:914} INFO - Processing file /opt/airflow/dags/pipeline.py for tasks to queue
[2026-05-25T17:23:08.554+0000] {logging_mixin.py:190} INFO - [2026-05-25T17:23:08.553+0000] {dagbag.py:588} INFO - Filling up the DagBag from /opt/airflow/dags/pipeline.py
[2026-05-25T17:23:08.568+0000] {processor.py:925} INFO - DAG(s) 'lastfm_pipeline' retrieved from /opt/airflow/dags/pipeline.py
[2026-05-25T17:23:08.591+0000] {logging_mixin.py:190} INFO - [2026-05-25T17:23:08.590+0000] {dag.py:3239} INFO - Sync 1 DAGs
[2026-05-25T17:23:08.613+0000] {logging_mixin.py:190} INFO - [2026-05-25T17:23:08.613+0000] {dag.py:4180} INFO - Setting next_dagrun for lastfm_pipeline to 2026-05-24 00:00:00+00:00, run_after=2026-05-25 00:00:00+00:00
[2026-05-25T17:23:08.629+0000] {processor.py:208} INFO - Processing /opt/airflow/dags/pipeline.py took 0.084 seconds
[2026-05-25T17:23:38.758+0000] {processor.py:186} INFO - Started process (PID=685) to work on /opt/airflow/dags/pipeline.py
[2026-05-25T17:23:38.761+0000] {processor.py:914} INFO - Processing file /opt/airflow/dags/pipeline.py for tasks to queue
[2026-05-25T17:23:38.763+0000] {logging_mixin.py:190} INFO - [2026-05-25T17:23:38.763+0000] {dagbag.py:588} INFO - Filling up the DagBag from /opt/airflow/dags/pipeline.py
[2026-05-25T17:23:38.777+0000] {processor.py:925} INFO - DAG(s) 'lastfm_pipeline' retrieved from /opt/airflow/dags/pipeline.py
[2026-05-25T17:23:38.800+0000] {logging_mixin.py:190} INFO - [2026-05-25T17:23:38.800+0000] {dag.py:3239} INFO - Sync 1 DAGs
[2026-05-25T17:23:38.821+0000] {logging_mixin.py:190} INFO - [2026-05-25T17:23:38.821+0000] {dag.py:4180} INFO - Setting next_dagrun for lastfm_pipeline to 2026-05-24 00:00:00+00:00, run_after=2026-05-25 00:00:00+00:00
[2026-05-25T17:23:38.834+0000] {processor.py:208} INFO - Processing /opt/airflow/dags/pipeline.py took 0.081 seconds
[2026-05-25T17:24:08.900+0000] {processor.py:186} INFO - Started process (PID=690) to work on /opt/airflow/dags/pipeline.py
[2026-05-25T17:24:08.900+0000] {processor.py:914} INFO - Processing file /opt/airflow/dags/pipeline.py for tasks to queue
[2026-05-25T17:24:08.903+0000] {logging_mixin.py:190} INFO - [2026-05-25T17:24:08.902+0000] {dagbag.py:588} INFO - Filling up the DagBag from /opt/airflow/dags/pipeline.py
[2026-05-25T17:24:08.915+0000] {processor.py:925} INFO - DAG(s) 'lastfm_pipeline' retrieved from /opt/airflow/dags/pipeline.py
[2026-05-25T17:24:08.938+0000] {logging_mixin.py:190} INFO - [2026-05-25T17:24:08.938+0000] {dag.py:3239} INFO - Sync 1 DAGs
[2026-05-25T17:24:08.959+0000] {logging_mixin.py:190} INFO - [2026-05-25T17:24:08.958+0000] {dag.py:4180} INFO - Setting next_dagrun for lastfm_pipeline to 2026-05-24 00:00:00+00:00, run_after=2026-05-25 00:00:00+00:00
[2026-05-25T17:24:08.971+0000] {processor.py:208} INFO - Processing /opt/airflow/dags/pipeline.py took 0.076 seconds
[2026-05-25T17:24:39.097+0000] {processor.py:186} INFO - Started process (PID=695) to work on /opt/airflow/dags/pipeline.py
[2026-05-25T17:24:39.100+0000] {processor.py:914} INFO - Processing file /opt/airflow/dags/pipeline.py for tasks to queue
[2026-05-25T17:24:39.102+0000] {logging_mixin.py:190} INFO - [2026-05-25T17:24:39.102+0000] {dagbag.py:588} INFO - Filling up the DagBag from /opt/airflow/dags/pipeline.py
[2026-05-25T17:24:39.115+0000] {processor.py:925} INFO - DAG(s) 'lastfm_pipeline' retrieved from /opt/airflow/dags/pipeline.py
[2026-05-25T17:24:39.137+0000] {logging_mixin.py:190} INFO - [2026-05-25T17:24:39.136+0000] {dag.py:3239} INFO - Sync 1 DAGs
[2026-05-25T17:24:39.154+0000] {logging_mixin.py:190} INFO - [2026-05-25T17:24:39.154+0000] {dag.py:4180} INFO - Setting next_dagrun for lastfm_pipeline to 2026-05-24 00:00:00+00:00, run_after=2026-05-25 00:00:00+00:00
[2026-05-25T17:24:39.174+0000] {processor.py:208} INFO - Processing /opt/airflow/dags/pipeline.py took 0.082 seconds
[2026-05-25T17:25:09.235+0000] {processor.py:186} INFO - Started process (PID=700) to work on /opt/airflow/dags/pipeline.py
[2026-05-25T17:25:09.236+0000] {processor.py:914} INFO - Processing file /opt/airflow/dags/pipeline.py for tasks to queue
[2026-05-25T17:25:09.237+0000] {logging_mixin.py:190} INFO - [2026-05-25T17:25:09.237+0000] {dagbag.py:588} INFO - Filling up the DagBag from /opt/airflow/dags/pipeline.py
[2026-05-25T17:25:09.252+0000] {processor.py:925} INFO - DAG(s) 'lastfm_pipeline' retrieved from /opt/airflow/dags/pipeline.py
[2026-05-25T17:25:09.274+0000] {logging_mixin.py:190} INFO - [2026-05-25T17:25:09.274+0000] {dag.py:3239} INFO - Sync 1 DAGs
[2026-05-25T17:25:09.294+0000] {logging_mixin.py:190} INFO - [2026-05-25T17:25:09.294+0000] {dag.py:4180} INFO - Setting next_dagrun for lastfm_pipeline to 2026-05-24 00:00:00+00:00, run_after=2026-05-25 00:00:00+00:00
[2026-05-25T17:25:09.309+0000] {processor.py:208} INFO - Processing /opt/airflow/dags/pipeline.py took 0.079 seconds
[2026-05-25T17:25:39.456+0000] {processor.py:186} INFO - Started process (PID=705) to work on /opt/airflow/dags/pipeline.py
[2026-05-25T17:25:39.459+0000] {processor.py:914} INFO - Processing file /opt/airflow/dags/pipeline.py for tasks to queue
[2026-05-25T17:25:39.461+0000] {logging_mixin.py:190} INFO - [2026-05-25T17:25:39.461+0000] {dagbag.py:588} INFO - Filling up the DagBag from /opt/airflow/dags/pipeline.py
[2026-05-25T17:25:39.473+0000] {processor.py:925} INFO - DAG(s) 'lastfm_pipeline' retrieved from /opt/airflow/dags/pipeline.py
[2026-05-25T17:25:39.495+0000] {logging_mixin.py:190} INFO - [2026-05-25T17:25:39.495+0000] {dag.py:3239} INFO - Sync 1 DAGs
[2026-05-25T17:25:39.513+0000] {logging_mixin.py:190} INFO - [2026-05-25T17:25:39.513+0000] {dag.py:4180} INFO - Setting next_dagrun for lastfm_pipeline to 2026-05-24 00:00:00+00:00, run_after=2026-05-25 00:00:00+00:00
[2026-05-25T17:25:39.526+0000] {processor.py:208} INFO - Processing /opt/airflow/dags/pipeline.py took 0.075 seconds
[2026-05-25T17:26:09.597+0000] {processor.py:186} INFO - Started process (PID=710) to work on /opt/airflow/dags/pipeline.py
[2026-05-25T17:26:09.598+0000] {processor.py:914} INFO - Processing file /opt/airflow/dags/pipeline.py for tasks to queue
[2026-05-25T17:26:09.600+0000] {logging_mixin.py:190} INFO - [2026-05-25T17:26:09.600+0000] {dagbag.py:588} INFO - Filling up the DagBag from /opt/airflow/dags/pipeline.py
[2026-05-25T17:26:09.613+0000] {processor.py:925} INFO - DAG(s) 'lastfm_pipeline' retrieved from /opt/airflow/dags/pipeline.py
[2026-05-25T17:26:09.636+0000] {logging_mixin.py:190} INFO - [2026-05-25T17:26:09.636+0000] {dag.py:3239} INFO - Sync 1 DAGs
[2026-05-25T17:26:09.653+0000] {logging_mixin.py:190} INFO - [2026-05-25T17:26:09.653+0000] {dag.py:4180} INFO - Setting next_dagrun for lastfm_pipeline to 2026-05-24 00:00:00+00:00, run_after=2026-05-25 00:00:00+00:00
[2026-05-25T17:26:09.666+0000] {processor.py:208} INFO - Processing /opt/airflow/dags/pipeline.py took 0.073 seconds
[2026-05-25T17:26:39.800+0000] {processor.py:186} INFO - Started process (PID=715) to work on /opt/airflow/dags/pipeline.py
[2026-05-25T17:26:39.802+0000] {processor.py:914} INFO - Processing file /opt/airflow/dags/pipeline.py for tasks to queue
[2026-05-25T17:26:39.805+0000] {logging_mixin.py:190} INFO - [2026-05-25T17:26:39.804+0000] {dagbag.py:588} INFO - Filling up the DagBag from /opt/airflow/dags/pipeline.py
[2026-05-25T17:26:39.817+0000] {processor.py:925} INFO - DAG(s) 'lastfm_pipeline' retrieved from /opt/airflow/dags/pipeline.py
[2026-05-25T17:26:39.838+0000] {logging_mixin.py:190} INFO - [2026-05-25T17:26:39.838+0000] {dag.py:3239} INFO - Sync 1 DAGs
[2026-05-25T17:26:39.856+0000] {logging_mixin.py:190} INFO - [2026-05-25T17:26:39.856+0000] {dag.py:4180} INFO - Setting next_dagrun for lastfm_pipeline to 2026-05-24 00:00:00+00:00, run_after=2026-05-25 00:00:00+00:00
[2026-05-25T17:26:39.868+0000] {processor.py:208} INFO - Processing /opt/airflow/dags/pipeline.py took 0.072 seconds
[2026-05-25T17:27:09.947+0000] {processor.py:186} INFO - Started process (PID=720) to work on /opt/airflow/dags/pipeline.py
[2026-05-25T17:27:09.947+0000] {processor.py:914} INFO - Processing file /opt/airflow/dags/pipeline.py for tasks to queue
[2026-05-25T17:27:09.949+0000] {logging_mixin.py:190} INFO - [2026-05-25T17:27:09.949+0000] {dagbag.py:588} INFO - Filling up the DagBag from /opt/airflow/dags/pipeline.py
[2026-05-25T17:27:09.962+0000] {processor.py:925} INFO - DAG(s) 'lastfm_pipeline' retrieved from /opt/airflow/dags/pipeline.py
[2026-05-25T17:27:09.985+0000] {logging_mixin.py:190} INFO - [2026-05-25T17:27:09.984+0000] {dag.py:3239} INFO - Sync 1 DAGs
[2026-05-25T17:27:10.003+0000] {logging_mixin.py:190} INFO - [2026-05-25T17:27:10.003+0000] {dag.py:4180} INFO - Setting next_dagrun for lastfm_pipeline to 2026-05-24 00:00:00+00:00, run_after=2026-05-25 00:00:00+00:00
[2026-05-25T17:27:10.016+0000] {processor.py:208} INFO - Processing /opt/airflow/dags/pipeline.py took 0.074 seconds
[2026-05-25T17:27:40.152+0000] {processor.py:186} INFO - Started process (PID=725) to work on /opt/airflow/dags/pipeline.py
[2026-05-25T17:27:40.155+0000] {processor.py:914} INFO - Processing file /opt/airflow/dags/pipeline.py for tasks to queue
[2026-05-25T17:27:40.157+0000] {logging_mixin.py:190} INFO - [2026-05-25T17:27:40.157+0000] {dagbag.py:588} INFO - Filling up the DagBag from /opt/airflow/dags/pipeline.py
[2026-05-25T17:27:40.170+0000] {processor.py:925} INFO - DAG(s) 'lastfm_pipeline' retrieved from /opt/airflow/dags/pipeline.py
[2026-05-25T17:27:40.192+0000] {logging_mixin.py:190} INFO - [2026-05-25T17:27:40.192+0000] {dag.py:3239} INFO - Sync 1 DAGs
[2026-05-25T17:27:40.211+0000] {logging_mixin.py:190} INFO - [2026-05-25T17:27:40.211+0000] {dag.py:4180} INFO - Setting next_dagrun for lastfm_pipeline to 2026-05-24 00:00:00+00:00, run_after=2026-05-25 00:00:00+00:00
[2026-05-25T17:27:40.224+0000] {processor.py:208} INFO - Processing /opt/airflow/dags/pipeline.py took 0.076 seconds
[2026-05-25T17:28:10.292+0000] {processor.py:186} INFO - Started process (PID=730) to work on /opt/airflow/dags/pipeline.py
[2026-05-25T17:28:10.293+0000] {processor.py:914} INFO - Processing file /opt/airflow/dags/pipeline.py for tasks to queue
[2026-05-25T17:28:10.295+0000] {logging_mixin.py:190} INFO - [2026-05-25T17:28:10.295+0000] {dagbag.py:588} INFO - Filling up the DagBag from /opt/airflow/dags/pipeline.py
[2026-05-25T17:28:10.309+0000] {processor.py:925} INFO - DAG(s) 'lastfm_pipeline' retrieved from /opt/airflow/dags/pipeline.py
[2026-05-25T17:28:10.334+0000] {logging_mixin.py:190} INFO - [2026-05-25T17:28:10.334+0000] {dag.py:3239} INFO - Sync 1 DAGs
[2026-05-25T17:28:10.354+0000] {logging_mixin.py:190} INFO - [2026-05-25T17:28:10.354+0000] {dag.py:4180} INFO - Setting next_dagrun for lastfm_pipeline to 2026-05-24 00:00:00+00:00, run_after=2026-05-25 00:00:00+00:00
[2026-05-25T17:28:10.369+0000] {processor.py:208} INFO - Processing /opt/airflow/dags/pipeline.py took 0.082 seconds
[2026-05-25T17:28:40.494+0000] {processor.py:186} INFO - Started process (PID=735) to work on /opt/airflow/dags/pipeline.py
[2026-05-25T17:28:40.494+0000] {processor.py:914} INFO - Processing file /opt/airflow/dags/pipeline.py for tasks to queue
[2026-05-25T17:28:40.496+0000] {logging_mixin.py:190} INFO - [2026-05-25T17:28:40.496+0000] {dagbag.py:588} INFO - Filling up the DagBag from /opt/airflow/dags/pipeline.py
[2026-05-25T17:28:40.508+0000] {processor.py:925} INFO - DAG(s) 'lastfm_pipeline' retrieved from /opt/airflow/dags/pipeline.py
[2026-05-25T17:28:40.529+0000] {logging_mixin.py:190} INFO - [2026-05-25T17:28:40.529+0000] {dag.py:3239} INFO - Sync 1 DAGs
[2026-05-25T17:28:40.547+0000] {logging_mixin.py:190} INFO - [2026-05-25T17:28:40.547+0000] {dag.py:4180} INFO - Setting next_dagrun for lastfm_pipeline to 2026-05-24 00:00:00+00:00, run_after=2026-05-25 00:00:00+00:00
[2026-05-25T17:28:40.560+0000] {processor.py:208} INFO - Processing /opt/airflow/dags/pipeline.py took 0.072 seconds
[2026-05-25T17:29:10.628+0000] {processor.py:186} INFO - Started process (PID=740) to work on /opt/airflow/dags/pipeline.py
[2026-05-25T17:29:10.629+0000] {processor.py:914} INFO - Processing file /opt/airflow/dags/pipeline.py for tasks to queue
[2026-05-25T17:29:10.631+0000] {logging_mixin.py:190} INFO - [2026-05-25T17:29:10.631+0000] {dagbag.py:588} INFO - Filling up the DagBag from /opt/airflow/dags/pipeline.py
[2026-05-25T17:29:10.644+0000] {processor.py:925} INFO - DAG(s) 'lastfm_pipeline' retrieved from /opt/airflow/dags/pipeline.py
[2026-05-25T17:29:10.666+0000] {logging_mixin.py:190} INFO - [2026-05-25T17:29:10.665+0000] {dag.py:3239} INFO - Sync 1 DAGs
[2026-05-25T17:29:10.685+0000] {logging_mixin.py:190} INFO - [2026-05-25T17:29:10.685+0000] {dag.py:4180} INFO - Setting next_dagrun for lastfm_pipeline to 2026-05-24 00:00:00+00:00, run_after=2026-05-25 00:00:00+00:00
[2026-05-25T17:29:10.697+0000] {processor.py:208} INFO - Processing /opt/airflow/dags/pipeline.py took 0.073 seconds
[2026-05-25T17:29:40.817+0000] {processor.py:186} INFO - Started process (PID=745) to work on /opt/airflow/dags/pipeline.py
[2026-05-25T17:29:40.818+0000] {processor.py:914} INFO - Processing file /opt/airflow/dags/pipeline.py for tasks to queue
[2026-05-25T17:29:40.820+0000] {logging_mixin.py:190} INFO - [2026-05-25T17:29:40.820+0000] {dagbag.py:588} INFO - Filling up the DagBag from /opt/airflow/dags/pipeline.py
[2026-05-25T17:29:40.834+0000] {processor.py:925} INFO - DAG(s) 'lastfm_pipeline' retrieved from /opt/airflow/dags/pipeline.py
[2026-05-25T17:29:40.856+0000] {logging_mixin.py:190} INFO - [2026-05-25T17:29:40.856+0000] {dag.py:3239} INFO - Sync 1 DAGs
[2026-05-25T17:29:40.876+0000] {logging_mixin.py:190} INFO - [2026-05-25T17:29:40.876+0000] {dag.py:4180} INFO - Setting next_dagrun for lastfm_pipeline to 2026-05-24 00:00:00+00:00, run_after=2026-05-25 00:00:00+00:00
[2026-05-25T17:29:40.887+0000] {processor.py:208} INFO - Processing /opt/airflow/dags/pipeline.py took 0.074 seconds
[2026-05-25T17:30:10.964+0000] {processor.py:186} INFO - Started process (PID=750) to work on /opt/airflow/dags/pipeline.py
[2026-05-25T17:30:10.965+0000] {processor.py:914} INFO - Processing file /opt/airflow/dags/pipeline.py for tasks to queue
[2026-05-25T17:30:10.967+0000] {logging_mixin.py:190} INFO - [2026-05-25T17:30:10.967+0000] {dagbag.py:588} INFO - Filling up the DagBag from /opt/airflow/dags/pipeline.py
[2026-05-25T17:30:10.979+0000] {processor.py:925} INFO - DAG(s) 'lastfm_pipeline' retrieved from /opt/airflow/dags/pipeline.py
[2026-05-25T17:30:11.002+0000] {logging_mixin.py:190} INFO - [2026-05-25T17:30:11.001+0000] {dag.py:3239} INFO - Sync 1 DAGs
[2026-05-25T17:30:11.019+0000] {logging_mixin.py:190} INFO - [2026-05-25T17:30:11.019+0000] {dag.py:4180} INFO - Setting next_dagrun for lastfm_pipeline to 2026-05-24 00:00:00+00:00, run_after=2026-05-25 00:00:00+00:00
[2026-05-25T17:30:11.030+0000] {processor.py:208} INFO - Processing /opt/airflow/dags/pipeline.py took 0.070 seconds
[2026-05-25T17:30:41.160+0000] {processor.py:186} INFO - Started process (PID=755) to work on /opt/airflow/dags/pipeline.py
[2026-05-25T17:30:41.163+0000] {processor.py:914} INFO - Processing file /opt/airflow/dags/pipeline.py for tasks to queue
[2026-05-25T17:30:41.165+0000] {logging_mixin.py:190} INFO - [2026-05-25T17:30:41.165+0000] {dagbag.py:588} INFO - Filling up the DagBag from /opt/airflow/dags/pipeline.py
[2026-05-25T17:30:41.178+0000] {processor.py:925} INFO - DAG(s) 'lastfm_pipeline' retrieved from /opt/airflow/dags/pipeline.py
[2026-05-25T17:30:41.201+0000] {logging_mixin.py:190} INFO - [2026-05-25T17:30:41.201+0000] {dag.py:3239} INFO - Sync 1 DAGs
[2026-05-25T17:30:41.220+0000] {logging_mixin.py:190} INFO - [2026-05-25T17:30:41.220+0000] {dag.py:4180} INFO - Setting next_dagrun for lastfm_pipeline to 2026-05-24 00:00:00+00:00, run_after=2026-05-25 00:00:00+00:00
[2026-05-25T17:30:41.234+0000] {processor.py:208} INFO - Processing /opt/airflow/dags/pipeline.py took 0.078 seconds
[2026-05-25T17:31:11.300+0000] {processor.py:186} INFO - Started process (PID=760) to work on /opt/airflow/dags/pipeline.py
[2026-05-25T17:31:11.300+0000] {processor.py:914} INFO - Processing file /opt/airflow/dags/pipeline.py for tasks to queue
[2026-05-25T17:31:11.302+0000] {logging_mixin.py:190} INFO - [2026-05-25T17:31:11.302+0000] {dagbag.py:588} INFO - Filling up the DagBag from /opt/airflow/dags/pipeline.py
[2026-05-25T17:31:11.313+0000] {processor.py:925} INFO - DAG(s) 'lastfm_pipeline' retrieved from /opt/airflow/dags/pipeline.py
[2026-05-25T17:31:11.336+0000] {logging_mixin.py:190} INFO - [2026-05-25T17:31:11.335+0000] {dag.py:3239} INFO - Sync 1 DAGs
[2026-05-25T17:31:11.352+0000] {logging_mixin.py:190} INFO - [2026-05-25T17:31:11.352+0000] {dag.py:4180} INFO - Setting next_dagrun for lastfm_pipeline to 2026-05-24 00:00:00+00:00, run_after=2026-05-25 00:00:00+00:00
[2026-05-25T17:31:11.366+0000] {processor.py:208} INFO - Processing /opt/airflow/dags/pipeline.py took 0.072 seconds
[2026-05-25T17:31:41.513+0000] {processor.py:186} INFO - Started process (PID=765) to work on /opt/airflow/dags/pipeline.py
[2026-05-25T17:31:41.516+0000] {processor.py:914} INFO - Processing file /opt/airflow/dags/pipeline.py for tasks to queue
[2026-05-25T17:31:41.518+0000] {logging_mixin.py:190} INFO - [2026-05-25T17:31:41.518+0000] {dagbag.py:588} INFO - Filling up the DagBag from /opt/airflow/dags/pipeline.py
[2026-05-25T17:31:41.530+0000] {processor.py:925} INFO - DAG(s) 'lastfm_pipeline' retrieved from /opt/airflow/dags/pipeline.py
[2026-05-25T17:31:41.552+0000] {logging_mixin.py:190} INFO - [2026-05-25T17:31:41.552+0000] {dag.py:3239} INFO - Sync 1 DAGs
[2026-05-25T17:31:41.569+0000] {logging_mixin.py:190} INFO - [2026-05-25T17:31:41.569+0000] {dag.py:4180} INFO - Setting next_dagrun for lastfm_pipeline to 2026-05-24 00:00:00+00:00, run_after=2026-05-25 00:00:00+00:00
[2026-05-25T17:31:41.585+0000] {processor.py:208} INFO - Processing /opt/airflow/dags/pipeline.py took 0.076 seconds
[2026-05-25T17:32:11.652+0000] {processor.py:186} INFO - Started process (PID=770) to work on /opt/airflow/dags/pipeline.py
[2026-05-25T17:32:11.653+0000] {processor.py:914} INFO - Processing file /opt/airflow/dags/pipeline.py for tasks to queue
[2026-05-25T17:32:11.654+0000] {logging_mixin.py:190} INFO - [2026-05-25T17:32:11.654+0000] {dagbag.py:588} INFO - Filling up the DagBag from /opt/airflow/dags/pipeline.py
[2026-05-25T17:32:11.670+0000] {processor.py:925} INFO - DAG(s) 'lastfm_pipeline' retrieved from /opt/airflow/dags/pipeline.py
[2026-05-25T17:32:11.696+0000] {logging_mixin.py:190} INFO - [2026-05-25T17:32:11.695+0000] {dag.py:3239} INFO - Sync 1 DAGs
[2026-05-25T17:32:11.716+0000] {logging_mixin.py:190} INFO - [2026-05-25T17:32:11.716+0000] {dag.py:4180} INFO - Setting next_dagrun for lastfm_pipeline to 2026-05-24 00:00:00+00:00, run_after=2026-05-25 00:00:00+00:00
[2026-05-25T17:32:11.728+0000] {processor.py:208} INFO - Processing /opt/airflow/dags/pipeline.py took 0.081 seconds
[2026-05-25T17:32:41.871+0000] {processor.py:186} INFO - Started process (PID=775) to work on /opt/airflow/dags/pipeline.py
[2026-05-25T17:32:41.873+0000] {processor.py:914} INFO - Processing file /opt/airflow/dags/pipeline.py for tasks to queue
[2026-05-25T17:32:41.875+0000] {logging_mixin.py:190} INFO - [2026-05-25T17:32:41.875+0000] {dagbag.py:588} INFO - Filling up the DagBag from /opt/airflow/dags/pipeline.py
[2026-05-25T17:32:41.887+0000] {processor.py:925} INFO - DAG(s) 'lastfm_pipeline' retrieved from /opt/airflow/dags/pipeline.py
[2026-05-25T17:32:41.909+0000] {logging_mixin.py:190} INFO - [2026-05-25T17:32:41.908+0000] {dag.py:3239} INFO - Sync 1 DAGs
[2026-05-25T17:32:41.926+0000] {logging_mixin.py:190} INFO - [2026-05-25T17:32:41.925+0000] {dag.py:4180} INFO - Setting next_dagrun for lastfm_pipeline to 2026-05-24 00:00:00+00:00, run_after=2026-05-25 00:00:00+00:00
[2026-05-25T17:32:41.937+0000] {processor.py:208} INFO - Processing /opt/airflow/dags/pipeline.py took 0.071 seconds
[2026-05-25T17:33:12.006+0000] {processor.py:186} INFO - Started process (PID=780) to work on /opt/airflow/dags/pipeline.py
[2026-05-25T17:33:12.007+0000] {processor.py:914} INFO - Processing file /opt/airflow/dags/pipeline.py for tasks to queue
[2026-05-25T17:33:12.009+0000] {logging_mixin.py:190} INFO - [2026-05-25T17:33:12.009+0000] {dagbag.py:588} INFO - Filling up the DagBag from /opt/airflow/dags/pipeline.py
[2026-05-25T17:33:12.022+0000] {processor.py:925} INFO - DAG(s) 'lastfm_pipeline' retrieved from /opt/airflow/dags/pipeline.py
[2026-05-25T17:33:12.046+0000] {logging_mixin.py:190} INFO - [2026-05-25T17:33:12.045+0000] {dag.py:3239} INFO - Sync 1 DAGs
[2026-05-25T17:33:12.062+0000] {logging_mixin.py:190} INFO - [2026-05-25T17:33:12.062+0000] {dag.py:4180} INFO - Setting next_dagrun for lastfm_pipeline to 2026-05-24 00:00:00+00:00, run_after=2026-05-25 00:00:00+00:00
[2026-05-25T17:33:12.076+0000] {processor.py:208} INFO - Processing /opt/airflow/dags/pipeline.py took 0.075 seconds
[2026-05-25T17:33:42.203+0000] {processor.py:186} INFO - Started process (PID=785) to work on /opt/airflow/dags/pipeline.py
[2026-05-25T17:33:42.206+0000] {processor.py:914} INFO - Processing file /opt/airflow/dags/pipeline.py for tasks to queue
[2026-05-25T17:33:42.208+0000] {logging_mixin.py:190} INFO - [2026-05-25T17:33:42.208+0000] {dagbag.py:588} INFO - Filling up the DagBag from /opt/airflow/dags/pipeline.py
[2026-05-25T17:33:42.222+0000] {processor.py:925} INFO - DAG(s) 'lastfm_pipeline' retrieved from /opt/airflow/dags/pipeline.py
[2026-05-25T17:33:42.244+0000] {logging_mixin.py:190} INFO - [2026-05-25T17:33:42.243+0000] {dag.py:3239} INFO - Sync 1 DAGs
[2026-05-25T17:33:42.264+0000] {logging_mixin.py:190} INFO - [2026-05-25T17:33:42.263+0000] {dag.py:4180} INFO - Setting next_dagrun for lastfm_pipeline to 2026-05-24 00:00:00+00:00, run_after=2026-05-25 00:00:00+00:00
[2026-05-25T17:33:42.278+0000] {processor.py:208} INFO - Processing /opt/airflow/dags/pipeline.py took 0.079 seconds
[2026-05-25T17:34:12.341+0000] {processor.py:186} INFO - Started process (PID=790) to work on /opt/airflow/dags/pipeline.py
[2026-05-25T17:34:12.342+0000] {processor.py:914} INFO - Processing file /opt/airflow/dags/pipeline.py for tasks to queue
[2026-05-25T17:34:12.344+0000] {logging_mixin.py:190} INFO - [2026-05-25T17:34:12.344+0000] {dagbag.py:588} INFO - Filling up the DagBag from /opt/airflow/dags/pipeline.py
[2026-05-25T17:34:12.356+0000] {processor.py:925} INFO - DAG(s) 'lastfm_pipeline' retrieved from /opt/airflow/dags/pipeline.py
[2026-05-25T17:34:12.380+0000] {logging_mixin.py:190} INFO - [2026-05-25T17:34:12.379+0000] {dag.py:3239} INFO - Sync 1 DAGs
[2026-05-25T17:34:12.398+0000] {logging_mixin.py:190} INFO - [2026-05-25T17:34:12.398+0000] {dag.py:4180} INFO - Setting next_dagrun for lastfm_pipeline to 2026-05-24 00:00:00+00:00, run_after=2026-05-25 00:00:00+00:00
[2026-05-25T17:34:12.411+0000] {processor.py:208} INFO - Processing /opt/airflow/dags/pipeline.py took 0.074 seconds
[2026-05-25T17:34:42.553+0000] {processor.py:186} INFO - Started process (PID=795) to work on /opt/airflow/dags/pipeline.py
[2026-05-25T17:34:42.555+0000] {processor.py:914} INFO - Processing file /opt/airflow/dags/pipeline.py for tasks to queue
[2026-05-25T17:34:42.558+0000] {logging_mixin.py:190} INFO - [2026-05-25T17:34:42.557+0000] {dagbag.py:588} INFO - Filling up the DagBag from /opt/airflow/dags/pipeline.py
[2026-05-25T17:34:42.574+0000] {processor.py:925} INFO - DAG(s) 'lastfm_pipeline' retrieved from /opt/airflow/dags/pipeline.py
[2026-05-25T17:34:42.600+0000] {logging_mixin.py:190} INFO - [2026-05-25T17:34:42.600+0000] {dag.py:3239} INFO - Sync 1 DAGs
[2026-05-25T17:34:42.624+0000] {logging_mixin.py:190} INFO - [2026-05-25T17:34:42.623+0000] {dag.py:4180} INFO - Setting next_dagrun for lastfm_pipeline to 2026-05-24 00:00:00+00:00, run_after=2026-05-25 00:00:00+00:00
[2026-05-25T17:34:42.640+0000] {processor.py:208} INFO - Processing /opt/airflow/dags/pipeline.py took 0.094 seconds
[2026-05-25T17:35:12.686+0000] {processor.py:186} INFO - Started process (PID=800) to work on /opt/airflow/dags/pipeline.py
[2026-05-25T17:35:12.687+0000] {processor.py:914} INFO - Processing file /opt/airflow/dags/pipeline.py for tasks to queue
[2026-05-25T17:35:12.689+0000] {logging_mixin.py:190} INFO - [2026-05-25T17:35:12.688+0000] {dagbag.py:588} INFO - Filling up the DagBag from /opt/airflow/dags/pipeline.py
[2026-05-25T17:35:12.700+0000] {processor.py:925} INFO - DAG(s) 'lastfm_pipeline' retrieved from /opt/airflow/dags/pipeline.py
[2026-05-25T17:35:12.723+0000] {logging_mixin.py:190} INFO - [2026-05-25T17:35:12.723+0000] {dag.py:3239} INFO - Sync 1 DAGs
[2026-05-25T17:35:12.741+0000] {logging_mixin.py:190} INFO - [2026-05-25T17:35:12.740+0000] {dag.py:4180} INFO - Setting next_dagrun for lastfm_pipeline to 2026-05-24 00:00:00+00:00, run_after=2026-05-25 00:00:00+00:00
[2026-05-25T17:35:12.753+0000] {processor.py:208} INFO - Processing /opt/airflow/dags/pipeline.py took 0.072 seconds
[2026-05-25T17:35:42.824+0000] {processor.py:186} INFO - Started process (PID=805) to work on /opt/airflow/dags/pipeline.py
[2026-05-25T17:35:42.827+0000] {processor.py:914} INFO - Processing file /opt/airflow/dags/pipeline.py for tasks to queue
[2026-05-25T17:35:42.829+0000] {logging_mixin.py:190} INFO - [2026-05-25T17:35:42.828+0000] {dagbag.py:588} INFO - Filling up the DagBag from /opt/airflow/dags/pipeline.py
[2026-05-25T17:35:42.841+0000] {processor.py:925} INFO - DAG(s) 'lastfm_pipeline' retrieved from /opt/airflow/dags/pipeline.py
[2026-05-25T17:35:42.864+0000] {logging_mixin.py:190} INFO - [2026-05-25T17:35:42.863+0000] {dag.py:3239} INFO - Sync 1 DAGs
[2026-05-25T17:35:42.881+0000] {logging_mixin.py:190} INFO - [2026-05-25T17:35:42.881+0000] {dag.py:4180} INFO - Setting next_dagrun for lastfm_pipeline to 2026-05-24 00:00:00+00:00, run_after=2026-05-25 00:00:00+00:00
[2026-05-25T17:35:42.893+0000] {processor.py:208} INFO - Processing /opt/airflow/dags/pipeline.py took 0.073 seconds
[2026-05-25T17:36:13.021+0000] {processor.py:186} INFO - Started process (PID=810) to work on /opt/airflow/dags/pipeline.py
[2026-05-25T17:36:13.022+0000] {processor.py:914} INFO - Processing file /opt/airflow/dags/pipeline.py for tasks to queue
[2026-05-25T17:36:13.023+0000] {logging_mixin.py:190} INFO - [2026-05-25T17:36:13.023+0000] {dagbag.py:588} INFO - Filling up the DagBag from /opt/airflow/dags/pipeline.py
[2026-05-25T17:36:13.035+0000] {processor.py:925} INFO - DAG(s) 'lastfm_pipeline' retrieved from /opt/airflow/dags/pipeline.py
[2026-05-25T17:36:13.057+0000] {logging_mixin.py:190} INFO - [2026-05-25T17:36:13.057+0000] {dag.py:3239} INFO - Sync 1 DAGs
[2026-05-25T17:36:13.074+0000] {logging_mixin.py:190} INFO - [2026-05-25T17:36:13.074+0000] {dag.py:4180} INFO - Setting next_dagrun for lastfm_pipeline to 2026-05-24 00:00:00+00:00, run_after=2026-05-25 00:00:00+00:00
[2026-05-25T17:36:13.088+0000] {processor.py:208} INFO - Processing /opt/airflow/dags/pipeline.py took 0.071 seconds
[2026-05-25T17:36:43.161+0000] {processor.py:186} INFO - Started process (PID=815) to work on /opt/airflow/dags/pipeline.py
[2026-05-25T17:36:43.163+0000] {processor.py:914} INFO - Processing file /opt/airflow/dags/pipeline.py for tasks to queue
[2026-05-25T17:36:43.165+0000] {logging_mixin.py:190} INFO - [2026-05-25T17:36:43.165+0000] {dagbag.py:588} INFO - Filling up the DagBag from /opt/airflow/dags/pipeline.py
[2026-05-25T17:36:43.177+0000] {processor.py:925} INFO - DAG(s) 'lastfm_pipeline' retrieved from /opt/airflow/dags/pipeline.py
[2026-05-25T17:36:43.198+0000] {logging_mixin.py:190} INFO - [2026-05-25T17:36:43.198+0000] {dag.py:3239} INFO - Sync 1 DAGs
[2026-05-25T17:36:43.216+0000] {logging_mixin.py:190} INFO - [2026-05-25T17:36:43.216+0000] {dag.py:4180} INFO - Setting next_dagrun for lastfm_pipeline to 2026-05-24 00:00:00+00:00, run_after=2026-05-25 00:00:00+00:00
[2026-05-25T17:36:43.228+0000] {processor.py:208} INFO - Processing /opt/airflow/dags/pipeline.py took 0.072 seconds
[2026-05-25T17:37:13.356+0000] {processor.py:186} INFO - Started process (PID=820) to work on /opt/airflow/dags/pipeline.py
[2026-05-25T17:37:13.357+0000] {processor.py:914} INFO - Processing file /opt/airflow/dags/pipeline.py for tasks to queue
[2026-05-25T17:37:13.358+0000] {logging_mixin.py:190} INFO - [2026-05-25T17:37:13.358+0000] {dagbag.py:588} INFO - Filling up the DagBag from /opt/airflow/dags/pipeline.py
[2026-05-25T17:37:13.371+0000] {processor.py:925} INFO - DAG(s) 'lastfm_pipeline' retrieved from /opt/airflow/dags/pipeline.py
[2026-05-25T17:37:13.391+0000] {logging_mixin.py:190} INFO - [2026-05-25T17:37:13.391+0000] {dag.py:3239} INFO - Sync 1 DAGs
[2026-05-25T17:37:13.411+0000] {logging_mixin.py:190} INFO - [2026-05-25T17:37:13.411+0000] {dag.py:4180} INFO - Setting next_dagrun for lastfm_pipeline to 2026-05-24 00:00:00+00:00, run_after=2026-05-25 00:00:00+00:00
[2026-05-25T17:37:13.423+0000] {processor.py:208} INFO - Processing /opt/airflow/dags/pipeline.py took 0.071 seconds
[2026-05-25T17:37:43.508+0000] {processor.py:186} INFO - Started process (PID=825) to work on /opt/airflow/dags/pipeline.py
[2026-05-25T17:37:43.511+0000] {processor.py:914} INFO - Processing file /opt/airflow/dags/pipeline.py for tasks to queue
[2026-05-25T17:37:43.513+0000] {logging_mixin.py:190} INFO - [2026-05-25T17:37:43.513+0000] {dagbag.py:588} INFO - Filling up the DagBag from /opt/airflow/dags/pipeline.py
[2026-05-25T17:37:43.525+0000] {processor.py:925} INFO - DAG(s) 'lastfm_pipeline' retrieved from /opt/airflow/dags/pipeline.py
[2026-05-25T17:37:43.547+0000] {logging_mixin.py:190} INFO - [2026-05-25T17:37:43.546+0000] {dag.py:3239} INFO - Sync 1 DAGs
[2026-05-25T17:37:43.564+0000] {logging_mixin.py:190} INFO - [2026-05-25T17:37:43.564+0000] {dag.py:4180} INFO - Setting next_dagrun for lastfm_pipeline to 2026-05-24 00:00:00+00:00, run_after=2026-05-25 00:00:00+00:00
[2026-05-25T17:37:43.575+0000] {processor.py:208} INFO - Processing /opt/airflow/dags/pipeline.py took 0.072 seconds
[2026-05-25T17:38:13.684+0000] {processor.py:186} INFO - Started process (PID=830) to work on /opt/airflow/dags/pipeline.py
[2026-05-25T17:38:13.685+0000] {processor.py:914} INFO - Processing file /opt/airflow/dags/pipeline.py for tasks to queue
[2026-05-25T17:38:13.688+0000] {logging_mixin.py:190} INFO - [2026-05-25T17:38:13.688+0000] {dagbag.py:588} INFO - Filling up the DagBag from /opt/airflow/dags/pipeline.py
[2026-05-25T17:38:13.700+0000] {processor.py:925} INFO - DAG(s) 'lastfm_pipeline' retrieved from /opt/airflow/dags/pipeline.py
[2026-05-25T17:38:13.721+0000] {logging_mixin.py:190} INFO - [2026-05-25T17:38:13.721+0000] {dag.py:3239} INFO - Sync 1 DAGs
[2026-05-25T17:38:13.743+0000] {logging_mixin.py:190} INFO - [2026-05-25T17:38:13.743+0000] {dag.py:4180} INFO - Setting next_dagrun for lastfm_pipeline to 2026-05-24 00:00:00+00:00, run_after=2026-05-25 00:00:00+00:00
[2026-05-25T17:38:13.756+0000] {processor.py:208} INFO - Processing /opt/airflow/dags/pipeline.py took 0.076 seconds
[2026-05-25T17:38:43.847+0000] {processor.py:186} INFO - Started process (PID=835) to work on /opt/airflow/dags/pipeline.py
[2026-05-25T17:38:43.850+0000] {processor.py:914} INFO - Processing file /opt/airflow/dags/pipeline.py for tasks to queue
[2026-05-25T17:38:43.852+0000] {logging_mixin.py:190} INFO - [2026-05-25T17:38:43.852+0000] {dagbag.py:588} INFO - Filling up the DagBag from /opt/airflow/dags/pipeline.py
[2026-05-25T17:38:43.864+0000] {processor.py:925} INFO - DAG(s) 'lastfm_pipeline' retrieved from /opt/airflow/dags/pipeline.py
[2026-05-25T17:38:43.887+0000] {logging_mixin.py:190} INFO - [2026-05-25T17:38:43.887+0000] {dag.py:3239} INFO - Sync 1 DAGs
[2026-05-25T17:38:43.904+0000] {logging_mixin.py:190} INFO - [2026-05-25T17:38:43.904+0000] {dag.py:4180} INFO - Setting next_dagrun for lastfm_pipeline to 2026-05-24 00:00:00+00:00, run_after=2026-05-25 00:00:00+00:00
[2026-05-25T17:38:43.915+0000] {processor.py:208} INFO - Processing /opt/airflow/dags/pipeline.py took 0.074 seconds
[2026-05-25T17:39:14.024+0000] {processor.py:186} INFO - Started process (PID=840) to work on /opt/airflow/dags/pipeline.py
[2026-05-25T17:39:14.024+0000] {processor.py:914} INFO - Processing file /opt/airflow/dags/pipeline.py for tasks to queue
[2026-05-25T17:39:14.026+0000] {logging_mixin.py:190} INFO - [2026-05-25T17:39:14.026+0000] {dagbag.py:588} INFO - Filling up the DagBag from /opt/airflow/dags/pipeline.py
[2026-05-25T17:39:14.038+0000] {processor.py:925} INFO - DAG(s) 'lastfm_pipeline' retrieved from /opt/airflow/dags/pipeline.py
[2026-05-25T17:39:14.059+0000] {logging_mixin.py:190} INFO - [2026-05-25T17:39:14.058+0000] {dag.py:3239} INFO - Sync 1 DAGs
[2026-05-25T17:39:14.075+0000] {logging_mixin.py:190} INFO - [2026-05-25T17:39:14.075+0000] {dag.py:4180} INFO - Setting next_dagrun for lastfm_pipeline to 2026-05-24 00:00:00+00:00, run_after=2026-05-25 00:00:00+00:00
[2026-05-25T17:39:14.087+0000] {processor.py:208} INFO - Processing /opt/airflow/dags/pipeline.py took 0.069 seconds
[2026-05-25T17:39:44.188+0000] {processor.py:186} INFO - Started process (PID=845) to work on /opt/airflow/dags/pipeline.py
[2026-05-25T17:39:44.191+0000] {processor.py:914} INFO - Processing file /opt/airflow/dags/pipeline.py for tasks to queue
[2026-05-25T17:39:44.193+0000] {logging_mixin.py:190} INFO - [2026-05-25T17:39:44.193+0000] {dagbag.py:588} INFO - Filling up the DagBag from /opt/airflow/dags/pipeline.py
[2026-05-25T17:39:44.206+0000] {processor.py:925} INFO - DAG(s) 'lastfm_pipeline' retrieved from /opt/airflow/dags/pipeline.py
[2026-05-25T17:39:44.229+0000] {logging_mixin.py:190} INFO - [2026-05-25T17:39:44.229+0000] {dag.py:3239} INFO - Sync 1 DAGs
[2026-05-25T17:39:44.246+0000] {logging_mixin.py:190} INFO - [2026-05-25T17:39:44.246+0000] {dag.py:4180} INFO - Setting next_dagrun for lastfm_pipeline to 2026-05-24 00:00:00+00:00, run_after=2026-05-25 00:00:00+00:00
[2026-05-25T17:39:44.262+0000] {processor.py:208} INFO - Processing /opt/airflow/dags/pipeline.py took 0.078 seconds
[2026-05-25T17:40:14.363+0000] {processor.py:186} INFO - Started process (PID=850) to work on /opt/airflow/dags/pipeline.py
[2026-05-25T17:40:14.364+0000] {processor.py:914} INFO - Processing file /opt/airflow/dags/pipeline.py for tasks to queue
[2026-05-25T17:40:14.366+0000] {logging_mixin.py:190} INFO - [2026-05-25T17:40:14.365+0000] {dagbag.py:588} INFO - Filling up the DagBag from /opt/airflow/dags/pipeline.py
[2026-05-25T17:40:14.382+0000] {processor.py:925} INFO - DAG(s) 'lastfm_pipeline' retrieved from /opt/airflow/dags/pipeline.py
[2026-05-25T17:40:14.408+0000] {logging_mixin.py:190} INFO - [2026-05-25T17:40:14.408+0000] {dag.py:3239} INFO - Sync 1 DAGs
[2026-05-25T17:40:14.428+0000] {logging_mixin.py:190} INFO - [2026-05-25T17:40:14.428+0000] {dag.py:4180} INFO - Setting next_dagrun for lastfm_pipeline to 2026-05-24 00:00:00+00:00, run_after=2026-05-25 00:00:00+00:00
[2026-05-25T17:40:14.444+0000] {processor.py:208} INFO - Processing /opt/airflow/dags/pipeline.py took 0.087 seconds
[2026-05-25T17:40:44.541+0000] {processor.py:186} INFO - Started process (PID=855) to work on /opt/airflow/dags/pipeline.py
[2026-05-25T17:40:44.542+0000] {processor.py:914} INFO - Processing file /opt/airflow/dags/pipeline.py for tasks to queue
[2026-05-25T17:40:44.544+0000] {logging_mixin.py:190} INFO - [2026-05-25T17:40:44.544+0000] {dagbag.py:588} INFO - Filling up the DagBag from /opt/airflow/dags/pipeline.py
[2026-05-25T17:40:44.564+0000] {processor.py:925} INFO - DAG(s) 'lastfm_pipeline' retrieved from /opt/airflow/dags/pipeline.py
[2026-05-25T17:40:44.598+0000] {logging_mixin.py:190} INFO - [2026-05-25T17:40:44.598+0000] {dag.py:3239} INFO - Sync 1 DAGs
[2026-05-25T17:40:44.631+0000] {logging_mixin.py:190} INFO - [2026-05-25T17:40:44.631+0000] {dag.py:4180} INFO - Setting next_dagrun for lastfm_pipeline to 2026-05-24 00:00:00+00:00, run_after=2026-05-25 00:00:00+00:00
[2026-05-25T17:40:44.653+0000] {processor.py:208} INFO - Processing /opt/airflow/dags/pipeline.py took 0.118 seconds
