[2026-05-20T11:41:56.572+0000] {processor.py:186} INFO - Started process (PID=217) to work on /opt/airflow/dags/pipeline.py
[2026-05-20T11:41:56.573+0000] {processor.py:914} INFO - Processing file /opt/airflow/dags/pipeline.py for tasks to queue
[2026-05-20T11:41:56.576+0000] {logging_mixin.py:190} INFO - [2026-05-20T11:41:56.575+0000] {dagbag.py:588} INFO - Filling up the DagBag from /opt/airflow/dags/pipeline.py
[2026-05-20T11:41:56.594+0000] {logging_mixin.py:190} INFO - [2026-05-20T11:41:56.593+0000] {dagbag.py:387} ERROR - Failed to import: /opt/airflow/dags/pipeline.py
Traceback (most recent call last):
  File "/home/airflow/.local/lib/python3.12/site-packages/airflow/models/dagbag.py", line 383, in parse
    loader.exec_module(new_module)
  File "<frozen importlib._bootstrap_external>", line 999, in exec_module
  File "<frozen importlib._bootstrap>", line 488, in _call_with_frames_removed
  File "/opt/airflow/dags/pipeline.py", line 18, in <module>
    run_job = DatabricksRunNowOperator(
              ^^^^^^^^^^^^^^^^^^^^^^^^^
  File "/home/airflow/.local/lib/python3.12/site-packages/airflow/models/baseoperator.py", line 508, in apply_defaults
    result = func(self, **kwargs, default_args=default_args)
             ^^^^^^^^^^^^^^^^^^^^^^^^^^^^^^^^^^^^^^^^^^^^^^^
  File "/home/airflow/.local/lib/python3.12/site-packages/airflow/providers/databricks/operators/databricks.py", line 883, in __init__
    super().__init__(**kwargs)
  File "/home/airflow/.local/lib/python3.12/site-packages/airflow/models/baseoperator.py", line 508, in apply_defaults
    result = func(self, **kwargs, default_args=default_args)
             ^^^^^^^^^^^^^^^^^^^^^^^^^^^^^^^^^^^^^^^^^^^^^^^
TypeError: BaseOperator.__init__() missing 1 required positional argument: 'task_id'
[2026-05-20T11:41:56.595+0000] {processor.py:927} WARNING - No viable dags retrieved from /opt/airflow/dags/pipeline.py
[2026-05-20T11:41:56.611+0000] {processor.py:208} INFO - Processing /opt/airflow/dags/pipeline.py took 0.042 seconds
[2026-05-20T11:42:26.729+0000] {processor.py:186} INFO - Started process (PID=222) to work on /opt/airflow/dags/pipeline.py
[2026-05-20T11:42:26.730+0000] {processor.py:914} INFO - Processing file /opt/airflow/dags/pipeline.py for tasks to queue
[2026-05-20T11:42:26.731+0000] {logging_mixin.py:190} INFO - [2026-05-20T11:42:26.731+0000] {dagbag.py:588} INFO - Filling up the DagBag from /opt/airflow/dags/pipeline.py
[2026-05-20T11:42:26.747+0000] {logging_mixin.py:190} INFO - [2026-05-20T11:42:26.744+0000] {dagbag.py:387} ERROR - Failed to import: /opt/airflow/dags/pipeline.py
Traceback (most recent call last):
  File "/home/airflow/.local/lib/python3.12/site-packages/airflow/models/dagbag.py", line 383, in parse
    loader.exec_module(new_module)
  File "<frozen importlib._bootstrap_external>", line 999, in exec_module
  File "<frozen importlib._bootstrap>", line 488, in _call_with_frames_removed
  File "/opt/airflow/dags/pipeline.py", line 18, in <module>
    run_job = DatabricksRunNowOperator(
              ^^^^^^^^^^^^^^^^^^^^^^^^^
  File "/home/airflow/.local/lib/python3.12/site-packages/airflow/models/baseoperator.py", line 508, in apply_defaults
    result = func(self, **kwargs, default_args=default_args)
             ^^^^^^^^^^^^^^^^^^^^^^^^^^^^^^^^^^^^^^^^^^^^^^^
  File "/home/airflow/.local/lib/python3.12/site-packages/airflow/providers/databricks/operators/databricks.py", line 883, in __init__
    super().__init__(**kwargs)
  File "/home/airflow/.local/lib/python3.12/site-packages/airflow/models/baseoperator.py", line 508, in apply_defaults
    result = func(self, **kwargs, default_args=default_args)
             ^^^^^^^^^^^^^^^^^^^^^^^^^^^^^^^^^^^^^^^^^^^^^^^
TypeError: BaseOperator.__init__() missing 1 required positional argument: 'task_id'
[2026-05-20T11:42:26.748+0000] {processor.py:927} WARNING - No viable dags retrieved from /opt/airflow/dags/pipeline.py
[2026-05-20T11:42:26.767+0000] {processor.py:208} INFO - Processing /opt/airflow/dags/pipeline.py took 0.044 seconds
[2026-05-20T11:42:56.914+0000] {processor.py:186} INFO - Started process (PID=227) to work on /opt/airflow/dags/pipeline.py
[2026-05-20T11:42:56.914+0000] {processor.py:914} INFO - Processing file /opt/airflow/dags/pipeline.py for tasks to queue
[2026-05-20T11:42:56.916+0000] {logging_mixin.py:190} INFO - [2026-05-20T11:42:56.916+0000] {dagbag.py:588} INFO - Filling up the DagBag from /opt/airflow/dags/pipeline.py
[2026-05-20T11:42:56.935+0000] {logging_mixin.py:190} INFO - [2026-05-20T11:42:56.931+0000] {dagbag.py:387} ERROR - Failed to import: /opt/airflow/dags/pipeline.py
Traceback (most recent call last):
  File "/home/airflow/.local/lib/python3.12/site-packages/airflow/models/dagbag.py", line 383, in parse
    loader.exec_module(new_module)
  File "<frozen importlib._bootstrap_external>", line 999, in exec_module
  File "<frozen importlib._bootstrap>", line 488, in _call_with_frames_removed
  File "/opt/airflow/dags/pipeline.py", line 18, in <module>
    run_job = DatabricksRunNowOperator(
              ^^^^^^^^^^^^^^^^^^^^^^^^^
  File "/home/airflow/.local/lib/python3.12/site-packages/airflow/models/baseoperator.py", line 508, in apply_defaults
    result = func(self, **kwargs, default_args=default_args)
             ^^^^^^^^^^^^^^^^^^^^^^^^^^^^^^^^^^^^^^^^^^^^^^^
  File "/home/airflow/.local/lib/python3.12/site-packages/airflow/providers/databricks/operators/databricks.py", line 883, in __init__
    super().__init__(**kwargs)
  File "/home/airflow/.local/lib/python3.12/site-packages/airflow/models/baseoperator.py", line 508, in apply_defaults
    result = func(self, **kwargs, default_args=default_args)
             ^^^^^^^^^^^^^^^^^^^^^^^^^^^^^^^^^^^^^^^^^^^^^^^
TypeError: BaseOperator.__init__() missing 1 required positional argument: 'task_id'
[2026-05-20T11:42:56.935+0000] {processor.py:927} WARNING - No viable dags retrieved from /opt/airflow/dags/pipeline.py
[2026-05-20T11:42:56.957+0000] {processor.py:208} INFO - Processing /opt/airflow/dags/pipeline.py took 0.049 seconds
[2026-05-20T11:43:27.079+0000] {processor.py:186} INFO - Started process (PID=232) to work on /opt/airflow/dags/pipeline.py
[2026-05-20T11:43:27.079+0000] {processor.py:914} INFO - Processing file /opt/airflow/dags/pipeline.py for tasks to queue
[2026-05-20T11:43:27.082+0000] {logging_mixin.py:190} INFO - [2026-05-20T11:43:27.081+0000] {dagbag.py:588} INFO - Filling up the DagBag from /opt/airflow/dags/pipeline.py
[2026-05-20T11:43:27.093+0000] {logging_mixin.py:190} INFO - [2026-05-20T11:43:27.091+0000] {dagbag.py:387} ERROR - Failed to import: /opt/airflow/dags/pipeline.py
Traceback (most recent call last):
  File "/home/airflow/.local/lib/python3.12/site-packages/airflow/models/dagbag.py", line 383, in parse
    loader.exec_module(new_module)
  File "<frozen importlib._bootstrap_external>", line 999, in exec_module
  File "<frozen importlib._bootstrap>", line 488, in _call_with_frames_removed
  File "/opt/airflow/dags/pipeline.py", line 18, in <module>
    run_job = DatabricksRunNowOperator(
              ^^^^^^^^^^^^^^^^^^^^^^^^^
  File "/home/airflow/.local/lib/python3.12/site-packages/airflow/models/baseoperator.py", line 508, in apply_defaults
    result = func(self, **kwargs, default_args=default_args)
             ^^^^^^^^^^^^^^^^^^^^^^^^^^^^^^^^^^^^^^^^^^^^^^^
  File "/home/airflow/.local/lib/python3.12/site-packages/airflow/providers/databricks/operators/databricks.py", line 883, in __init__
    super().__init__(**kwargs)
  File "/home/airflow/.local/lib/python3.12/site-packages/airflow/models/baseoperator.py", line 508, in apply_defaults
    result = func(self, **kwargs, default_args=default_args)
             ^^^^^^^^^^^^^^^^^^^^^^^^^^^^^^^^^^^^^^^^^^^^^^^
TypeError: BaseOperator.__init__() missing 1 required positional argument: 'task_id'
[2026-05-20T11:43:27.094+0000] {processor.py:927} WARNING - No viable dags retrieved from /opt/airflow/dags/pipeline.py
[2026-05-20T11:43:27.113+0000] {processor.py:208} INFO - Processing /opt/airflow/dags/pipeline.py took 0.040 seconds
[2026-05-20T11:43:57.265+0000] {processor.py:186} INFO - Started process (PID=237) to work on /opt/airflow/dags/pipeline.py
[2026-05-20T11:43:57.267+0000] {processor.py:914} INFO - Processing file /opt/airflow/dags/pipeline.py for tasks to queue
[2026-05-20T11:43:57.270+0000] {logging_mixin.py:190} INFO - [2026-05-20T11:43:57.269+0000] {dagbag.py:588} INFO - Filling up the DagBag from /opt/airflow/dags/pipeline.py
[2026-05-20T11:43:57.281+0000] {logging_mixin.py:190} INFO - [2026-05-20T11:43:57.279+0000] {dagbag.py:387} ERROR - Failed to import: /opt/airflow/dags/pipeline.py
Traceback (most recent call last):
  File "/home/airflow/.local/lib/python3.12/site-packages/airflow/models/dagbag.py", line 383, in parse
    loader.exec_module(new_module)
  File "<frozen importlib._bootstrap_external>", line 999, in exec_module
  File "<frozen importlib._bootstrap>", line 488, in _call_with_frames_removed
  File "/opt/airflow/dags/pipeline.py", line 18, in <module>
    run_job = DatabricksRunNowOperator(
              ^^^^^^^^^^^^^^^^^^^^^^^^^
  File "/home/airflow/.local/lib/python3.12/site-packages/airflow/models/baseoperator.py", line 508, in apply_defaults
    result = func(self, **kwargs, default_args=default_args)
             ^^^^^^^^^^^^^^^^^^^^^^^^^^^^^^^^^^^^^^^^^^^^^^^
  File "/home/airflow/.local/lib/python3.12/site-packages/airflow/providers/databricks/operators/databricks.py", line 883, in __init__
    super().__init__(**kwargs)
  File "/home/airflow/.local/lib/python3.12/site-packages/airflow/models/baseoperator.py", line 508, in apply_defaults
    result = func(self, **kwargs, default_args=default_args)
             ^^^^^^^^^^^^^^^^^^^^^^^^^^^^^^^^^^^^^^^^^^^^^^^
TypeError: BaseOperator.__init__() missing 1 required positional argument: 'task_id'
[2026-05-20T11:43:57.282+0000] {processor.py:927} WARNING - No viable dags retrieved from /opt/airflow/dags/pipeline.py
[2026-05-20T11:43:57.348+0000] {processor.py:208} INFO - Processing /opt/airflow/dags/pipeline.py took 0.089 seconds
[2026-05-20T11:44:27.438+0000] {processor.py:186} INFO - Started process (PID=242) to work on /opt/airflow/dags/pipeline.py
[2026-05-20T11:44:27.438+0000] {processor.py:914} INFO - Processing file /opt/airflow/dags/pipeline.py for tasks to queue
[2026-05-20T11:44:27.441+0000] {logging_mixin.py:190} INFO - [2026-05-20T11:44:27.440+0000] {dagbag.py:588} INFO - Filling up the DagBag from /opt/airflow/dags/pipeline.py
[2026-05-20T11:44:27.452+0000] {logging_mixin.py:190} INFO - [2026-05-20T11:44:27.450+0000] {dagbag.py:387} ERROR - Failed to import: /opt/airflow/dags/pipeline.py
Traceback (most recent call last):
  File "/home/airflow/.local/lib/python3.12/site-packages/airflow/models/dagbag.py", line 383, in parse
    loader.exec_module(new_module)
  File "<frozen importlib._bootstrap_external>", line 999, in exec_module
  File "<frozen importlib._bootstrap>", line 488, in _call_with_frames_removed
  File "/opt/airflow/dags/pipeline.py", line 18, in <module>
    run_job = DatabricksRunNowOperator(
              ^^^^^^^^^^^^^^^^^^^^^^^^^
  File "/home/airflow/.local/lib/python3.12/site-packages/airflow/models/baseoperator.py", line 508, in apply_defaults
    result = func(self, **kwargs, default_args=default_args)
             ^^^^^^^^^^^^^^^^^^^^^^^^^^^^^^^^^^^^^^^^^^^^^^^
  File "/home/airflow/.local/lib/python3.12/site-packages/airflow/providers/databricks/operators/databricks.py", line 883, in __init__
    super().__init__(**kwargs)
  File "/home/airflow/.local/lib/python3.12/site-packages/airflow/models/baseoperator.py", line 508, in apply_defaults
    result = func(self, **kwargs, default_args=default_args)
             ^^^^^^^^^^^^^^^^^^^^^^^^^^^^^^^^^^^^^^^^^^^^^^^
TypeError: BaseOperator.__init__() missing 1 required positional argument: 'task_id'
[2026-05-20T11:44:27.453+0000] {processor.py:927} WARNING - No viable dags retrieved from /opt/airflow/dags/pipeline.py
[2026-05-20T11:44:27.475+0000] {processor.py:208} INFO - Processing /opt/airflow/dags/pipeline.py took 0.043 seconds
[2026-05-20T11:44:57.603+0000] {processor.py:186} INFO - Started process (PID=247) to work on /opt/airflow/dags/pipeline.py
[2026-05-20T11:44:57.604+0000] {processor.py:914} INFO - Processing file /opt/airflow/dags/pipeline.py for tasks to queue
[2026-05-20T11:44:57.606+0000] {logging_mixin.py:190} INFO - [2026-05-20T11:44:57.605+0000] {dagbag.py:588} INFO - Filling up the DagBag from /opt/airflow/dags/pipeline.py
[2026-05-20T11:44:57.618+0000] {logging_mixin.py:190} INFO - [2026-05-20T11:44:57.616+0000] {dagbag.py:387} ERROR - Failed to import: /opt/airflow/dags/pipeline.py
Traceback (most recent call last):
  File "/home/airflow/.local/lib/python3.12/site-packages/airflow/models/dagbag.py", line 383, in parse
    loader.exec_module(new_module)
  File "<frozen importlib._bootstrap_external>", line 999, in exec_module
  File "<frozen importlib._bootstrap>", line 488, in _call_with_frames_removed
  File "/opt/airflow/dags/pipeline.py", line 18, in <module>
    run_job = DatabricksRunNowOperator(
              ^^^^^^^^^^^^^^^^^^^^^^^^^
  File "/home/airflow/.local/lib/python3.12/site-packages/airflow/models/baseoperator.py", line 508, in apply_defaults
    result = func(self, **kwargs, default_args=default_args)
             ^^^^^^^^^^^^^^^^^^^^^^^^^^^^^^^^^^^^^^^^^^^^^^^
  File "/home/airflow/.local/lib/python3.12/site-packages/airflow/providers/databricks/operators/databricks.py", line 883, in __init__
    super().__init__(**kwargs)
  File "/home/airflow/.local/lib/python3.12/site-packages/airflow/models/baseoperator.py", line 508, in apply_defaults
    result = func(self, **kwargs, default_args=default_args)
             ^^^^^^^^^^^^^^^^^^^^^^^^^^^^^^^^^^^^^^^^^^^^^^^
TypeError: BaseOperator.__init__() missing 1 required positional argument: 'task_id'
[2026-05-20T11:44:57.618+0000] {processor.py:927} WARNING - No viable dags retrieved from /opt/airflow/dags/pipeline.py
[2026-05-20T11:44:57.639+0000] {processor.py:208} INFO - Processing /opt/airflow/dags/pipeline.py took 0.043 seconds
[2026-05-20T11:45:27.803+0000] {processor.py:186} INFO - Started process (PID=252) to work on /opt/airflow/dags/pipeline.py
[2026-05-20T11:45:27.804+0000] {processor.py:914} INFO - Processing file /opt/airflow/dags/pipeline.py for tasks to queue
[2026-05-20T11:45:27.806+0000] {logging_mixin.py:190} INFO - [2026-05-20T11:45:27.805+0000] {dagbag.py:588} INFO - Filling up the DagBag from /opt/airflow/dags/pipeline.py
[2026-05-20T11:45:27.818+0000] {logging_mixin.py:190} INFO - [2026-05-20T11:45:27.816+0000] {dagbag.py:387} ERROR - Failed to import: /opt/airflow/dags/pipeline.py
Traceback (most recent call last):
  File "/home/airflow/.local/lib/python3.12/site-packages/airflow/models/dagbag.py", line 383, in parse
    loader.exec_module(new_module)
  File "<frozen importlib._bootstrap_external>", line 999, in exec_module
  File "<frozen importlib._bootstrap>", line 488, in _call_with_frames_removed
  File "/opt/airflow/dags/pipeline.py", line 18, in <module>
    run_job = DatabricksRunNowOperator(
              ^^^^^^^^^^^^^^^^^^^^^^^^^
  File "/home/airflow/.local/lib/python3.12/site-packages/airflow/models/baseoperator.py", line 508, in apply_defaults
    result = func(self, **kwargs, default_args=default_args)
             ^^^^^^^^^^^^^^^^^^^^^^^^^^^^^^^^^^^^^^^^^^^^^^^
  File "/home/airflow/.local/lib/python3.12/site-packages/airflow/providers/databricks/operators/databricks.py", line 883, in __init__
    super().__init__(**kwargs)
  File "/home/airflow/.local/lib/python3.12/site-packages/airflow/models/baseoperator.py", line 508, in apply_defaults
    result = func(self, **kwargs, default_args=default_args)
             ^^^^^^^^^^^^^^^^^^^^^^^^^^^^^^^^^^^^^^^^^^^^^^^
TypeError: BaseOperator.__init__() missing 1 required positional argument: 'task_id'
[2026-05-20T11:45:27.819+0000] {processor.py:927} WARNING - No viable dags retrieved from /opt/airflow/dags/pipeline.py
[2026-05-20T11:45:27.838+0000] {processor.py:208} INFO - Processing /opt/airflow/dags/pipeline.py took 0.040 seconds
[2026-05-20T11:45:57.979+0000] {processor.py:186} INFO - Started process (PID=257) to work on /opt/airflow/dags/pipeline.py
[2026-05-20T11:45:57.981+0000] {processor.py:914} INFO - Processing file /opt/airflow/dags/pipeline.py for tasks to queue
[2026-05-20T11:45:57.984+0000] {logging_mixin.py:190} INFO - [2026-05-20T11:45:57.983+0000] {dagbag.py:588} INFO - Filling up the DagBag from /opt/airflow/dags/pipeline.py
[2026-05-20T11:45:57.996+0000] {logging_mixin.py:190} INFO - [2026-05-20T11:45:57.994+0000] {dagbag.py:387} ERROR - Failed to import: /opt/airflow/dags/pipeline.py
Traceback (most recent call last):
  File "/home/airflow/.local/lib/python3.12/site-packages/airflow/models/dagbag.py", line 383, in parse
    loader.exec_module(new_module)
  File "<frozen importlib._bootstrap_external>", line 999, in exec_module
  File "<frozen importlib._bootstrap>", line 488, in _call_with_frames_removed
  File "/opt/airflow/dags/pipeline.py", line 18, in <module>
    run_job = DatabricksRunNowOperator(
              ^^^^^^^^^^^^^^^^^^^^^^^^^
  File "/home/airflow/.local/lib/python3.12/site-packages/airflow/models/baseoperator.py", line 508, in apply_defaults
    result = func(self, **kwargs, default_args=default_args)
             ^^^^^^^^^^^^^^^^^^^^^^^^^^^^^^^^^^^^^^^^^^^^^^^
  File "/home/airflow/.local/lib/python3.12/site-packages/airflow/providers/databricks/operators/databricks.py", line 883, in __init__
    super().__init__(**kwargs)
  File "/home/airflow/.local/lib/python3.12/site-packages/airflow/models/baseoperator.py", line 508, in apply_defaults
    result = func(self, **kwargs, default_args=default_args)
             ^^^^^^^^^^^^^^^^^^^^^^^^^^^^^^^^^^^^^^^^^^^^^^^
TypeError: BaseOperator.__init__() missing 1 required positional argument: 'task_id'
[2026-05-20T11:45:57.997+0000] {processor.py:927} WARNING - No viable dags retrieved from /opt/airflow/dags/pipeline.py
[2026-05-20T11:45:58.018+0000] {processor.py:208} INFO - Processing /opt/airflow/dags/pipeline.py took 0.045 seconds
[2026-05-20T11:46:28.159+0000] {processor.py:186} INFO - Started process (PID=262) to work on /opt/airflow/dags/pipeline.py
[2026-05-20T11:46:28.160+0000] {processor.py:914} INFO - Processing file /opt/airflow/dags/pipeline.py for tasks to queue
[2026-05-20T11:46:28.162+0000] {logging_mixin.py:190} INFO - [2026-05-20T11:46:28.161+0000] {dagbag.py:588} INFO - Filling up the DagBag from /opt/airflow/dags/pipeline.py
[2026-05-20T11:46:28.176+0000] {logging_mixin.py:190} INFO - [2026-05-20T11:46:28.174+0000] {dagbag.py:387} ERROR - Failed to import: /opt/airflow/dags/pipeline.py
Traceback (most recent call last):
  File "/home/airflow/.local/lib/python3.12/site-packages/airflow/models/dagbag.py", line 383, in parse
    loader.exec_module(new_module)
  File "<frozen importlib._bootstrap_external>", line 999, in exec_module
  File "<frozen importlib._bootstrap>", line 488, in _call_with_frames_removed
  File "/opt/airflow/dags/pipeline.py", line 18, in <module>
    run_job = DatabricksRunNowOperator(
              ^^^^^^^^^^^^^^^^^^^^^^^^^
  File "/home/airflow/.local/lib/python3.12/site-packages/airflow/models/baseoperator.py", line 508, in apply_defaults
    result = func(self, **kwargs, default_args=default_args)
             ^^^^^^^^^^^^^^^^^^^^^^^^^^^^^^^^^^^^^^^^^^^^^^^
  File "/home/airflow/.local/lib/python3.12/site-packages/airflow/providers/databricks/operators/databricks.py", line 883, in __init__
    super().__init__(**kwargs)
  File "/home/airflow/.local/lib/python3.12/site-packages/airflow/models/baseoperator.py", line 508, in apply_defaults
    result = func(self, **kwargs, default_args=default_args)
             ^^^^^^^^^^^^^^^^^^^^^^^^^^^^^^^^^^^^^^^^^^^^^^^
TypeError: BaseOperator.__init__() missing 1 required positional argument: 'task_id'
[2026-05-20T11:46:28.176+0000] {processor.py:927} WARNING - No viable dags retrieved from /opt/airflow/dags/pipeline.py
[2026-05-20T11:46:28.197+0000] {processor.py:208} INFO - Processing /opt/airflow/dags/pipeline.py took 0.043 seconds
[2026-05-20T11:46:58.338+0000] {processor.py:186} INFO - Started process (PID=267) to work on /opt/airflow/dags/pipeline.py
[2026-05-20T11:46:58.340+0000] {processor.py:914} INFO - Processing file /opt/airflow/dags/pipeline.py for tasks to queue
[2026-05-20T11:46:58.343+0000] {logging_mixin.py:190} INFO - [2026-05-20T11:46:58.343+0000] {dagbag.py:588} INFO - Filling up the DagBag from /opt/airflow/dags/pipeline.py
[2026-05-20T11:46:58.357+0000] {logging_mixin.py:190} INFO - [2026-05-20T11:46:58.355+0000] {dagbag.py:387} ERROR - Failed to import: /opt/airflow/dags/pipeline.py
Traceback (most recent call last):
  File "/home/airflow/.local/lib/python3.12/site-packages/airflow/models/dagbag.py", line 383, in parse
    loader.exec_module(new_module)
  File "<frozen importlib._bootstrap_external>", line 999, in exec_module
  File "<frozen importlib._bootstrap>", line 488, in _call_with_frames_removed
  File "/opt/airflow/dags/pipeline.py", line 18, in <module>
    run_job = DatabricksRunNowOperator(
              ^^^^^^^^^^^^^^^^^^^^^^^^^
  File "/home/airflow/.local/lib/python3.12/site-packages/airflow/models/baseoperator.py", line 508, in apply_defaults
    result = func(self, **kwargs, default_args=default_args)
             ^^^^^^^^^^^^^^^^^^^^^^^^^^^^^^^^^^^^^^^^^^^^^^^
  File "/home/airflow/.local/lib/python3.12/site-packages/airflow/providers/databricks/operators/databricks.py", line 883, in __init__
    super().__init__(**kwargs)
  File "/home/airflow/.local/lib/python3.12/site-packages/airflow/models/baseoperator.py", line 508, in apply_defaults
    result = func(self, **kwargs, default_args=default_args)
             ^^^^^^^^^^^^^^^^^^^^^^^^^^^^^^^^^^^^^^^^^^^^^^^
TypeError: BaseOperator.__init__() missing 1 required positional argument: 'task_id'
[2026-05-20T11:46:58.358+0000] {processor.py:927} WARNING - No viable dags retrieved from /opt/airflow/dags/pipeline.py
[2026-05-20T11:46:58.383+0000] {processor.py:208} INFO - Processing /opt/airflow/dags/pipeline.py took 0.050 seconds
[2026-05-20T11:47:28.542+0000] {processor.py:186} INFO - Started process (PID=272) to work on /opt/airflow/dags/pipeline.py
[2026-05-20T11:47:28.543+0000] {processor.py:914} INFO - Processing file /opt/airflow/dags/pipeline.py for tasks to queue
[2026-05-20T11:47:28.553+0000] {logging_mixin.py:190} INFO - [2026-05-20T11:47:28.551+0000] {dagbag.py:588} INFO - Filling up the DagBag from /opt/airflow/dags/pipeline.py
[2026-05-20T11:47:28.604+0000] {logging_mixin.py:190} INFO - [2026-05-20T11:47:28.600+0000] {dagbag.py:387} ERROR - Failed to import: /opt/airflow/dags/pipeline.py
Traceback (most recent call last):
  File "/home/airflow/.local/lib/python3.12/site-packages/airflow/models/dagbag.py", line 383, in parse
    loader.exec_module(new_module)
  File "<frozen importlib._bootstrap_external>", line 999, in exec_module
  File "<frozen importlib._bootstrap>", line 488, in _call_with_frames_removed
  File "/opt/airflow/dags/pipeline.py", line 18, in <module>
    run_job = DatabricksRunNowOperator(
              ^^^^^^^^^^^^^^^^^^^^^^^^^
  File "/home/airflow/.local/lib/python3.12/site-packages/airflow/models/baseoperator.py", line 508, in apply_defaults
    result = func(self, **kwargs, default_args=default_args)
             ^^^^^^^^^^^^^^^^^^^^^^^^^^^^^^^^^^^^^^^^^^^^^^^
  File "/home/airflow/.local/lib/python3.12/site-packages/airflow/providers/databricks/operators/databricks.py", line 883, in __init__
    super().__init__(**kwargs)
  File "/home/airflow/.local/lib/python3.12/site-packages/airflow/models/baseoperator.py", line 508, in apply_defaults
    result = func(self, **kwargs, default_args=default_args)
             ^^^^^^^^^^^^^^^^^^^^^^^^^^^^^^^^^^^^^^^^^^^^^^^
TypeError: BaseOperator.__init__() missing 1 required positional argument: 'task_id'
[2026-05-20T11:47:28.605+0000] {processor.py:927} WARNING - No viable dags retrieved from /opt/airflow/dags/pipeline.py
[2026-05-20T11:47:28.647+0000] {processor.py:208} INFO - Processing /opt/airflow/dags/pipeline.py took 0.118 seconds
[2026-05-20T11:47:58.684+0000] {processor.py:186} INFO - Started process (PID=277) to work on /opt/airflow/dags/pipeline.py
[2026-05-20T11:47:58.684+0000] {processor.py:914} INFO - Processing file /opt/airflow/dags/pipeline.py for tasks to queue
[2026-05-20T11:47:58.687+0000] {logging_mixin.py:190} INFO - [2026-05-20T11:47:58.686+0000] {dagbag.py:588} INFO - Filling up the DagBag from /opt/airflow/dags/pipeline.py
[2026-05-20T11:47:58.700+0000] {logging_mixin.py:190} INFO - [2026-05-20T11:47:58.698+0000] {dagbag.py:387} ERROR - Failed to import: /opt/airflow/dags/pipeline.py
Traceback (most recent call last):
  File "/home/airflow/.local/lib/python3.12/site-packages/airflow/models/dagbag.py", line 383, in parse
    loader.exec_module(new_module)
  File "<frozen importlib._bootstrap_external>", line 999, in exec_module
  File "<frozen importlib._bootstrap>", line 488, in _call_with_frames_removed
  File "/opt/airflow/dags/pipeline.py", line 18, in <module>
    run_job = DatabricksRunNowOperator(
              ^^^^^^^^^^^^^^^^^^^^^^^^^
  File "/home/airflow/.local/lib/python3.12/site-packages/airflow/models/baseoperator.py", line 508, in apply_defaults
    result = func(self, **kwargs, default_args=default_args)
             ^^^^^^^^^^^^^^^^^^^^^^^^^^^^^^^^^^^^^^^^^^^^^^^
  File "/home/airflow/.local/lib/python3.12/site-packages/airflow/providers/databricks/operators/databricks.py", line 883, in __init__
    super().__init__(**kwargs)
  File "/home/airflow/.local/lib/python3.12/site-packages/airflow/models/baseoperator.py", line 508, in apply_defaults
    result = func(self, **kwargs, default_args=default_args)
             ^^^^^^^^^^^^^^^^^^^^^^^^^^^^^^^^^^^^^^^^^^^^^^^
TypeError: BaseOperator.__init__() missing 1 required positional argument: 'task_id'
[2026-05-20T11:47:58.700+0000] {processor.py:927} WARNING - No viable dags retrieved from /opt/airflow/dags/pipeline.py
[2026-05-20T11:47:58.722+0000] {processor.py:208} INFO - Processing /opt/airflow/dags/pipeline.py took 0.045 seconds
[2026-05-20T11:48:28.832+0000] {processor.py:186} INFO - Started process (PID=282) to work on /opt/airflow/dags/pipeline.py
[2026-05-20T11:48:28.833+0000] {processor.py:914} INFO - Processing file /opt/airflow/dags/pipeline.py for tasks to queue
[2026-05-20T11:48:28.835+0000] {logging_mixin.py:190} INFO - [2026-05-20T11:48:28.835+0000] {dagbag.py:588} INFO - Filling up the DagBag from /opt/airflow/dags/pipeline.py
[2026-05-20T11:48:28.846+0000] {logging_mixin.py:190} INFO - [2026-05-20T11:48:28.844+0000] {dagbag.py:387} ERROR - Failed to import: /opt/airflow/dags/pipeline.py
Traceback (most recent call last):
  File "/home/airflow/.local/lib/python3.12/site-packages/airflow/models/dagbag.py", line 383, in parse
    loader.exec_module(new_module)
  File "<frozen importlib._bootstrap_external>", line 999, in exec_module
  File "<frozen importlib._bootstrap>", line 488, in _call_with_frames_removed
  File "/opt/airflow/dags/pipeline.py", line 18, in <module>
    run_job = DatabricksRunNowOperator(
              ^^^^^^^^^^^^^^^^^^^^^^^^^
  File "/home/airflow/.local/lib/python3.12/site-packages/airflow/models/baseoperator.py", line 508, in apply_defaults
    result = func(self, **kwargs, default_args=default_args)
             ^^^^^^^^^^^^^^^^^^^^^^^^^^^^^^^^^^^^^^^^^^^^^^^
  File "/home/airflow/.local/lib/python3.12/site-packages/airflow/providers/databricks/operators/databricks.py", line 883, in __init__
    super().__init__(**kwargs)
  File "/home/airflow/.local/lib/python3.12/site-packages/airflow/models/baseoperator.py", line 508, in apply_defaults
    result = func(self, **kwargs, default_args=default_args)
             ^^^^^^^^^^^^^^^^^^^^^^^^^^^^^^^^^^^^^^^^^^^^^^^
TypeError: BaseOperator.__init__() missing 1 required positional argument: 'task_id'
[2026-05-20T11:48:28.846+0000] {processor.py:927} WARNING - No viable dags retrieved from /opt/airflow/dags/pipeline.py
[2026-05-20T11:48:28.870+0000] {processor.py:208} INFO - Processing /opt/airflow/dags/pipeline.py took 0.042 seconds
[2026-05-20T11:48:50.983+0000] {processor.py:186} INFO - Started process (PID=287) to work on /opt/airflow/dags/pipeline.py
[2026-05-20T11:48:50.984+0000] {processor.py:914} INFO - Processing file /opt/airflow/dags/pipeline.py for tasks to queue
[2026-05-20T11:48:50.987+0000] {logging_mixin.py:190} INFO - [2026-05-20T11:48:50.986+0000] {dagbag.py:588} INFO - Filling up the DagBag from /opt/airflow/dags/pipeline.py
[2026-05-20T11:48:51.035+0000] {processor.py:925} INFO - DAG(s) 'lastfm_pipeline' retrieved from /opt/airflow/dags/pipeline.py
[2026-05-20T11:48:51.482+0000] {logging_mixin.py:190} INFO - [2026-05-20T11:48:51.481+0000] {override.py:1930} INFO - Created Permission View: can edit on DAG:lastfm_pipeline
[2026-05-20T11:48:51.491+0000] {logging_mixin.py:190} INFO - [2026-05-20T11:48:51.491+0000] {override.py:1930} INFO - Created Permission View: can delete on DAG:lastfm_pipeline
[2026-05-20T11:48:51.496+0000] {logging_mixin.py:190} INFO - [2026-05-20T11:48:51.496+0000] {override.py:1930} INFO - Created Permission View: can read on DAG:lastfm_pipeline
[2026-05-20T11:48:51.502+0000] {logging_mixin.py:190} INFO - [2026-05-20T11:48:51.501+0000] {override.py:1930} INFO - Created Permission View: can delete on DAG Run:lastfm_pipeline
[2026-05-20T11:48:51.506+0000] {logging_mixin.py:190} INFO - [2026-05-20T11:48:51.506+0000] {override.py:1930} INFO - Created Permission View: menu access on DAG Run:lastfm_pipeline
[2026-05-20T11:48:51.510+0000] {logging_mixin.py:190} INFO - [2026-05-20T11:48:51.510+0000] {override.py:1930} INFO - Created Permission View: can read on DAG Run:lastfm_pipeline
[2026-05-20T11:48:51.514+0000] {logging_mixin.py:190} INFO - [2026-05-20T11:48:51.514+0000] {override.py:1930} INFO - Created Permission View: can create on DAG Run:lastfm_pipeline
[2026-05-20T11:48:51.515+0000] {logging_mixin.py:190} INFO - [2026-05-20T11:48:51.515+0000] {dag.py:3239} INFO - Sync 1 DAGs
[2026-05-20T11:48:51.535+0000] {logging_mixin.py:190} INFO - [2026-05-20T11:48:51.535+0000] {dag.py:3262} INFO - Creating ORM DAG for lastfm_pipeline
[2026-05-20T11:48:51.554+0000] {logging_mixin.py:190} INFO - [2026-05-20T11:48:51.554+0000] {dag.py:4180} INFO - Setting next_dagrun for lastfm_pipeline to 2026-05-19 00:00:00+00:00, run_after=2026-05-20 00:00:00+00:00
[2026-05-20T11:48:51.572+0000] {processor.py:208} INFO - Processing /opt/airflow/dags/pipeline.py took 0.598 seconds
[2026-05-20T11:49:09.675+0000] {processor.py:186} INFO - Started process (PID=292) to work on /opt/airflow/dags/pipeline.py
[2026-05-20T11:49:09.676+0000] {processor.py:914} INFO - Processing file /opt/airflow/dags/pipeline.py for tasks to queue
[2026-05-20T11:49:09.679+0000] {logging_mixin.py:190} INFO - [2026-05-20T11:49:09.679+0000] {dagbag.py:588} INFO - Filling up the DagBag from /opt/airflow/dags/pipeline.py
[2026-05-20T11:49:09.691+0000] {logging_mixin.py:190} INFO - [2026-05-20T11:49:09.690+0000] {dagbag.py:387} ERROR - Failed to import: /opt/airflow/dags/pipeline.py
Traceback (most recent call last):
  File "/home/airflow/.local/lib/python3.12/site-packages/airflow/models/dagbag.py", line 383, in parse
    loader.exec_module(new_module)
  File "<frozen importlib._bootstrap_external>", line 999, in exec_module
  File "<frozen importlib._bootstrap>", line 488, in _call_with_frames_removed
  File "/opt/airflow/dags/pipeline.py", line 21, in <module>
    job_id=int(getenv("job_id")),
           ^^^^^^^^^^^^^^^^^^^^^
TypeError: int() argument must be a string, a bytes-like object or a real number, not 'NoneType'
[2026-05-20T11:49:09.692+0000] {processor.py:927} WARNING - No viable dags retrieved from /opt/airflow/dags/pipeline.py
[2026-05-20T11:49:09.715+0000] {processor.py:208} INFO - Processing /opt/airflow/dags/pipeline.py took 0.045 seconds
[2026-05-20T11:50:12.809+0000] {processor.py:186} INFO - Started process (PID=190) to work on /opt/airflow/dags/pipeline.py
[2026-05-20T11:50:12.810+0000] {processor.py:914} INFO - Processing file /opt/airflow/dags/pipeline.py for tasks to queue
[2026-05-20T11:50:12.812+0000] {logging_mixin.py:190} INFO - [2026-05-20T11:50:12.811+0000] {dagbag.py:588} INFO - Filling up the DagBag from /opt/airflow/dags/pipeline.py
[2026-05-20T11:50:12.823+0000] {logging_mixin.py:190} INFO - [2026-05-20T11:50:12.822+0000] {dagbag.py:387} ERROR - Failed to import: /opt/airflow/dags/pipeline.py
Traceback (most recent call last):
  File "/home/airflow/.local/lib/python3.12/site-packages/airflow/models/dagbag.py", line 383, in parse
    loader.exec_module(new_module)
  File "<frozen importlib._bootstrap_external>", line 999, in exec_module
  File "<frozen importlib._bootstrap>", line 488, in _call_with_frames_removed
  File "/opt/airflow/dags/pipeline.py", line 21, in <module>
    job_id=int(getenv("job_id")),
           ^^^^^^^^^^^^^^^^^^^^^
TypeError: int() argument must be a string, a bytes-like object or a real number, not 'NoneType'
[2026-05-20T11:50:12.824+0000] {processor.py:927} WARNING - No viable dags retrieved from /opt/airflow/dags/pipeline.py
[2026-05-20T11:50:12.841+0000] {processor.py:208} INFO - Processing /opt/airflow/dags/pipeline.py took 0.037 seconds
[2026-05-20T11:50:42.971+0000] {processor.py:186} INFO - Started process (PID=195) to work on /opt/airflow/dags/pipeline.py
[2026-05-20T11:50:42.972+0000] {processor.py:914} INFO - Processing file /opt/airflow/dags/pipeline.py for tasks to queue
[2026-05-20T11:50:42.974+0000] {logging_mixin.py:190} INFO - [2026-05-20T11:50:42.973+0000] {dagbag.py:588} INFO - Filling up the DagBag from /opt/airflow/dags/pipeline.py
[2026-05-20T11:50:42.988+0000] {logging_mixin.py:190} INFO - [2026-05-20T11:50:42.986+0000] {dagbag.py:387} ERROR - Failed to import: /opt/airflow/dags/pipeline.py
Traceback (most recent call last):
  File "/home/airflow/.local/lib/python3.12/site-packages/airflow/models/dagbag.py", line 383, in parse
    loader.exec_module(new_module)
  File "<frozen importlib._bootstrap_external>", line 999, in exec_module
  File "<frozen importlib._bootstrap>", line 488, in _call_with_frames_removed
  File "/opt/airflow/dags/pipeline.py", line 21, in <module>
    job_id=int(getenv("job_id")),
           ^^^^^^^^^^^^^^^^^^^^^
TypeError: int() argument must be a string, a bytes-like object or a real number, not 'NoneType'
[2026-05-20T11:50:42.988+0000] {processor.py:927} WARNING - No viable dags retrieved from /opt/airflow/dags/pipeline.py
[2026-05-20T11:50:43.008+0000] {processor.py:208} INFO - Processing /opt/airflow/dags/pipeline.py took 0.043 seconds
[2026-05-20T11:51:13.139+0000] {processor.py:186} INFO - Started process (PID=200) to work on /opt/airflow/dags/pipeline.py
[2026-05-20T11:51:13.140+0000] {processor.py:914} INFO - Processing file /opt/airflow/dags/pipeline.py for tasks to queue
[2026-05-20T11:51:13.141+0000] {logging_mixin.py:190} INFO - [2026-05-20T11:51:13.141+0000] {dagbag.py:588} INFO - Filling up the DagBag from /opt/airflow/dags/pipeline.py
[2026-05-20T11:51:13.151+0000] {logging_mixin.py:190} INFO - [2026-05-20T11:51:13.150+0000] {dagbag.py:387} ERROR - Failed to import: /opt/airflow/dags/pipeline.py
Traceback (most recent call last):
  File "/home/airflow/.local/lib/python3.12/site-packages/airflow/models/dagbag.py", line 383, in parse
    loader.exec_module(new_module)
  File "<frozen importlib._bootstrap_external>", line 999, in exec_module
  File "<frozen importlib._bootstrap>", line 488, in _call_with_frames_removed
  File "/opt/airflow/dags/pipeline.py", line 21, in <module>
    job_id=int(getenv("job_id")),
           ^^^^^^^^^^^^^^^^^^^^^
TypeError: int() argument must be a string, a bytes-like object or a real number, not 'NoneType'
[2026-05-20T11:51:13.151+0000] {processor.py:927} WARNING - No viable dags retrieved from /opt/airflow/dags/pipeline.py
[2026-05-20T11:51:13.171+0000] {processor.py:208} INFO - Processing /opt/airflow/dags/pipeline.py took 0.037 seconds
[2026-05-20T11:51:38.279+0000] {processor.py:186} INFO - Started process (PID=205) to work on /opt/airflow/dags/pipeline.py
[2026-05-20T11:51:38.280+0000] {processor.py:914} INFO - Processing file /opt/airflow/dags/pipeline.py for tasks to queue
[2026-05-20T11:51:38.281+0000] {logging_mixin.py:190} INFO - [2026-05-20T11:51:38.281+0000] {dagbag.py:588} INFO - Filling up the DagBag from /opt/airflow/dags/pipeline.py
[2026-05-20T11:51:38.287+0000] {logging_mixin.py:190} INFO - None
[2026-05-20T11:51:38.287+0000] {processor.py:927} WARNING - No viable dags retrieved from /opt/airflow/dags/pipeline.py
[2026-05-20T11:51:38.303+0000] {processor.py:208} INFO - Processing /opt/airflow/dags/pipeline.py took 0.027 seconds
[2026-05-20T11:52:02.428+0000] {processor.py:186} INFO - Started process (PID=210) to work on /opt/airflow/dags/pipeline.py
[2026-05-20T11:52:02.429+0000] {processor.py:914} INFO - Processing file /opt/airflow/dags/pipeline.py for tasks to queue
[2026-05-20T11:52:02.431+0000] {logging_mixin.py:190} INFO - [2026-05-20T11:52:02.430+0000] {dagbag.py:588} INFO - Filling up the DagBag from /opt/airflow/dags/pipeline.py
[2026-05-20T11:52:02.452+0000] {logging_mixin.py:190} INFO - [2026-05-20T11:52:02.450+0000] {dagbag.py:387} ERROR - Failed to import: /opt/airflow/dags/pipeline.py
Traceback (most recent call last):
  File "/home/airflow/.local/lib/python3.12/site-packages/airflow/models/dagbag.py", line 383, in parse
    loader.exec_module(new_module)
  File "<frozen importlib._bootstrap_external>", line 999, in exec_module
  File "<frozen importlib._bootstrap>", line 488, in _call_with_frames_removed
  File "/opt/airflow/dags/pipeline.py", line 11, in <module>
    print(int(os.getenv("job_id")))
          ^^^^^^^^^^^^^^^^^^^^^^^^
TypeError: int() argument must be a string, a bytes-like object or a real number, not 'NoneType'
[2026-05-20T11:52:02.453+0000] {processor.py:927} WARNING - No viable dags retrieved from /opt/airflow/dags/pipeline.py
[2026-05-20T11:52:02.484+0000] {processor.py:208} INFO - Processing /opt/airflow/dags/pipeline.py took 0.062 seconds
[2026-05-20T11:52:15.505+0000] {processor.py:186} INFO - Started process (PID=215) to work on /opt/airflow/dags/pipeline.py
[2026-05-20T11:52:15.505+0000] {processor.py:914} INFO - Processing file /opt/airflow/dags/pipeline.py for tasks to queue
[2026-05-20T11:52:15.506+0000] {logging_mixin.py:190} INFO - [2026-05-20T11:52:15.506+0000] {dagbag.py:588} INFO - Filling up the DagBag from /opt/airflow/dags/pipeline.py
[2026-05-20T11:52:15.523+0000] {logging_mixin.py:190} INFO - [2026-05-20T11:52:15.522+0000] {dagbag.py:387} ERROR - Failed to import: /opt/airflow/dags/pipeline.py
Traceback (most recent call last):
  File "/home/airflow/.local/lib/python3.12/site-packages/airflow/models/dagbag.py", line 383, in parse
    loader.exec_module(new_module)
  File "<frozen importlib._bootstrap_external>", line 999, in exec_module
  File "<frozen importlib._bootstrap>", line 488, in _call_with_frames_removed
  File "/opt/airflow/dags/pipeline.py", line 21, in <module>
    job_id=int(os.getenv("job_id")),
           ^^^^^^^^^^^^^^^^^^^^^^^^
TypeError: int() argument must be a string, a bytes-like object or a real number, not 'NoneType'
[2026-05-20T11:52:15.524+0000] {processor.py:927} WARNING - No viable dags retrieved from /opt/airflow/dags/pipeline.py
[2026-05-20T11:52:15.546+0000] {processor.py:208} INFO - Processing /opt/airflow/dags/pipeline.py took 0.047 seconds
[2026-05-20T11:52:45.718+0000] {processor.py:186} INFO - Started process (PID=220) to work on /opt/airflow/dags/pipeline.py
[2026-05-20T11:52:45.719+0000] {processor.py:914} INFO - Processing file /opt/airflow/dags/pipeline.py for tasks to queue
[2026-05-20T11:52:45.720+0000] {logging_mixin.py:190} INFO - [2026-05-20T11:52:45.720+0000] {dagbag.py:588} INFO - Filling up the DagBag from /opt/airflow/dags/pipeline.py
[2026-05-20T11:52:45.735+0000] {logging_mixin.py:190} INFO - [2026-05-20T11:52:45.734+0000] {dagbag.py:387} ERROR - Failed to import: /opt/airflow/dags/pipeline.py
Traceback (most recent call last):
  File "/home/airflow/.local/lib/python3.12/site-packages/airflow/models/dagbag.py", line 383, in parse
    loader.exec_module(new_module)
  File "<frozen importlib._bootstrap_external>", line 999, in exec_module
  File "<frozen importlib._bootstrap>", line 488, in _call_with_frames_removed
  File "/opt/airflow/dags/pipeline.py", line 21, in <module>
    job_id=int(os.getenv("job_id")),
           ^^^^^^^^^^^^^^^^^^^^^^^^
TypeError: int() argument must be a string, a bytes-like object or a real number, not 'NoneType'
[2026-05-20T11:52:45.735+0000] {processor.py:927} WARNING - No viable dags retrieved from /opt/airflow/dags/pipeline.py
[2026-05-20T11:52:45.754+0000] {processor.py:208} INFO - Processing /opt/airflow/dags/pipeline.py took 0.041 seconds
[2026-05-20T11:53:15.893+0000] {processor.py:186} INFO - Started process (PID=225) to work on /opt/airflow/dags/pipeline.py
[2026-05-20T11:53:15.894+0000] {processor.py:914} INFO - Processing file /opt/airflow/dags/pipeline.py for tasks to queue
[2026-05-20T11:53:15.896+0000] {logging_mixin.py:190} INFO - [2026-05-20T11:53:15.895+0000] {dagbag.py:588} INFO - Filling up the DagBag from /opt/airflow/dags/pipeline.py
[2026-05-20T11:53:15.916+0000] {logging_mixin.py:190} INFO - [2026-05-20T11:53:15.915+0000] {dagbag.py:387} ERROR - Failed to import: /opt/airflow/dags/pipeline.py
Traceback (most recent call last):
  File "/home/airflow/.local/lib/python3.12/site-packages/airflow/models/dagbag.py", line 383, in parse
    loader.exec_module(new_module)
  File "<frozen importlib._bootstrap_external>", line 999, in exec_module
  File "<frozen importlib._bootstrap>", line 488, in _call_with_frames_removed
  File "/opt/airflow/dags/pipeline.py", line 21, in <module>
    job_id=int(os.getenv("job_id")),
           ^^^^^^^^^^^^^^^^^^^^^^^^
TypeError: int() argument must be a string, a bytes-like object or a real number, not 'NoneType'
[2026-05-20T11:53:15.917+0000] {processor.py:927} WARNING - No viable dags retrieved from /opt/airflow/dags/pipeline.py
[2026-05-20T11:53:15.937+0000] {processor.py:208} INFO - Processing /opt/airflow/dags/pipeline.py took 0.049 seconds
[2026-05-20T11:53:46.052+0000] {processor.py:186} INFO - Started process (PID=230) to work on /opt/airflow/dags/pipeline.py
[2026-05-20T11:53:46.053+0000] {processor.py:914} INFO - Processing file /opt/airflow/dags/pipeline.py for tasks to queue
[2026-05-20T11:53:46.055+0000] {logging_mixin.py:190} INFO - [2026-05-20T11:53:46.054+0000] {dagbag.py:588} INFO - Filling up the DagBag from /opt/airflow/dags/pipeline.py
[2026-05-20T11:53:46.073+0000] {logging_mixin.py:190} INFO - [2026-05-20T11:53:46.071+0000] {dagbag.py:387} ERROR - Failed to import: /opt/airflow/dags/pipeline.py
Traceback (most recent call last):
  File "/home/airflow/.local/lib/python3.12/site-packages/airflow/models/dagbag.py", line 383, in parse
    loader.exec_module(new_module)
  File "<frozen importlib._bootstrap_external>", line 999, in exec_module
  File "<frozen importlib._bootstrap>", line 488, in _call_with_frames_removed
  File "/opt/airflow/dags/pipeline.py", line 21, in <module>
    job_id=int(os.getenv("job_id")),
           ^^^^^^^^^^^^^^^^^^^^^^^^
TypeError: int() argument must be a string, a bytes-like object or a real number, not 'NoneType'
[2026-05-20T11:53:46.074+0000] {processor.py:927} WARNING - No viable dags retrieved from /opt/airflow/dags/pipeline.py
[2026-05-20T11:53:46.098+0000] {processor.py:208} INFO - Processing /opt/airflow/dags/pipeline.py took 0.051 seconds
[2026-05-20T11:55:14.537+0000] {processor.py:186} INFO - Started process (PID=217) to work on /opt/airflow/dags/pipeline.py
[2026-05-20T11:55:14.538+0000] {processor.py:914} INFO - Processing file /opt/airflow/dags/pipeline.py for tasks to queue
[2026-05-20T11:55:14.541+0000] {logging_mixin.py:190} INFO - [2026-05-20T11:55:14.541+0000] {dagbag.py:588} INFO - Filling up the DagBag from /opt/airflow/dags/pipeline.py
[2026-05-20T11:55:14.564+0000] {logging_mixin.py:190} INFO - [2026-05-20T11:55:14.562+0000] {dagbag.py:387} ERROR - Failed to import: /opt/airflow/dags/pipeline.py
Traceback (most recent call last):
  File "/home/airflow/.local/lib/python3.12/site-packages/airflow/models/dagbag.py", line 383, in parse
    loader.exec_module(new_module)
  File "<frozen importlib._bootstrap_external>", line 999, in exec_module
  File "<frozen importlib._bootstrap>", line 488, in _call_with_frames_removed
  File "/opt/airflow/dags/pipeline.py", line 21, in <module>
    job_id=int(os.getenv("job_id")),
           ^^^^^^^^^^^^^^^^^^^^^^^^
TypeError: int() argument must be a string, a bytes-like object or a real number, not 'NoneType'
[2026-05-20T11:55:14.564+0000] {processor.py:927} WARNING - No viable dags retrieved from /opt/airflow/dags/pipeline.py
[2026-05-20T11:55:14.586+0000] {processor.py:208} INFO - Processing /opt/airflow/dags/pipeline.py took 0.054 seconds
[2026-05-20T11:55:44.705+0000] {processor.py:186} INFO - Started process (PID=222) to work on /opt/airflow/dags/pipeline.py
[2026-05-20T11:55:44.706+0000] {processor.py:914} INFO - Processing file /opt/airflow/dags/pipeline.py for tasks to queue
[2026-05-20T11:55:44.708+0000] {logging_mixin.py:190} INFO - [2026-05-20T11:55:44.707+0000] {dagbag.py:588} INFO - Filling up the DagBag from /opt/airflow/dags/pipeline.py
[2026-05-20T11:55:44.723+0000] {logging_mixin.py:190} INFO - [2026-05-20T11:55:44.722+0000] {dagbag.py:387} ERROR - Failed to import: /opt/airflow/dags/pipeline.py
Traceback (most recent call last):
  File "/home/airflow/.local/lib/python3.12/site-packages/airflow/models/dagbag.py", line 383, in parse
    loader.exec_module(new_module)
  File "<frozen importlib._bootstrap_external>", line 999, in exec_module
  File "<frozen importlib._bootstrap>", line 488, in _call_with_frames_removed
  File "/opt/airflow/dags/pipeline.py", line 21, in <module>
    job_id=int(os.getenv("job_id")),
           ^^^^^^^^^^^^^^^^^^^^^^^^
TypeError: int() argument must be a string, a bytes-like object or a real number, not 'NoneType'
[2026-05-20T11:55:44.724+0000] {processor.py:927} WARNING - No viable dags retrieved from /opt/airflow/dags/pipeline.py
[2026-05-20T11:55:44.744+0000] {processor.py:208} INFO - Processing /opt/airflow/dags/pipeline.py took 0.045 seconds
[2026-05-20T11:56:14.890+0000] {processor.py:186} INFO - Started process (PID=227) to work on /opt/airflow/dags/pipeline.py
[2026-05-20T11:56:14.890+0000] {processor.py:914} INFO - Processing file /opt/airflow/dags/pipeline.py for tasks to queue
[2026-05-20T11:56:14.893+0000] {logging_mixin.py:190} INFO - [2026-05-20T11:56:14.892+0000] {dagbag.py:588} INFO - Filling up the DagBag from /opt/airflow/dags/pipeline.py
[2026-05-20T11:56:14.916+0000] {logging_mixin.py:190} INFO - [2026-05-20T11:56:14.914+0000] {dagbag.py:387} ERROR - Failed to import: /opt/airflow/dags/pipeline.py
Traceback (most recent call last):
  File "/home/airflow/.local/lib/python3.12/site-packages/airflow/models/dagbag.py", line 383, in parse
    loader.exec_module(new_module)
  File "<frozen importlib._bootstrap_external>", line 999, in exec_module
  File "<frozen importlib._bootstrap>", line 488, in _call_with_frames_removed
  File "/opt/airflow/dags/pipeline.py", line 21, in <module>
    job_id=int(os.getenv("job_id")),
           ^^^^^^^^^^^^^^^^^^^^^^^^
TypeError: int() argument must be a string, a bytes-like object or a real number, not 'NoneType'
[2026-05-20T11:56:14.917+0000] {processor.py:927} WARNING - No viable dags retrieved from /opt/airflow/dags/pipeline.py
[2026-05-20T11:56:14.943+0000] {processor.py:208} INFO - Processing /opt/airflow/dags/pipeline.py took 0.060 seconds
[2026-05-20T11:56:45.047+0000] {processor.py:186} INFO - Started process (PID=232) to work on /opt/airflow/dags/pipeline.py
[2026-05-20T11:56:45.048+0000] {processor.py:914} INFO - Processing file /opt/airflow/dags/pipeline.py for tasks to queue
[2026-05-20T11:56:45.050+0000] {logging_mixin.py:190} INFO - [2026-05-20T11:56:45.050+0000] {dagbag.py:588} INFO - Filling up the DagBag from /opt/airflow/dags/pipeline.py
[2026-05-20T11:56:45.064+0000] {logging_mixin.py:190} INFO - [2026-05-20T11:56:45.063+0000] {dagbag.py:387} ERROR - Failed to import: /opt/airflow/dags/pipeline.py
Traceback (most recent call last):
  File "/home/airflow/.local/lib/python3.12/site-packages/airflow/models/dagbag.py", line 383, in parse
    loader.exec_module(new_module)
  File "<frozen importlib._bootstrap_external>", line 999, in exec_module
  File "<frozen importlib._bootstrap>", line 488, in _call_with_frames_removed
  File "/opt/airflow/dags/pipeline.py", line 21, in <module>
    job_id=int(os.getenv("job_id")),
           ^^^^^^^^^^^^^^^^^^^^^^^^
TypeError: int() argument must be a string, a bytes-like object or a real number, not 'NoneType'
[2026-05-20T11:56:45.064+0000] {processor.py:927} WARNING - No viable dags retrieved from /opt/airflow/dags/pipeline.py
[2026-05-20T11:56:45.088+0000] {processor.py:208} INFO - Processing /opt/airflow/dags/pipeline.py took 0.047 seconds
[2026-05-20T12:02:17.404+0000] {processor.py:186} INFO - Started process (PID=216) to work on /opt/airflow/dags/pipeline.py
[2026-05-20T12:02:17.405+0000] {processor.py:914} INFO - Processing file /opt/airflow/dags/pipeline.py for tasks to queue
[2026-05-20T12:02:17.406+0000] {logging_mixin.py:190} INFO - [2026-05-20T12:02:17.406+0000] {dagbag.py:588} INFO - Filling up the DagBag from /opt/airflow/dags/pipeline.py
[2026-05-20T12:02:17.439+0000] {processor.py:925} INFO - DAG(s) 'lastfm_pipeline' retrieved from /opt/airflow/dags/pipeline.py
[2026-05-20T12:02:17.666+0000] {logging_mixin.py:190} INFO - [2026-05-20T12:02:17.663+0000] {override.py:1930} INFO - Created Permission View: can read on DAG:lastfm_pipeline
[2026-05-20T12:02:17.672+0000] {logging_mixin.py:190} INFO - [2026-05-20T12:02:17.672+0000] {override.py:1930} INFO - Created Permission View: can delete on DAG:lastfm_pipeline
[2026-05-20T12:02:17.677+0000] {logging_mixin.py:190} INFO - [2026-05-20T12:02:17.676+0000] {override.py:1930} INFO - Created Permission View: can edit on DAG:lastfm_pipeline
[2026-05-20T12:02:17.681+0000] {logging_mixin.py:190} INFO - [2026-05-20T12:02:17.681+0000] {override.py:1930} INFO - Created Permission View: can read on DAG Run:lastfm_pipeline
[2026-05-20T12:02:17.685+0000] {logging_mixin.py:190} INFO - [2026-05-20T12:02:17.685+0000] {override.py:1930} INFO - Created Permission View: can create on DAG Run:lastfm_pipeline
[2026-05-20T12:02:17.689+0000] {logging_mixin.py:190} INFO - [2026-05-20T12:02:17.688+0000] {override.py:1930} INFO - Created Permission View: can delete on DAG Run:lastfm_pipeline
[2026-05-20T12:02:17.693+0000] {logging_mixin.py:190} INFO - [2026-05-20T12:02:17.693+0000] {override.py:1930} INFO - Created Permission View: menu access on DAG Run:lastfm_pipeline
[2026-05-20T12:02:17.693+0000] {logging_mixin.py:190} INFO - [2026-05-20T12:02:17.693+0000] {dag.py:3239} INFO - Sync 1 DAGs
[2026-05-20T12:02:17.704+0000] {logging_mixin.py:190} INFO - [2026-05-20T12:02:17.704+0000] {dag.py:3262} INFO - Creating ORM DAG for lastfm_pipeline
[2026-05-20T12:02:17.713+0000] {logging_mixin.py:190} INFO - [2026-05-20T12:02:17.713+0000] {dag.py:4180} INFO - Setting next_dagrun for lastfm_pipeline to 2026-05-19 00:00:00+00:00, run_after=2026-05-20 00:00:00+00:00
[2026-05-20T12:02:17.722+0000] {processor.py:208} INFO - Processing /opt/airflow/dags/pipeline.py took 0.324 seconds
[2026-05-20T12:02:47.881+0000] {processor.py:186} INFO - Started process (PID=222) to work on /opt/airflow/dags/pipeline.py
[2026-05-20T12:02:47.881+0000] {processor.py:914} INFO - Processing file /opt/airflow/dags/pipeline.py for tasks to queue
[2026-05-20T12:02:47.883+0000] {logging_mixin.py:190} INFO - [2026-05-20T12:02:47.883+0000] {dagbag.py:588} INFO - Filling up the DagBag from /opt/airflow/dags/pipeline.py
[2026-05-20T12:02:47.905+0000] {processor.py:925} INFO - DAG(s) 'lastfm_pipeline' retrieved from /opt/airflow/dags/pipeline.py
[2026-05-20T12:02:47.934+0000] {logging_mixin.py:190} INFO - [2026-05-20T12:02:47.933+0000] {dag.py:3239} INFO - Sync 1 DAGs
[2026-05-20T12:02:47.958+0000] {logging_mixin.py:190} INFO - [2026-05-20T12:02:47.958+0000] {dag.py:4180} INFO - Setting next_dagrun for lastfm_pipeline to 2026-05-19 00:00:00+00:00, run_after=2026-05-20 00:00:00+00:00
[2026-05-20T12:02:47.973+0000] {processor.py:208} INFO - Processing /opt/airflow/dags/pipeline.py took 0.098 seconds
[2026-05-20T12:03:18.034+0000] {processor.py:186} INFO - Started process (PID=227) to work on /opt/airflow/dags/pipeline.py
[2026-05-20T12:03:18.034+0000] {processor.py:914} INFO - Processing file /opt/airflow/dags/pipeline.py for tasks to queue
[2026-05-20T12:03:18.036+0000] {logging_mixin.py:190} INFO - [2026-05-20T12:03:18.036+0000] {dagbag.py:588} INFO - Filling up the DagBag from /opt/airflow/dags/pipeline.py
[2026-05-20T12:03:18.049+0000] {processor.py:925} INFO - DAG(s) 'lastfm_pipeline' retrieved from /opt/airflow/dags/pipeline.py
[2026-05-20T12:03:18.072+0000] {logging_mixin.py:190} INFO - [2026-05-20T12:03:18.072+0000] {dag.py:3239} INFO - Sync 1 DAGs
[2026-05-20T12:03:18.089+0000] {logging_mixin.py:190} INFO - [2026-05-20T12:03:18.089+0000] {dag.py:4180} INFO - Setting next_dagrun for lastfm_pipeline to 2026-05-19 00:00:00+00:00, run_after=2026-05-20 00:00:00+00:00
[2026-05-20T12:03:18.101+0000] {processor.py:208} INFO - Processing /opt/airflow/dags/pipeline.py took 0.072 seconds
[2026-05-20T12:03:48.197+0000] {processor.py:186} INFO - Started process (PID=232) to work on /opt/airflow/dags/pipeline.py
[2026-05-20T12:03:48.198+0000] {processor.py:914} INFO - Processing file /opt/airflow/dags/pipeline.py for tasks to queue
[2026-05-20T12:03:48.200+0000] {logging_mixin.py:190} INFO - [2026-05-20T12:03:48.200+0000] {dagbag.py:588} INFO - Filling up the DagBag from /opt/airflow/dags/pipeline.py
[2026-05-20T12:03:48.216+0000] {processor.py:925} INFO - DAG(s) 'lastfm_pipeline' retrieved from /opt/airflow/dags/pipeline.py
[2026-05-20T12:03:48.248+0000] {logging_mixin.py:190} INFO - [2026-05-20T12:03:48.247+0000] {dag.py:3239} INFO - Sync 1 DAGs
[2026-05-20T12:03:48.272+0000] {logging_mixin.py:190} INFO - [2026-05-20T12:03:48.272+0000] {dag.py:4180} INFO - Setting next_dagrun for lastfm_pipeline to 2026-05-19 00:00:00+00:00, run_after=2026-05-20 00:00:00+00:00
[2026-05-20T12:03:48.288+0000] {processor.py:208} INFO - Processing /opt/airflow/dags/pipeline.py took 0.096 seconds
[2026-05-20T12:04:18.415+0000] {processor.py:186} INFO - Started process (PID=237) to work on /opt/airflow/dags/pipeline.py
[2026-05-20T12:04:18.416+0000] {processor.py:914} INFO - Processing file /opt/airflow/dags/pipeline.py for tasks to queue
[2026-05-20T12:04:18.418+0000] {logging_mixin.py:190} INFO - [2026-05-20T12:04:18.418+0000] {dagbag.py:588} INFO - Filling up the DagBag from /opt/airflow/dags/pipeline.py
[2026-05-20T12:04:18.436+0000] {processor.py:925} INFO - DAG(s) 'lastfm_pipeline' retrieved from /opt/airflow/dags/pipeline.py
[2026-05-20T12:04:18.462+0000] {logging_mixin.py:190} INFO - [2026-05-20T12:04:18.462+0000] {dag.py:3239} INFO - Sync 1 DAGs
[2026-05-20T12:04:18.490+0000] {logging_mixin.py:190} INFO - [2026-05-20T12:04:18.489+0000] {dag.py:4180} INFO - Setting next_dagrun for lastfm_pipeline to 2026-05-19 00:00:00+00:00, run_after=2026-05-20 00:00:00+00:00
[2026-05-20T12:04:18.504+0000] {processor.py:208} INFO - Processing /opt/airflow/dags/pipeline.py took 0.096 seconds
[2026-05-20T12:04:48.613+0000] {processor.py:186} INFO - Started process (PID=242) to work on /opt/airflow/dags/pipeline.py
[2026-05-20T12:04:48.614+0000] {processor.py:914} INFO - Processing file /opt/airflow/dags/pipeline.py for tasks to queue
[2026-05-20T12:04:48.617+0000] {logging_mixin.py:190} INFO - [2026-05-20T12:04:48.616+0000] {dagbag.py:588} INFO - Filling up the DagBag from /opt/airflow/dags/pipeline.py
[2026-05-20T12:04:48.641+0000] {processor.py:925} INFO - DAG(s) 'lastfm_pipeline' retrieved from /opt/airflow/dags/pipeline.py
[2026-05-20T12:04:48.679+0000] {logging_mixin.py:190} INFO - [2026-05-20T12:04:48.678+0000] {dag.py:3239} INFO - Sync 1 DAGs
[2026-05-20T12:04:48.704+0000] {logging_mixin.py:190} INFO - [2026-05-20T12:04:48.704+0000] {dag.py:4180} INFO - Setting next_dagrun for lastfm_pipeline to 2026-05-19 00:00:00+00:00, run_after=2026-05-20 00:00:00+00:00
[2026-05-20T12:04:48.723+0000] {processor.py:208} INFO - Processing /opt/airflow/dags/pipeline.py took 0.117 seconds
[2026-05-20T12:05:18.805+0000] {processor.py:186} INFO - Started process (PID=247) to work on /opt/airflow/dags/pipeline.py
[2026-05-20T12:05:18.806+0000] {processor.py:914} INFO - Processing file /opt/airflow/dags/pipeline.py for tasks to queue
[2026-05-20T12:05:18.808+0000] {logging_mixin.py:190} INFO - [2026-05-20T12:05:18.807+0000] {dagbag.py:588} INFO - Filling up the DagBag from /opt/airflow/dags/pipeline.py
[2026-05-20T12:05:18.841+0000] {processor.py:925} INFO - DAG(s) 'lastfm_pipeline' retrieved from /opt/airflow/dags/pipeline.py
[2026-05-20T12:05:18.890+0000] {logging_mixin.py:190} INFO - [2026-05-20T12:05:18.889+0000] {dag.py:3239} INFO - Sync 1 DAGs
[2026-05-20T12:05:18.914+0000] {logging_mixin.py:190} INFO - [2026-05-20T12:05:18.914+0000] {dag.py:4180} INFO - Setting next_dagrun for lastfm_pipeline to 2026-05-19 00:00:00+00:00, run_after=2026-05-20 00:00:00+00:00
[2026-05-20T12:05:18.933+0000] {processor.py:208} INFO - Processing /opt/airflow/dags/pipeline.py took 0.137 seconds
[2026-05-20T12:05:49.027+0000] {processor.py:186} INFO - Started process (PID=252) to work on /opt/airflow/dags/pipeline.py
[2026-05-20T12:05:49.028+0000] {processor.py:914} INFO - Processing file /opt/airflow/dags/pipeline.py for tasks to queue
[2026-05-20T12:05:49.031+0000] {logging_mixin.py:190} INFO - [2026-05-20T12:05:49.029+0000] {dagbag.py:588} INFO - Filling up the DagBag from /opt/airflow/dags/pipeline.py
[2026-05-20T12:05:49.060+0000] {processor.py:925} INFO - DAG(s) 'lastfm_pipeline' retrieved from /opt/airflow/dags/pipeline.py
[2026-05-20T12:05:49.112+0000] {logging_mixin.py:190} INFO - [2026-05-20T12:05:49.112+0000] {dag.py:3239} INFO - Sync 1 DAGs
[2026-05-20T12:05:49.137+0000] {logging_mixin.py:190} INFO - [2026-05-20T12:05:49.136+0000] {dag.py:4180} INFO - Setting next_dagrun for lastfm_pipeline to 2026-05-19 00:00:00+00:00, run_after=2026-05-20 00:00:00+00:00
[2026-05-20T12:05:49.154+0000] {processor.py:208} INFO - Processing /opt/airflow/dags/pipeline.py took 0.136 seconds
[2026-05-20T12:06:19.242+0000] {processor.py:186} INFO - Started process (PID=257) to work on /opt/airflow/dags/pipeline.py
[2026-05-20T12:06:19.243+0000] {processor.py:914} INFO - Processing file /opt/airflow/dags/pipeline.py for tasks to queue
[2026-05-20T12:06:19.245+0000] {logging_mixin.py:190} INFO - [2026-05-20T12:06:19.245+0000] {dagbag.py:588} INFO - Filling up the DagBag from /opt/airflow/dags/pipeline.py
[2026-05-20T12:06:19.262+0000] {processor.py:925} INFO - DAG(s) 'lastfm_pipeline' retrieved from /opt/airflow/dags/pipeline.py
[2026-05-20T12:06:19.291+0000] {logging_mixin.py:190} INFO - [2026-05-20T12:06:19.291+0000] {dag.py:3239} INFO - Sync 1 DAGs
[2026-05-20T12:06:19.317+0000] {logging_mixin.py:190} INFO - [2026-05-20T12:06:19.317+0000] {dag.py:4180} INFO - Setting next_dagrun for lastfm_pipeline to 2026-05-19 00:00:00+00:00, run_after=2026-05-20 00:00:00+00:00
[2026-05-20T12:06:19.334+0000] {processor.py:208} INFO - Processing /opt/airflow/dags/pipeline.py took 0.098 seconds
[2026-05-20T12:06:49.455+0000] {processor.py:186} INFO - Started process (PID=262) to work on /opt/airflow/dags/pipeline.py
[2026-05-20T12:06:49.456+0000] {processor.py:914} INFO - Processing file /opt/airflow/dags/pipeline.py for tasks to queue
[2026-05-20T12:06:49.458+0000] {logging_mixin.py:190} INFO - [2026-05-20T12:06:49.458+0000] {dagbag.py:588} INFO - Filling up the DagBag from /opt/airflow/dags/pipeline.py
[2026-05-20T12:06:49.475+0000] {processor.py:925} INFO - DAG(s) 'lastfm_pipeline' retrieved from /opt/airflow/dags/pipeline.py
[2026-05-20T12:06:49.506+0000] {logging_mixin.py:190} INFO - [2026-05-20T12:06:49.506+0000] {dag.py:3239} INFO - Sync 1 DAGs
[2026-05-20T12:06:49.539+0000] {logging_mixin.py:190} INFO - [2026-05-20T12:06:49.539+0000] {dag.py:4180} INFO - Setting next_dagrun for lastfm_pipeline to 2026-05-19 00:00:00+00:00, run_after=2026-05-20 00:00:00+00:00
[2026-05-20T12:06:49.566+0000] {processor.py:208} INFO - Processing /opt/airflow/dags/pipeline.py took 0.117 seconds
[2026-05-20T12:07:19.647+0000] {processor.py:186} INFO - Started process (PID=267) to work on /opt/airflow/dags/pipeline.py
[2026-05-20T12:07:19.650+0000] {processor.py:914} INFO - Processing file /opt/airflow/dags/pipeline.py for tasks to queue
[2026-05-20T12:07:19.654+0000] {logging_mixin.py:190} INFO - [2026-05-20T12:07:19.653+0000] {dagbag.py:588} INFO - Filling up the DagBag from /opt/airflow/dags/pipeline.py
[2026-05-20T12:07:19.670+0000] {processor.py:925} INFO - DAG(s) 'lastfm_pipeline' retrieved from /opt/airflow/dags/pipeline.py
[2026-05-20T12:07:19.703+0000] {logging_mixin.py:190} INFO - [2026-05-20T12:07:19.702+0000] {dag.py:3239} INFO - Sync 1 DAGs
[2026-05-20T12:07:19.729+0000] {logging_mixin.py:190} INFO - [2026-05-20T12:07:19.728+0000] {dag.py:4180} INFO - Setting next_dagrun for lastfm_pipeline to 2026-05-19 00:00:00+00:00, run_after=2026-05-20 00:00:00+00:00
[2026-05-20T12:07:19.744+0000] {processor.py:208} INFO - Processing /opt/airflow/dags/pipeline.py took 0.103 seconds
[2026-05-20T12:07:37.885+0000] {processor.py:186} INFO - Started process (PID=272) to work on /opt/airflow/dags/pipeline.py
[2026-05-20T12:07:37.888+0000] {processor.py:914} INFO - Processing file /opt/airflow/dags/pipeline.py for tasks to queue
[2026-05-20T12:07:37.913+0000] {logging_mixin.py:190} INFO - [2026-05-20T12:07:37.910+0000] {dagbag.py:588} INFO - Filling up the DagBag from /opt/airflow/dags/pipeline.py
[2026-05-20T12:07:37.995+0000] {processor.py:925} INFO - DAG(s) 'lastfm_pipeline' retrieved from /opt/airflow/dags/pipeline.py
[2026-05-20T12:07:38.243+0000] {logging_mixin.py:190} INFO - [2026-05-20T12:07:38.242+0000] {dag.py:3239} INFO - Sync 1 DAGs
[2026-05-20T12:07:38.269+0000] {logging_mixin.py:190} INFO - [2026-05-20T12:07:38.269+0000] {dag.py:4180} INFO - Setting next_dagrun for lastfm_pipeline to 2026-05-20 00:00:00+00:00, run_after=2026-05-21 00:00:00+00:00
[2026-05-20T12:07:38.285+0000] {processor.py:208} INFO - Processing /opt/airflow/dags/pipeline.py took 0.433 seconds
[2026-05-20T12:08:08.457+0000] {processor.py:186} INFO - Started process (PID=280) to work on /opt/airflow/dags/pipeline.py
[2026-05-20T12:08:08.458+0000] {processor.py:914} INFO - Processing file /opt/airflow/dags/pipeline.py for tasks to queue
[2026-05-20T12:08:08.461+0000] {logging_mixin.py:190} INFO - [2026-05-20T12:08:08.460+0000] {dagbag.py:588} INFO - Filling up the DagBag from /opt/airflow/dags/pipeline.py
[2026-05-20T12:08:08.482+0000] {processor.py:925} INFO - DAG(s) 'lastfm_pipeline' retrieved from /opt/airflow/dags/pipeline.py
[2026-05-20T12:08:08.517+0000] {logging_mixin.py:190} INFO - [2026-05-20T12:08:08.516+0000] {dag.py:3239} INFO - Sync 1 DAGs
[2026-05-20T12:08:08.544+0000] {logging_mixin.py:190} INFO - [2026-05-20T12:08:08.543+0000] {dag.py:4180} INFO - Setting next_dagrun for lastfm_pipeline to 2026-05-20 00:00:00+00:00, run_after=2026-05-21 00:00:00+00:00
[2026-05-20T12:08:08.560+0000] {processor.py:208} INFO - Processing /opt/airflow/dags/pipeline.py took 0.111 seconds
[2026-05-20T12:08:38.657+0000] {processor.py:186} INFO - Started process (PID=285) to work on /opt/airflow/dags/pipeline.py
[2026-05-20T12:08:38.659+0000] {processor.py:914} INFO - Processing file /opt/airflow/dags/pipeline.py for tasks to queue
[2026-05-20T12:08:38.670+0000] {logging_mixin.py:190} INFO - [2026-05-20T12:08:38.669+0000] {dagbag.py:588} INFO - Filling up the DagBag from /opt/airflow/dags/pipeline.py
[2026-05-20T12:08:38.734+0000] {processor.py:925} INFO - DAG(s) 'lastfm_pipeline' retrieved from /opt/airflow/dags/pipeline.py
[2026-05-20T12:08:38.806+0000] {logging_mixin.py:190} INFO - [2026-05-20T12:08:38.806+0000] {dag.py:3239} INFO - Sync 1 DAGs
[2026-05-20T12:08:38.834+0000] {logging_mixin.py:190} INFO - [2026-05-20T12:08:38.834+0000] {dag.py:4180} INFO - Setting next_dagrun for lastfm_pipeline to 2026-05-20 00:00:00+00:00, run_after=2026-05-21 00:00:00+00:00
[2026-05-20T12:08:38.850+0000] {processor.py:208} INFO - Processing /opt/airflow/dags/pipeline.py took 0.206 seconds
[2026-05-20T12:09:09.016+0000] {processor.py:186} INFO - Started process (PID=290) to work on /opt/airflow/dags/pipeline.py
[2026-05-20T12:09:09.016+0000] {processor.py:914} INFO - Processing file /opt/airflow/dags/pipeline.py for tasks to queue
[2026-05-20T12:09:09.020+0000] {logging_mixin.py:190} INFO - [2026-05-20T12:09:09.019+0000] {dagbag.py:588} INFO - Filling up the DagBag from /opt/airflow/dags/pipeline.py
[2026-05-20T12:09:09.041+0000] {processor.py:925} INFO - DAG(s) 'lastfm_pipeline' retrieved from /opt/airflow/dags/pipeline.py
[2026-05-20T12:09:09.072+0000] {logging_mixin.py:190} INFO - [2026-05-20T12:09:09.072+0000] {dag.py:3239} INFO - Sync 1 DAGs
[2026-05-20T12:09:09.098+0000] {logging_mixin.py:190} INFO - [2026-05-20T12:09:09.097+0000] {dag.py:4180} INFO - Setting next_dagrun for lastfm_pipeline to 2026-05-20 00:00:00+00:00, run_after=2026-05-21 00:00:00+00:00
[2026-05-20T12:09:09.115+0000] {processor.py:208} INFO - Processing /opt/airflow/dags/pipeline.py took 0.106 seconds
[2026-05-20T12:09:39.180+0000] {processor.py:186} INFO - Started process (PID=295) to work on /opt/airflow/dags/pipeline.py
[2026-05-20T12:09:39.181+0000] {processor.py:914} INFO - Processing file /opt/airflow/dags/pipeline.py for tasks to queue
[2026-05-20T12:09:39.183+0000] {logging_mixin.py:190} INFO - [2026-05-20T12:09:39.183+0000] {dagbag.py:588} INFO - Filling up the DagBag from /opt/airflow/dags/pipeline.py
[2026-05-20T12:09:39.204+0000] {processor.py:925} INFO - DAG(s) 'lastfm_pipeline' retrieved from /opt/airflow/dags/pipeline.py
[2026-05-20T12:09:39.247+0000] {logging_mixin.py:190} INFO - [2026-05-20T12:09:39.246+0000] {dag.py:3239} INFO - Sync 1 DAGs
[2026-05-20T12:09:39.270+0000] {logging_mixin.py:190} INFO - [2026-05-20T12:09:39.270+0000] {dag.py:4180} INFO - Setting next_dagrun for lastfm_pipeline to 2026-05-20 00:00:00+00:00, run_after=2026-05-21 00:00:00+00:00
[2026-05-20T12:09:39.284+0000] {processor.py:208} INFO - Processing /opt/airflow/dags/pipeline.py took 0.111 seconds
[2026-05-20T12:10:09.428+0000] {processor.py:186} INFO - Started process (PID=300) to work on /opt/airflow/dags/pipeline.py
[2026-05-20T12:10:09.429+0000] {processor.py:914} INFO - Processing file /opt/airflow/dags/pipeline.py for tasks to queue
[2026-05-20T12:10:09.433+0000] {logging_mixin.py:190} INFO - [2026-05-20T12:10:09.432+0000] {dagbag.py:588} INFO - Filling up the DagBag from /opt/airflow/dags/pipeline.py
[2026-05-20T12:10:09.463+0000] {processor.py:925} INFO - DAG(s) 'lastfm_pipeline' retrieved from /opt/airflow/dags/pipeline.py
[2026-05-20T12:10:09.516+0000] {logging_mixin.py:190} INFO - [2026-05-20T12:10:09.516+0000] {dag.py:3239} INFO - Sync 1 DAGs
[2026-05-20T12:10:09.544+0000] {logging_mixin.py:190} INFO - [2026-05-20T12:10:09.544+0000] {dag.py:4180} INFO - Setting next_dagrun for lastfm_pipeline to 2026-05-20 00:00:00+00:00, run_after=2026-05-21 00:00:00+00:00
[2026-05-20T12:10:09.560+0000] {processor.py:208} INFO - Processing /opt/airflow/dags/pipeline.py took 0.141 seconds
[2026-05-20T12:10:39.740+0000] {processor.py:186} INFO - Started process (PID=305) to work on /opt/airflow/dags/pipeline.py
[2026-05-20T12:10:39.742+0000] {processor.py:914} INFO - Processing file /opt/airflow/dags/pipeline.py for tasks to queue
[2026-05-20T12:10:39.749+0000] {logging_mixin.py:190} INFO - [2026-05-20T12:10:39.749+0000] {dagbag.py:588} INFO - Filling up the DagBag from /opt/airflow/dags/pipeline.py
[2026-05-20T12:10:39.800+0000] {processor.py:925} INFO - DAG(s) 'lastfm_pipeline' retrieved from /opt/airflow/dags/pipeline.py
[2026-05-20T12:10:39.849+0000] {logging_mixin.py:190} INFO - [2026-05-20T12:10:39.849+0000] {dag.py:3239} INFO - Sync 1 DAGs
[2026-05-20T12:10:39.879+0000] {logging_mixin.py:190} INFO - [2026-05-20T12:10:39.879+0000] {dag.py:4180} INFO - Setting next_dagrun for lastfm_pipeline to 2026-05-20 00:00:00+00:00, run_after=2026-05-21 00:00:00+00:00
[2026-05-20T12:10:39.894+0000] {processor.py:208} INFO - Processing /opt/airflow/dags/pipeline.py took 0.169 seconds
[2026-05-20T12:11:10.065+0000] {processor.py:186} INFO - Started process (PID=310) to work on /opt/airflow/dags/pipeline.py
[2026-05-20T12:11:10.066+0000] {processor.py:914} INFO - Processing file /opt/airflow/dags/pipeline.py for tasks to queue
[2026-05-20T12:11:10.069+0000] {logging_mixin.py:190} INFO - [2026-05-20T12:11:10.068+0000] {dagbag.py:588} INFO - Filling up the DagBag from /opt/airflow/dags/pipeline.py
[2026-05-20T12:11:10.093+0000] {processor.py:925} INFO - DAG(s) 'lastfm_pipeline' retrieved from /opt/airflow/dags/pipeline.py
[2026-05-20T12:11:10.132+0000] {logging_mixin.py:190} INFO - [2026-05-20T12:11:10.132+0000] {dag.py:3239} INFO - Sync 1 DAGs
[2026-05-20T12:11:10.167+0000] {logging_mixin.py:190} INFO - [2026-05-20T12:11:10.167+0000] {dag.py:4180} INFO - Setting next_dagrun for lastfm_pipeline to 2026-05-20 00:00:00+00:00, run_after=2026-05-21 00:00:00+00:00
[2026-05-20T12:11:10.184+0000] {processor.py:208} INFO - Processing /opt/airflow/dags/pipeline.py took 0.138 seconds
[2026-05-20T12:11:40.350+0000] {processor.py:186} INFO - Started process (PID=315) to work on /opt/airflow/dags/pipeline.py
[2026-05-20T12:11:40.351+0000] {processor.py:914} INFO - Processing file /opt/airflow/dags/pipeline.py for tasks to queue
[2026-05-20T12:11:40.353+0000] {logging_mixin.py:190} INFO - [2026-05-20T12:11:40.353+0000] {dagbag.py:588} INFO - Filling up the DagBag from /opt/airflow/dags/pipeline.py
[2026-05-20T12:11:40.370+0000] {processor.py:925} INFO - DAG(s) 'lastfm_pipeline' retrieved from /opt/airflow/dags/pipeline.py
[2026-05-20T12:11:40.396+0000] {logging_mixin.py:190} INFO - [2026-05-20T12:11:40.396+0000] {dag.py:3239} INFO - Sync 1 DAGs
[2026-05-20T12:11:40.415+0000] {logging_mixin.py:190} INFO - [2026-05-20T12:11:40.415+0000] {dag.py:4180} INFO - Setting next_dagrun for lastfm_pipeline to 2026-05-20 00:00:00+00:00, run_after=2026-05-21 00:00:00+00:00
[2026-05-20T12:11:40.427+0000] {processor.py:208} INFO - Processing /opt/airflow/dags/pipeline.py took 0.084 seconds
[2026-05-20T12:12:10.518+0000] {processor.py:186} INFO - Started process (PID=320) to work on /opt/airflow/dags/pipeline.py
[2026-05-20T12:12:10.519+0000] {processor.py:914} INFO - Processing file /opt/airflow/dags/pipeline.py for tasks to queue
[2026-05-20T12:12:10.525+0000] {logging_mixin.py:190} INFO - [2026-05-20T12:12:10.524+0000] {dagbag.py:588} INFO - Filling up the DagBag from /opt/airflow/dags/pipeline.py
[2026-05-20T12:12:10.576+0000] {processor.py:925} INFO - DAG(s) 'lastfm_pipeline' retrieved from /opt/airflow/dags/pipeline.py
[2026-05-20T12:12:10.635+0000] {logging_mixin.py:190} INFO - [2026-05-20T12:12:10.634+0000] {dag.py:3239} INFO - Sync 1 DAGs
[2026-05-20T12:12:10.672+0000] {logging_mixin.py:190} INFO - [2026-05-20T12:12:10.671+0000] {dag.py:4180} INFO - Setting next_dagrun for lastfm_pipeline to 2026-05-20 00:00:00+00:00, run_after=2026-05-21 00:00:00+00:00
[2026-05-20T12:12:10.693+0000] {processor.py:208} INFO - Processing /opt/airflow/dags/pipeline.py took 0.192 seconds
[2026-05-20T12:12:40.864+0000] {processor.py:186} INFO - Started process (PID=325) to work on /opt/airflow/dags/pipeline.py
[2026-05-20T12:12:40.865+0000] {processor.py:914} INFO - Processing file /opt/airflow/dags/pipeline.py for tasks to queue
[2026-05-20T12:12:40.867+0000] {logging_mixin.py:190} INFO - [2026-05-20T12:12:40.867+0000] {dagbag.py:588} INFO - Filling up the DagBag from /opt/airflow/dags/pipeline.py
[2026-05-20T12:12:40.881+0000] {processor.py:925} INFO - DAG(s) 'lastfm_pipeline' retrieved from /opt/airflow/dags/pipeline.py
[2026-05-20T12:12:40.906+0000] {logging_mixin.py:190} INFO - [2026-05-20T12:12:40.906+0000] {dag.py:3239} INFO - Sync 1 DAGs
[2026-05-20T12:12:40.924+0000] {logging_mixin.py:190} INFO - [2026-05-20T12:12:40.924+0000] {dag.py:4180} INFO - Setting next_dagrun for lastfm_pipeline to 2026-05-20 00:00:00+00:00, run_after=2026-05-21 00:00:00+00:00
[2026-05-20T12:12:40.936+0000] {processor.py:208} INFO - Processing /opt/airflow/dags/pipeline.py took 0.080 seconds
[2026-05-20T12:13:11.045+0000] {processor.py:186} INFO - Started process (PID=333) to work on /opt/airflow/dags/pipeline.py
[2026-05-20T12:13:11.047+0000] {processor.py:914} INFO - Processing file /opt/airflow/dags/pipeline.py for tasks to queue
[2026-05-20T12:13:11.055+0000] {logging_mixin.py:190} INFO - [2026-05-20T12:13:11.054+0000] {dagbag.py:588} INFO - Filling up the DagBag from /opt/airflow/dags/pipeline.py
[2026-05-20T12:13:11.082+0000] {processor.py:925} INFO - DAG(s) 'lastfm_pipeline' retrieved from /opt/airflow/dags/pipeline.py
[2026-05-20T12:13:11.118+0000] {logging_mixin.py:190} INFO - [2026-05-20T12:13:11.117+0000] {dag.py:3239} INFO - Sync 1 DAGs
[2026-05-20T12:13:11.146+0000] {logging_mixin.py:190} INFO - [2026-05-20T12:13:11.146+0000] {dag.py:4180} INFO - Setting next_dagrun for lastfm_pipeline to 2026-05-20 00:00:00+00:00, run_after=2026-05-21 00:00:00+00:00
[2026-05-20T12:13:11.164+0000] {processor.py:208} INFO - Processing /opt/airflow/dags/pipeline.py took 0.135 seconds
[2026-05-20T12:13:41.245+0000] {processor.py:186} INFO - Started process (PID=338) to work on /opt/airflow/dags/pipeline.py
[2026-05-20T12:13:41.246+0000] {processor.py:914} INFO - Processing file /opt/airflow/dags/pipeline.py for tasks to queue
[2026-05-20T12:13:41.248+0000] {logging_mixin.py:190} INFO - [2026-05-20T12:13:41.248+0000] {dagbag.py:588} INFO - Filling up the DagBag from /opt/airflow/dags/pipeline.py
[2026-05-20T12:13:41.265+0000] {processor.py:925} INFO - DAG(s) 'lastfm_pipeline' retrieved from /opt/airflow/dags/pipeline.py
[2026-05-20T12:13:41.292+0000] {logging_mixin.py:190} INFO - [2026-05-20T12:13:41.291+0000] {dag.py:3239} INFO - Sync 1 DAGs
[2026-05-20T12:13:41.311+0000] {logging_mixin.py:190} INFO - [2026-05-20T12:13:41.311+0000] {dag.py:4180} INFO - Setting next_dagrun for lastfm_pipeline to 2026-05-20 00:00:00+00:00, run_after=2026-05-21 00:00:00+00:00
[2026-05-20T12:13:41.326+0000] {processor.py:208} INFO - Processing /opt/airflow/dags/pipeline.py took 0.086 seconds
[2026-05-20T12:14:11.461+0000] {processor.py:186} INFO - Started process (PID=343) to work on /opt/airflow/dags/pipeline.py
[2026-05-20T12:14:11.462+0000] {processor.py:914} INFO - Processing file /opt/airflow/dags/pipeline.py for tasks to queue
[2026-05-20T12:14:11.464+0000] {logging_mixin.py:190} INFO - [2026-05-20T12:14:11.464+0000] {dagbag.py:588} INFO - Filling up the DagBag from /opt/airflow/dags/pipeline.py
[2026-05-20T12:14:11.496+0000] {processor.py:925} INFO - DAG(s) 'lastfm_pipeline' retrieved from /opt/airflow/dags/pipeline.py
[2026-05-20T12:14:11.525+0000] {logging_mixin.py:190} INFO - [2026-05-20T12:14:11.525+0000] {dag.py:3239} INFO - Sync 1 DAGs
[2026-05-20T12:14:11.547+0000] {logging_mixin.py:190} INFO - [2026-05-20T12:14:11.547+0000] {dag.py:4180} INFO - Setting next_dagrun for lastfm_pipeline to 2026-05-20 00:00:00+00:00, run_after=2026-05-21 00:00:00+00:00
[2026-05-20T12:14:11.561+0000] {processor.py:208} INFO - Processing /opt/airflow/dags/pipeline.py took 0.107 seconds
[2026-05-20T12:14:41.631+0000] {processor.py:186} INFO - Started process (PID=348) to work on /opt/airflow/dags/pipeline.py
[2026-05-20T12:14:41.632+0000] {processor.py:914} INFO - Processing file /opt/airflow/dags/pipeline.py for tasks to queue
[2026-05-20T12:14:41.636+0000] {logging_mixin.py:190} INFO - [2026-05-20T12:14:41.635+0000] {dagbag.py:588} INFO - Filling up the DagBag from /opt/airflow/dags/pipeline.py
[2026-05-20T12:14:41.664+0000] {processor.py:925} INFO - DAG(s) 'lastfm_pipeline' retrieved from /opt/airflow/dags/pipeline.py
[2026-05-20T12:14:41.710+0000] {logging_mixin.py:190} INFO - [2026-05-20T12:14:41.710+0000] {dag.py:3239} INFO - Sync 1 DAGs
[2026-05-20T12:14:41.735+0000] {logging_mixin.py:190} INFO - [2026-05-20T12:14:41.735+0000] {dag.py:4180} INFO - Setting next_dagrun for lastfm_pipeline to 2026-05-20 00:00:00+00:00, run_after=2026-05-21 00:00:00+00:00
[2026-05-20T12:14:41.751+0000] {processor.py:208} INFO - Processing /opt/airflow/dags/pipeline.py took 0.129 seconds
[2026-05-20T12:15:11.876+0000] {processor.py:186} INFO - Started process (PID=353) to work on /opt/airflow/dags/pipeline.py
[2026-05-20T12:15:11.879+0000] {processor.py:914} INFO - Processing file /opt/airflow/dags/pipeline.py for tasks to queue
[2026-05-20T12:15:11.882+0000] {logging_mixin.py:190} INFO - [2026-05-20T12:15:11.882+0000] {dagbag.py:588} INFO - Filling up the DagBag from /opt/airflow/dags/pipeline.py
[2026-05-20T12:15:11.899+0000] {processor.py:925} INFO - DAG(s) 'lastfm_pipeline' retrieved from /opt/airflow/dags/pipeline.py
[2026-05-20T12:15:11.929+0000] {logging_mixin.py:190} INFO - [2026-05-20T12:15:11.928+0000] {dag.py:3239} INFO - Sync 1 DAGs
[2026-05-20T12:15:11.953+0000] {logging_mixin.py:190} INFO - [2026-05-20T12:15:11.953+0000] {dag.py:4180} INFO - Setting next_dagrun for lastfm_pipeline to 2026-05-20 00:00:00+00:00, run_after=2026-05-21 00:00:00+00:00
[2026-05-20T12:15:11.971+0000] {processor.py:208} INFO - Processing /opt/airflow/dags/pipeline.py took 0.102 seconds
[2026-05-20T12:15:42.079+0000] {processor.py:186} INFO - Started process (PID=358) to work on /opt/airflow/dags/pipeline.py
[2026-05-20T12:15:42.080+0000] {processor.py:914} INFO - Processing file /opt/airflow/dags/pipeline.py for tasks to queue
[2026-05-20T12:15:42.083+0000] {logging_mixin.py:190} INFO - [2026-05-20T12:15:42.082+0000] {dagbag.py:588} INFO - Filling up the DagBag from /opt/airflow/dags/pipeline.py
[2026-05-20T12:15:42.099+0000] {processor.py:925} INFO - DAG(s) 'lastfm_pipeline' retrieved from /opt/airflow/dags/pipeline.py
[2026-05-20T12:15:42.129+0000] {logging_mixin.py:190} INFO - [2026-05-20T12:15:42.128+0000] {dag.py:3239} INFO - Sync 1 DAGs
[2026-05-20T12:15:42.154+0000] {logging_mixin.py:190} INFO - [2026-05-20T12:15:42.154+0000] {dag.py:4180} INFO - Setting next_dagrun for lastfm_pipeline to 2026-05-20 00:00:00+00:00, run_after=2026-05-21 00:00:00+00:00
[2026-05-20T12:15:42.169+0000] {processor.py:208} INFO - Processing /opt/airflow/dags/pipeline.py took 0.097 seconds
[2026-05-20T12:16:12.292+0000] {processor.py:186} INFO - Started process (PID=363) to work on /opt/airflow/dags/pipeline.py
[2026-05-20T12:16:12.294+0000] {processor.py:914} INFO - Processing file /opt/airflow/dags/pipeline.py for tasks to queue
[2026-05-20T12:16:12.297+0000] {logging_mixin.py:190} INFO - [2026-05-20T12:16:12.296+0000] {dagbag.py:588} INFO - Filling up the DagBag from /opt/airflow/dags/pipeline.py
[2026-05-20T12:16:12.314+0000] {processor.py:925} INFO - DAG(s) 'lastfm_pipeline' retrieved from /opt/airflow/dags/pipeline.py
[2026-05-20T12:16:12.342+0000] {logging_mixin.py:190} INFO - [2026-05-20T12:16:12.342+0000] {dag.py:3239} INFO - Sync 1 DAGs
[2026-05-20T12:16:12.369+0000] {logging_mixin.py:190} INFO - [2026-05-20T12:16:12.368+0000] {dag.py:4180} INFO - Setting next_dagrun for lastfm_pipeline to 2026-05-20 00:00:00+00:00, run_after=2026-05-21 00:00:00+00:00
[2026-05-20T12:16:12.385+0000] {processor.py:208} INFO - Processing /opt/airflow/dags/pipeline.py took 0.100 seconds
[2026-05-20T12:16:42.481+0000] {processor.py:186} INFO - Started process (PID=371) to work on /opt/airflow/dags/pipeline.py
[2026-05-20T12:16:42.482+0000] {processor.py:914} INFO - Processing file /opt/airflow/dags/pipeline.py for tasks to queue
[2026-05-20T12:16:42.485+0000] {logging_mixin.py:190} INFO - [2026-05-20T12:16:42.484+0000] {dagbag.py:588} INFO - Filling up the DagBag from /opt/airflow/dags/pipeline.py
[2026-05-20T12:16:42.503+0000] {processor.py:925} INFO - DAG(s) 'lastfm_pipeline' retrieved from /opt/airflow/dags/pipeline.py
[2026-05-20T12:16:42.534+0000] {logging_mixin.py:190} INFO - [2026-05-20T12:16:42.534+0000] {dag.py:3239} INFO - Sync 1 DAGs
[2026-05-20T12:16:42.559+0000] {logging_mixin.py:190} INFO - [2026-05-20T12:16:42.559+0000] {dag.py:4180} INFO - Setting next_dagrun for lastfm_pipeline to 2026-05-20 00:00:00+00:00, run_after=2026-05-21 00:00:00+00:00
[2026-05-20T12:16:42.577+0000] {processor.py:208} INFO - Processing /opt/airflow/dags/pipeline.py took 0.102 seconds
[2026-05-20T12:17:12.694+0000] {processor.py:186} INFO - Started process (PID=376) to work on /opt/airflow/dags/pipeline.py
[2026-05-20T12:17:12.695+0000] {processor.py:914} INFO - Processing file /opt/airflow/dags/pipeline.py for tasks to queue
[2026-05-20T12:17:12.697+0000] {logging_mixin.py:190} INFO - [2026-05-20T12:17:12.697+0000] {dagbag.py:588} INFO - Filling up the DagBag from /opt/airflow/dags/pipeline.py
[2026-05-20T12:17:12.712+0000] {processor.py:925} INFO - DAG(s) 'lastfm_pipeline' retrieved from /opt/airflow/dags/pipeline.py
[2026-05-20T12:17:12.736+0000] {logging_mixin.py:190} INFO - [2026-05-20T12:17:12.736+0000] {dag.py:3239} INFO - Sync 1 DAGs
[2026-05-20T12:17:12.759+0000] {logging_mixin.py:190} INFO - [2026-05-20T12:17:12.758+0000] {dag.py:4180} INFO - Setting next_dagrun for lastfm_pipeline to 2026-05-20 00:00:00+00:00, run_after=2026-05-21 00:00:00+00:00
[2026-05-20T12:17:12.772+0000] {processor.py:208} INFO - Processing /opt/airflow/dags/pipeline.py took 0.083 seconds
[2026-05-20T12:17:42.907+0000] {processor.py:186} INFO - Started process (PID=381) to work on /opt/airflow/dags/pipeline.py
[2026-05-20T12:17:42.908+0000] {processor.py:914} INFO - Processing file /opt/airflow/dags/pipeline.py for tasks to queue
[2026-05-20T12:17:42.911+0000] {logging_mixin.py:190} INFO - [2026-05-20T12:17:42.910+0000] {dagbag.py:588} INFO - Filling up the DagBag from /opt/airflow/dags/pipeline.py
[2026-05-20T12:17:42.933+0000] {processor.py:925} INFO - DAG(s) 'lastfm_pipeline' retrieved from /opt/airflow/dags/pipeline.py
[2026-05-20T12:17:42.964+0000] {logging_mixin.py:190} INFO - [2026-05-20T12:17:42.964+0000] {dag.py:3239} INFO - Sync 1 DAGs
[2026-05-20T12:17:42.990+0000] {logging_mixin.py:190} INFO - [2026-05-20T12:17:42.990+0000] {dag.py:4180} INFO - Setting next_dagrun for lastfm_pipeline to 2026-05-20 00:00:00+00:00, run_after=2026-05-21 00:00:00+00:00
[2026-05-20T12:17:43.007+0000] {processor.py:208} INFO - Processing /opt/airflow/dags/pipeline.py took 0.108 seconds
[2026-05-20T12:18:13.098+0000] {processor.py:186} INFO - Started process (PID=386) to work on /opt/airflow/dags/pipeline.py
[2026-05-20T12:18:13.100+0000] {processor.py:914} INFO - Processing file /opt/airflow/dags/pipeline.py for tasks to queue
[2026-05-20T12:18:13.105+0000] {logging_mixin.py:190} INFO - [2026-05-20T12:18:13.103+0000] {dagbag.py:588} INFO - Filling up the DagBag from /opt/airflow/dags/pipeline.py
[2026-05-20T12:18:13.158+0000] {processor.py:925} INFO - DAG(s) 'lastfm_pipeline' retrieved from /opt/airflow/dags/pipeline.py
[2026-05-20T12:18:13.227+0000] {logging_mixin.py:190} INFO - [2026-05-20T12:18:13.227+0000] {dag.py:3239} INFO - Sync 1 DAGs
[2026-05-20T12:18:13.254+0000] {logging_mixin.py:190} INFO - [2026-05-20T12:18:13.253+0000] {dag.py:4180} INFO - Setting next_dagrun for lastfm_pipeline to 2026-05-20 00:00:00+00:00, run_after=2026-05-21 00:00:00+00:00
[2026-05-20T12:18:13.271+0000] {processor.py:208} INFO - Processing /opt/airflow/dags/pipeline.py took 0.183 seconds
[2026-05-20T12:18:43.354+0000] {processor.py:186} INFO - Started process (PID=391) to work on /opt/airflow/dags/pipeline.py
[2026-05-20T12:18:43.355+0000] {processor.py:914} INFO - Processing file /opt/airflow/dags/pipeline.py for tasks to queue
[2026-05-20T12:18:43.359+0000] {logging_mixin.py:190} INFO - [2026-05-20T12:18:43.358+0000] {dagbag.py:588} INFO - Filling up the DagBag from /opt/airflow/dags/pipeline.py
[2026-05-20T12:18:43.390+0000] {processor.py:925} INFO - DAG(s) 'lastfm_pipeline' retrieved from /opt/airflow/dags/pipeline.py
[2026-05-20T12:18:43.444+0000] {logging_mixin.py:190} INFO - [2026-05-20T12:18:43.443+0000] {dag.py:3239} INFO - Sync 1 DAGs
[2026-05-20T12:18:43.464+0000] {logging_mixin.py:190} INFO - [2026-05-20T12:18:43.464+0000] {dag.py:4180} INFO - Setting next_dagrun for lastfm_pipeline to 2026-05-20 00:00:00+00:00, run_after=2026-05-21 00:00:00+00:00
[2026-05-20T12:18:43.478+0000] {processor.py:208} INFO - Processing /opt/airflow/dags/pipeline.py took 0.135 seconds
[2026-05-20T12:19:10.762+0000] {processor.py:186} INFO - Started process (PID=190) to work on /opt/airflow/dags/pipeline.py
[2026-05-20T12:19:10.762+0000] {processor.py:914} INFO - Processing file /opt/airflow/dags/pipeline.py for tasks to queue
[2026-05-20T12:19:10.764+0000] {logging_mixin.py:190} INFO - [2026-05-20T12:19:10.764+0000] {dagbag.py:588} INFO - Filling up the DagBag from /opt/airflow/dags/pipeline.py
[2026-05-20T12:19:10.775+0000] {processor.py:925} INFO - DAG(s) 'lastfm_pipeline' retrieved from /opt/airflow/dags/pipeline.py
[2026-05-20T12:19:10.795+0000] {logging_mixin.py:190} INFO - [2026-05-20T12:19:10.795+0000] {dag.py:3239} INFO - Sync 1 DAGs
[2026-05-20T12:19:10.812+0000] {logging_mixin.py:190} INFO - [2026-05-20T12:19:10.811+0000] {dag.py:4180} INFO - Setting next_dagrun for lastfm_pipeline to 2026-05-20 00:00:00+00:00, run_after=2026-05-21 00:00:00+00:00
[2026-05-20T12:19:10.824+0000] {processor.py:208} INFO - Processing /opt/airflow/dags/pipeline.py took 0.067 seconds
[2026-05-20T12:19:40.922+0000] {processor.py:186} INFO - Started process (PID=202) to work on /opt/airflow/dags/pipeline.py
[2026-05-20T12:19:40.923+0000] {processor.py:914} INFO - Processing file /opt/airflow/dags/pipeline.py for tasks to queue
[2026-05-20T12:19:40.925+0000] {logging_mixin.py:190} INFO - [2026-05-20T12:19:40.925+0000] {dagbag.py:588} INFO - Filling up the DagBag from /opt/airflow/dags/pipeline.py
[2026-05-20T12:19:40.940+0000] {processor.py:925} INFO - DAG(s) 'lastfm_pipeline' retrieved from /opt/airflow/dags/pipeline.py
[2026-05-20T12:19:40.968+0000] {logging_mixin.py:190} INFO - [2026-05-20T12:19:40.968+0000] {dag.py:3239} INFO - Sync 1 DAGs
[2026-05-20T12:19:40.994+0000] {logging_mixin.py:190} INFO - [2026-05-20T12:19:40.994+0000] {dag.py:4180} INFO - Setting next_dagrun for lastfm_pipeline to 2026-05-20 00:00:00+00:00, run_after=2026-05-21 00:00:00+00:00
[2026-05-20T12:19:41.011+0000] {processor.py:208} INFO - Processing /opt/airflow/dags/pipeline.py took 0.094 seconds
[2026-05-20T12:20:11.117+0000] {processor.py:186} INFO - Started process (PID=207) to work on /opt/airflow/dags/pipeline.py
[2026-05-20T12:20:11.118+0000] {processor.py:914} INFO - Processing file /opt/airflow/dags/pipeline.py for tasks to queue
[2026-05-20T12:20:11.121+0000] {logging_mixin.py:190} INFO - [2026-05-20T12:20:11.120+0000] {dagbag.py:588} INFO - Filling up the DagBag from /opt/airflow/dags/pipeline.py
[2026-05-20T12:20:11.137+0000] {processor.py:925} INFO - DAG(s) 'lastfm_pipeline' retrieved from /opt/airflow/dags/pipeline.py
[2026-05-20T12:20:11.168+0000] {logging_mixin.py:190} INFO - [2026-05-20T12:20:11.168+0000] {dag.py:3239} INFO - Sync 1 DAGs
[2026-05-20T12:20:11.191+0000] {logging_mixin.py:190} INFO - [2026-05-20T12:20:11.191+0000] {dag.py:4180} INFO - Setting next_dagrun for lastfm_pipeline to 2026-05-20 00:00:00+00:00, run_after=2026-05-21 00:00:00+00:00
[2026-05-20T12:20:11.206+0000] {processor.py:208} INFO - Processing /opt/airflow/dags/pipeline.py took 0.094 seconds
[2026-05-20T12:22:13.712+0000] {processor.py:186} INFO - Started process (PID=217) to work on /opt/airflow/dags/pipeline.py
[2026-05-20T12:22:13.713+0000] {processor.py:914} INFO - Processing file /opt/airflow/dags/pipeline.py for tasks to queue
[2026-05-20T12:22:13.715+0000] {logging_mixin.py:190} INFO - [2026-05-20T12:22:13.715+0000] {dagbag.py:588} INFO - Filling up the DagBag from /opt/airflow/dags/pipeline.py
[2026-05-20T12:22:13.744+0000] {processor.py:925} INFO - DAG(s) 'lastfm_pipeline' retrieved from /opt/airflow/dags/pipeline.py
[2026-05-20T12:22:13.968+0000] {logging_mixin.py:190} INFO - [2026-05-20T12:22:13.966+0000] {override.py:1930} INFO - Created Permission View: can read on DAG:lastfm_pipeline
[2026-05-20T12:22:13.975+0000] {logging_mixin.py:190} INFO - [2026-05-20T12:22:13.975+0000] {override.py:1930} INFO - Created Permission View: can delete on DAG:lastfm_pipeline
[2026-05-20T12:22:13.980+0000] {logging_mixin.py:190} INFO - [2026-05-20T12:22:13.980+0000] {override.py:1930} INFO - Created Permission View: can edit on DAG:lastfm_pipeline
[2026-05-20T12:22:13.984+0000] {logging_mixin.py:190} INFO - [2026-05-20T12:22:13.984+0000] {override.py:1930} INFO - Created Permission View: can read on DAG Run:lastfm_pipeline
[2026-05-20T12:22:13.988+0000] {logging_mixin.py:190} INFO - [2026-05-20T12:22:13.988+0000] {override.py:1930} INFO - Created Permission View: menu access on DAG Run:lastfm_pipeline
[2026-05-20T12:22:13.994+0000] {logging_mixin.py:190} INFO - [2026-05-20T12:22:13.994+0000] {override.py:1930} INFO - Created Permission View: can delete on DAG Run:lastfm_pipeline
[2026-05-20T12:22:14.000+0000] {logging_mixin.py:190} INFO - [2026-05-20T12:22:14.000+0000] {override.py:1930} INFO - Created Permission View: can create on DAG Run:lastfm_pipeline
[2026-05-20T12:22:14.001+0000] {logging_mixin.py:190} INFO - [2026-05-20T12:22:14.000+0000] {dag.py:3239} INFO - Sync 1 DAGs
[2026-05-20T12:22:14.011+0000] {logging_mixin.py:190} INFO - [2026-05-20T12:22:14.011+0000] {dag.py:3262} INFO - Creating ORM DAG for lastfm_pipeline
[2026-05-20T12:22:14.021+0000] {logging_mixin.py:190} INFO - [2026-05-20T12:22:14.021+0000] {dag.py:4180} INFO - Setting next_dagrun for lastfm_pipeline to 2026-05-20 00:00:00+00:00, run_after=2026-05-21 00:00:00+00:00
[2026-05-20T12:22:14.034+0000] {processor.py:208} INFO - Processing /opt/airflow/dags/pipeline.py took 0.326 seconds
[2026-05-20T12:22:44.193+0000] {processor.py:186} INFO - Started process (PID=222) to work on /opt/airflow/dags/pipeline.py
[2026-05-20T12:22:44.194+0000] {processor.py:914} INFO - Processing file /opt/airflow/dags/pipeline.py for tasks to queue
[2026-05-20T12:22:44.195+0000] {logging_mixin.py:190} INFO - [2026-05-20T12:22:44.195+0000] {dagbag.py:588} INFO - Filling up the DagBag from /opt/airflow/dags/pipeline.py
[2026-05-20T12:22:44.214+0000] {processor.py:925} INFO - DAG(s) 'lastfm_pipeline' retrieved from /opt/airflow/dags/pipeline.py
[2026-05-20T12:22:44.243+0000] {logging_mixin.py:190} INFO - [2026-05-20T12:22:44.243+0000] {dag.py:3239} INFO - Sync 1 DAGs
[2026-05-20T12:22:44.267+0000] {logging_mixin.py:190} INFO - [2026-05-20T12:22:44.267+0000] {dag.py:4180} INFO - Setting next_dagrun for lastfm_pipeline to 2026-05-20 00:00:00+00:00, run_after=2026-05-21 00:00:00+00:00
[2026-05-20T12:22:44.284+0000] {processor.py:208} INFO - Processing /opt/airflow/dags/pipeline.py took 0.096 seconds
[2026-05-20T12:23:14.347+0000] {processor.py:186} INFO - Started process (PID=227) to work on /opt/airflow/dags/pipeline.py
[2026-05-20T12:23:14.348+0000] {processor.py:914} INFO - Processing file /opt/airflow/dags/pipeline.py for tasks to queue
[2026-05-20T12:23:14.351+0000] {logging_mixin.py:190} INFO - [2026-05-20T12:23:14.350+0000] {dagbag.py:588} INFO - Filling up the DagBag from /opt/airflow/dags/pipeline.py
[2026-05-20T12:23:14.368+0000] {processor.py:925} INFO - DAG(s) 'lastfm_pipeline' retrieved from /opt/airflow/dags/pipeline.py
[2026-05-20T12:23:14.398+0000] {logging_mixin.py:190} INFO - [2026-05-20T12:23:14.398+0000] {dag.py:3239} INFO - Sync 1 DAGs
[2026-05-20T12:23:14.422+0000] {logging_mixin.py:190} INFO - [2026-05-20T12:23:14.422+0000] {dag.py:4180} INFO - Setting next_dagrun for lastfm_pipeline to 2026-05-20 00:00:00+00:00, run_after=2026-05-21 00:00:00+00:00
[2026-05-20T12:23:14.438+0000] {processor.py:208} INFO - Processing /opt/airflow/dags/pipeline.py took 0.096 seconds
[2026-05-20T12:23:44.597+0000] {processor.py:186} INFO - Started process (PID=232) to work on /opt/airflow/dags/pipeline.py
[2026-05-20T12:23:44.598+0000] {processor.py:914} INFO - Processing file /opt/airflow/dags/pipeline.py for tasks to queue
[2026-05-20T12:23:44.601+0000] {logging_mixin.py:190} INFO - [2026-05-20T12:23:44.601+0000] {dagbag.py:588} INFO - Filling up the DagBag from /opt/airflow/dags/pipeline.py
[2026-05-20T12:23:44.615+0000] {processor.py:925} INFO - DAG(s) 'lastfm_pipeline' retrieved from /opt/airflow/dags/pipeline.py
[2026-05-20T12:23:44.644+0000] {logging_mixin.py:190} INFO - [2026-05-20T12:23:44.644+0000] {dag.py:3239} INFO - Sync 1 DAGs
[2026-05-20T12:23:44.668+0000] {logging_mixin.py:190} INFO - [2026-05-20T12:23:44.668+0000] {dag.py:4180} INFO - Setting next_dagrun for lastfm_pipeline to 2026-05-20 00:00:00+00:00, run_after=2026-05-21 00:00:00+00:00
[2026-05-20T12:23:44.687+0000] {processor.py:208} INFO - Processing /opt/airflow/dags/pipeline.py took 0.095 seconds
[2026-05-20T12:24:14.759+0000] {processor.py:186} INFO - Started process (PID=237) to work on /opt/airflow/dags/pipeline.py
[2026-05-20T12:24:14.762+0000] {processor.py:914} INFO - Processing file /opt/airflow/dags/pipeline.py for tasks to queue
[2026-05-20T12:24:14.764+0000] {logging_mixin.py:190} INFO - [2026-05-20T12:24:14.764+0000] {dagbag.py:588} INFO - Filling up the DagBag from /opt/airflow/dags/pipeline.py
[2026-05-20T12:24:14.779+0000] {processor.py:925} INFO - DAG(s) 'lastfm_pipeline' retrieved from /opt/airflow/dags/pipeline.py
[2026-05-20T12:24:14.810+0000] {logging_mixin.py:190} INFO - [2026-05-20T12:24:14.810+0000] {dag.py:3239} INFO - Sync 1 DAGs
[2026-05-20T12:24:14.835+0000] {logging_mixin.py:190} INFO - [2026-05-20T12:24:14.835+0000] {dag.py:4180} INFO - Setting next_dagrun for lastfm_pipeline to 2026-05-20 00:00:00+00:00, run_after=2026-05-21 00:00:00+00:00
[2026-05-20T12:24:14.851+0000] {processor.py:208} INFO - Processing /opt/airflow/dags/pipeline.py took 0.098 seconds
[2026-05-20T12:24:45.008+0000] {processor.py:186} INFO - Started process (PID=242) to work on /opt/airflow/dags/pipeline.py
[2026-05-20T12:24:45.009+0000] {processor.py:914} INFO - Processing file /opt/airflow/dags/pipeline.py for tasks to queue
[2026-05-20T12:24:45.013+0000] {logging_mixin.py:190} INFO - [2026-05-20T12:24:45.011+0000] {dagbag.py:588} INFO - Filling up the DagBag from /opt/airflow/dags/pipeline.py
[2026-05-20T12:24:45.064+0000] {processor.py:925} INFO - DAG(s) 'lastfm_pipeline' retrieved from /opt/airflow/dags/pipeline.py
[2026-05-20T12:24:45.128+0000] {logging_mixin.py:190} INFO - [2026-05-20T12:24:45.128+0000] {dag.py:3239} INFO - Sync 1 DAGs
[2026-05-20T12:24:45.165+0000] {logging_mixin.py:190} INFO - [2026-05-20T12:24:45.165+0000] {dag.py:4180} INFO - Setting next_dagrun for lastfm_pipeline to 2026-05-20 00:00:00+00:00, run_after=2026-05-21 00:00:00+00:00
[2026-05-20T12:24:45.184+0000] {processor.py:208} INFO - Processing /opt/airflow/dags/pipeline.py took 0.183 seconds
[2026-05-20T12:25:15.344+0000] {processor.py:186} INFO - Started process (PID=247) to work on /opt/airflow/dags/pipeline.py
[2026-05-20T12:25:15.345+0000] {processor.py:914} INFO - Processing file /opt/airflow/dags/pipeline.py for tasks to queue
[2026-05-20T12:25:15.347+0000] {logging_mixin.py:190} INFO - [2026-05-20T12:25:15.347+0000] {dagbag.py:588} INFO - Filling up the DagBag from /opt/airflow/dags/pipeline.py
[2026-05-20T12:25:15.364+0000] {processor.py:925} INFO - DAG(s) 'lastfm_pipeline' retrieved from /opt/airflow/dags/pipeline.py
[2026-05-20T12:25:15.392+0000] {logging_mixin.py:190} INFO - [2026-05-20T12:25:15.392+0000] {dag.py:3239} INFO - Sync 1 DAGs
[2026-05-20T12:25:15.418+0000] {logging_mixin.py:190} INFO - [2026-05-20T12:25:15.418+0000] {dag.py:4180} INFO - Setting next_dagrun for lastfm_pipeline to 2026-05-20 00:00:00+00:00, run_after=2026-05-21 00:00:00+00:00
[2026-05-20T12:25:15.435+0000] {processor.py:208} INFO - Processing /opt/airflow/dags/pipeline.py took 0.097 seconds
[2026-05-20T12:25:45.500+0000] {processor.py:186} INFO - Started process (PID=255) to work on /opt/airflow/dags/pipeline.py
[2026-05-20T12:25:45.500+0000] {processor.py:914} INFO - Processing file /opt/airflow/dags/pipeline.py for tasks to queue
[2026-05-20T12:25:45.503+0000] {logging_mixin.py:190} INFO - [2026-05-20T12:25:45.502+0000] {dagbag.py:588} INFO - Filling up the DagBag from /opt/airflow/dags/pipeline.py
[2026-05-20T12:25:45.527+0000] {processor.py:925} INFO - DAG(s) 'lastfm_pipeline' retrieved from /opt/airflow/dags/pipeline.py
[2026-05-20T12:25:45.564+0000] {logging_mixin.py:190} INFO - [2026-05-20T12:25:45.563+0000] {dag.py:3239} INFO - Sync 1 DAGs
[2026-05-20T12:25:45.597+0000] {logging_mixin.py:190} INFO - [2026-05-20T12:25:45.597+0000] {dag.py:4180} INFO - Setting next_dagrun for lastfm_pipeline to 2026-05-20 00:00:00+00:00, run_after=2026-05-21 00:00:00+00:00
[2026-05-20T12:25:45.616+0000] {processor.py:208} INFO - Processing /opt/airflow/dags/pipeline.py took 0.124 seconds
[2026-05-20T12:26:15.748+0000] {processor.py:186} INFO - Started process (PID=260) to work on /opt/airflow/dags/pipeline.py
[2026-05-20T12:26:15.748+0000] {processor.py:914} INFO - Processing file /opt/airflow/dags/pipeline.py for tasks to queue
[2026-05-20T12:26:15.750+0000] {logging_mixin.py:190} INFO - [2026-05-20T12:26:15.750+0000] {dagbag.py:588} INFO - Filling up the DagBag from /opt/airflow/dags/pipeline.py
[2026-05-20T12:26:15.767+0000] {processor.py:925} INFO - DAG(s) 'lastfm_pipeline' retrieved from /opt/airflow/dags/pipeline.py
[2026-05-20T12:26:15.797+0000] {logging_mixin.py:190} INFO - [2026-05-20T12:26:15.797+0000] {dag.py:3239} INFO - Sync 1 DAGs
[2026-05-20T12:26:15.821+0000] {logging_mixin.py:190} INFO - [2026-05-20T12:26:15.821+0000] {dag.py:4180} INFO - Setting next_dagrun for lastfm_pipeline to 2026-05-20 00:00:00+00:00, run_after=2026-05-21 00:00:00+00:00
[2026-05-20T12:26:15.838+0000] {processor.py:208} INFO - Processing /opt/airflow/dags/pipeline.py took 0.096 seconds
[2026-05-20T12:26:45.919+0000] {processor.py:186} INFO - Started process (PID=265) to work on /opt/airflow/dags/pipeline.py
[2026-05-20T12:26:45.921+0000] {processor.py:914} INFO - Processing file /opt/airflow/dags/pipeline.py for tasks to queue
[2026-05-20T12:26:45.923+0000] {logging_mixin.py:190} INFO - [2026-05-20T12:26:45.923+0000] {dagbag.py:588} INFO - Filling up the DagBag from /opt/airflow/dags/pipeline.py
[2026-05-20T12:26:45.940+0000] {processor.py:925} INFO - DAG(s) 'lastfm_pipeline' retrieved from /opt/airflow/dags/pipeline.py
[2026-05-20T12:26:45.969+0000] {logging_mixin.py:190} INFO - [2026-05-20T12:26:45.969+0000] {dag.py:3239} INFO - Sync 1 DAGs
[2026-05-20T12:26:45.994+0000] {logging_mixin.py:190} INFO - [2026-05-20T12:26:45.993+0000] {dag.py:4180} INFO - Setting next_dagrun for lastfm_pipeline to 2026-05-20 00:00:00+00:00, run_after=2026-05-21 00:00:00+00:00
[2026-05-20T12:26:46.010+0000] {processor.py:208} INFO - Processing /opt/airflow/dags/pipeline.py took 0.097 seconds
[2026-05-20T12:27:16.171+0000] {processor.py:186} INFO - Started process (PID=270) to work on /opt/airflow/dags/pipeline.py
[2026-05-20T12:27:16.171+0000] {processor.py:914} INFO - Processing file /opt/airflow/dags/pipeline.py for tasks to queue
[2026-05-20T12:27:16.174+0000] {logging_mixin.py:190} INFO - [2026-05-20T12:27:16.173+0000] {dagbag.py:588} INFO - Filling up the DagBag from /opt/airflow/dags/pipeline.py
[2026-05-20T12:27:16.191+0000] {processor.py:925} INFO - DAG(s) 'lastfm_pipeline' retrieved from /opt/airflow/dags/pipeline.py
[2026-05-20T12:27:16.219+0000] {logging_mixin.py:190} INFO - [2026-05-20T12:27:16.219+0000] {dag.py:3239} INFO - Sync 1 DAGs
[2026-05-20T12:27:16.245+0000] {logging_mixin.py:190} INFO - [2026-05-20T12:27:16.244+0000] {dag.py:4180} INFO - Setting next_dagrun for lastfm_pipeline to 2026-05-20 00:00:00+00:00, run_after=2026-05-21 00:00:00+00:00
[2026-05-20T12:27:16.258+0000] {processor.py:208} INFO - Processing /opt/airflow/dags/pipeline.py took 0.095 seconds
[2026-05-20T12:27:46.323+0000] {processor.py:186} INFO - Started process (PID=275) to work on /opt/airflow/dags/pipeline.py
[2026-05-20T12:27:46.324+0000] {processor.py:914} INFO - Processing file /opt/airflow/dags/pipeline.py for tasks to queue
[2026-05-20T12:27:46.328+0000] {logging_mixin.py:190} INFO - [2026-05-20T12:27:46.328+0000] {dagbag.py:588} INFO - Filling up the DagBag from /opt/airflow/dags/pipeline.py
[2026-05-20T12:27:46.353+0000] {processor.py:925} INFO - DAG(s) 'lastfm_pipeline' retrieved from /opt/airflow/dags/pipeline.py
[2026-05-20T12:27:46.391+0000] {logging_mixin.py:190} INFO - [2026-05-20T12:27:46.390+0000] {dag.py:3239} INFO - Sync 1 DAGs
[2026-05-20T12:27:46.419+0000] {logging_mixin.py:190} INFO - [2026-05-20T12:27:46.419+0000] {dag.py:4180} INFO - Setting next_dagrun for lastfm_pipeline to 2026-05-20 00:00:00+00:00, run_after=2026-05-21 00:00:00+00:00
[2026-05-20T12:27:46.437+0000] {processor.py:208} INFO - Processing /opt/airflow/dags/pipeline.py took 0.123 seconds
[2026-05-20T12:28:16.556+0000] {processor.py:186} INFO - Started process (PID=280) to work on /opt/airflow/dags/pipeline.py
[2026-05-20T12:28:16.557+0000] {processor.py:914} INFO - Processing file /opt/airflow/dags/pipeline.py for tasks to queue
[2026-05-20T12:28:16.559+0000] {logging_mixin.py:190} INFO - [2026-05-20T12:28:16.559+0000] {dagbag.py:588} INFO - Filling up the DagBag from /opt/airflow/dags/pipeline.py
[2026-05-20T12:28:16.573+0000] {processor.py:925} INFO - DAG(s) 'lastfm_pipeline' retrieved from /opt/airflow/dags/pipeline.py
[2026-05-20T12:28:16.594+0000] {logging_mixin.py:190} INFO - [2026-05-20T12:28:16.594+0000] {dag.py:3239} INFO - Sync 1 DAGs
[2026-05-20T12:28:16.613+0000] {logging_mixin.py:190} INFO - [2026-05-20T12:28:16.612+0000] {dag.py:4180} INFO - Setting next_dagrun for lastfm_pipeline to 2026-05-20 00:00:00+00:00, run_after=2026-05-21 00:00:00+00:00
[2026-05-20T12:28:16.624+0000] {processor.py:208} INFO - Processing /opt/airflow/dags/pipeline.py took 0.072 seconds
[2026-05-20T12:28:46.741+0000] {processor.py:186} INFO - Started process (PID=285) to work on /opt/airflow/dags/pipeline.py
[2026-05-20T12:28:46.743+0000] {processor.py:914} INFO - Processing file /opt/airflow/dags/pipeline.py for tasks to queue
[2026-05-20T12:28:46.746+0000] {logging_mixin.py:190} INFO - [2026-05-20T12:28:46.746+0000] {dagbag.py:588} INFO - Filling up the DagBag from /opt/airflow/dags/pipeline.py
[2026-05-20T12:28:46.762+0000] {processor.py:925} INFO - DAG(s) 'lastfm_pipeline' retrieved from /opt/airflow/dags/pipeline.py
[2026-05-20T12:28:46.786+0000] {logging_mixin.py:190} INFO - [2026-05-20T12:28:46.786+0000] {dag.py:3239} INFO - Sync 1 DAGs
[2026-05-20T12:28:46.807+0000] {logging_mixin.py:190} INFO - [2026-05-20T12:28:46.806+0000] {dag.py:4180} INFO - Setting next_dagrun for lastfm_pipeline to 2026-05-20 00:00:00+00:00, run_after=2026-05-21 00:00:00+00:00
[2026-05-20T12:28:46.820+0000] {processor.py:208} INFO - Processing /opt/airflow/dags/pipeline.py took 0.084 seconds
[2026-05-20T12:29:02.551+0000] {processor.py:186} INFO - Started process (PID=190) to work on /opt/airflow/dags/pipeline.py
[2026-05-20T12:29:02.551+0000] {processor.py:914} INFO - Processing file /opt/airflow/dags/pipeline.py for tasks to queue
[2026-05-20T12:29:02.554+0000] {logging_mixin.py:190} INFO - [2026-05-20T12:29:02.554+0000] {dagbag.py:588} INFO - Filling up the DagBag from /opt/airflow/dags/pipeline.py
[2026-05-20T12:29:02.566+0000] {processor.py:925} INFO - DAG(s) 'lastfm_pipeline' retrieved from /opt/airflow/dags/pipeline.py
[2026-05-20T12:29:02.589+0000] {logging_mixin.py:190} INFO - [2026-05-20T12:29:02.589+0000] {dag.py:3239} INFO - Sync 1 DAGs
[2026-05-20T12:29:02.607+0000] {logging_mixin.py:190} INFO - [2026-05-20T12:29:02.607+0000] {dag.py:4180} INFO - Setting next_dagrun for lastfm_pipeline to 2026-05-20 00:00:00+00:00, run_after=2026-05-21 00:00:00+00:00
[2026-05-20T12:29:02.621+0000] {processor.py:208} INFO - Processing /opt/airflow/dags/pipeline.py took 0.074 seconds
[2026-05-20T12:29:32.716+0000] {processor.py:186} INFO - Started process (PID=195) to work on /opt/airflow/dags/pipeline.py
[2026-05-20T12:29:32.716+0000] {processor.py:914} INFO - Processing file /opt/airflow/dags/pipeline.py for tasks to queue
[2026-05-20T12:29:32.719+0000] {logging_mixin.py:190} INFO - [2026-05-20T12:29:32.718+0000] {dagbag.py:588} INFO - Filling up the DagBag from /opt/airflow/dags/pipeline.py
[2026-05-20T12:29:32.749+0000] {processor.py:925} INFO - DAG(s) 'lastfm_pipeline' retrieved from /opt/airflow/dags/pipeline.py
[2026-05-20T12:29:32.790+0000] {logging_mixin.py:190} INFO - [2026-05-20T12:29:32.789+0000] {dag.py:3239} INFO - Sync 1 DAGs
[2026-05-20T12:29:32.821+0000] {logging_mixin.py:190} INFO - [2026-05-20T12:29:32.820+0000] {dag.py:4180} INFO - Setting next_dagrun for lastfm_pipeline to 2026-05-20 00:00:00+00:00, run_after=2026-05-21 00:00:00+00:00
[2026-05-20T12:29:32.835+0000] {processor.py:208} INFO - Processing /opt/airflow/dags/pipeline.py took 0.125 seconds
[2026-05-20T12:30:02.915+0000] {processor.py:186} INFO - Started process (PID=200) to work on /opt/airflow/dags/pipeline.py
[2026-05-20T12:30:02.916+0000] {processor.py:914} INFO - Processing file /opt/airflow/dags/pipeline.py for tasks to queue
[2026-05-20T12:30:02.918+0000] {logging_mixin.py:190} INFO - [2026-05-20T12:30:02.918+0000] {dagbag.py:588} INFO - Filling up the DagBag from /opt/airflow/dags/pipeline.py
[2026-05-20T12:30:02.933+0000] {processor.py:925} INFO - DAG(s) 'lastfm_pipeline' retrieved from /opt/airflow/dags/pipeline.py
[2026-05-20T12:30:02.963+0000] {logging_mixin.py:190} INFO - [2026-05-20T12:30:02.963+0000] {dag.py:3239} INFO - Sync 1 DAGs
[2026-05-20T12:30:02.988+0000] {logging_mixin.py:190} INFO - [2026-05-20T12:30:02.988+0000] {dag.py:4180} INFO - Setting next_dagrun for lastfm_pipeline to 2026-05-20 00:00:00+00:00, run_after=2026-05-21 00:00:00+00:00
[2026-05-20T12:30:03.004+0000] {processor.py:208} INFO - Processing /opt/airflow/dags/pipeline.py took 0.096 seconds
[2026-05-20T12:30:33.134+0000] {processor.py:186} INFO - Started process (PID=205) to work on /opt/airflow/dags/pipeline.py
[2026-05-20T12:30:33.137+0000] {processor.py:914} INFO - Processing file /opt/airflow/dags/pipeline.py for tasks to queue
[2026-05-20T12:30:33.140+0000] {logging_mixin.py:190} INFO - [2026-05-20T12:30:33.139+0000] {dagbag.py:588} INFO - Filling up the DagBag from /opt/airflow/dags/pipeline.py
[2026-05-20T12:30:33.156+0000] {processor.py:925} INFO - DAG(s) 'lastfm_pipeline' retrieved from /opt/airflow/dags/pipeline.py
[2026-05-20T12:30:33.181+0000] {logging_mixin.py:190} INFO - [2026-05-20T12:30:33.181+0000] {dag.py:3239} INFO - Sync 1 DAGs
[2026-05-20T12:30:33.205+0000] {logging_mixin.py:190} INFO - [2026-05-20T12:30:33.205+0000] {dag.py:4180} INFO - Setting next_dagrun for lastfm_pipeline to 2026-05-20 00:00:00+00:00, run_after=2026-05-21 00:00:00+00:00
[2026-05-20T12:30:33.220+0000] {processor.py:208} INFO - Processing /opt/airflow/dags/pipeline.py took 0.091 seconds
[2026-05-20T12:31:03.310+0000] {processor.py:186} INFO - Started process (PID=210) to work on /opt/airflow/dags/pipeline.py
[2026-05-20T12:31:03.311+0000] {processor.py:914} INFO - Processing file /opt/airflow/dags/pipeline.py for tasks to queue
[2026-05-20T12:31:03.314+0000] {logging_mixin.py:190} INFO - [2026-05-20T12:31:03.313+0000] {dagbag.py:588} INFO - Filling up the DagBag from /opt/airflow/dags/pipeline.py
[2026-05-20T12:31:03.357+0000] {processor.py:925} INFO - DAG(s) 'lastfm_pipeline' retrieved from /opt/airflow/dags/pipeline.py
[2026-05-20T12:31:03.405+0000] {logging_mixin.py:190} INFO - [2026-05-20T12:31:03.405+0000] {dag.py:3239} INFO - Sync 1 DAGs
[2026-05-20T12:31:03.445+0000] {logging_mixin.py:190} INFO - [2026-05-20T12:31:03.445+0000] {dag.py:4180} INFO - Setting next_dagrun for lastfm_pipeline to 2026-05-20 00:00:00+00:00, run_after=2026-05-21 00:00:00+00:00
[2026-05-20T12:31:03.467+0000] {processor.py:208} INFO - Processing /opt/airflow/dags/pipeline.py took 0.162 seconds
[2026-05-20T12:31:26.593+0000] {processor.py:186} INFO - Started process (PID=215) to work on /opt/airflow/dags/pipeline.py
[2026-05-20T12:31:26.594+0000] {processor.py:914} INFO - Processing file /opt/airflow/dags/pipeline.py for tasks to queue
[2026-05-20T12:31:26.597+0000] {logging_mixin.py:190} INFO - [2026-05-20T12:31:26.596+0000] {dagbag.py:588} INFO - Filling up the DagBag from /opt/airflow/dags/pipeline.py
[2026-05-20T12:31:26.616+0000] {processor.py:925} INFO - DAG(s) 'lastfm_pipeline' retrieved from /opt/airflow/dags/pipeline.py
[2026-05-20T12:31:26.644+0000] {logging_mixin.py:190} INFO - [2026-05-20T12:31:26.644+0000] {dag.py:3239} INFO - Sync 1 DAGs
[2026-05-20T12:31:26.665+0000] {logging_mixin.py:190} INFO - [2026-05-20T12:31:26.665+0000] {dag.py:4180} INFO - Setting next_dagrun for lastfm_pipeline to 2026-05-20 00:00:00+00:00, run_after=2026-05-21 00:00:00+00:00
[2026-05-20T12:31:26.682+0000] {processor.py:208} INFO - Processing /opt/airflow/dags/pipeline.py took 0.096 seconds
